#Partida,b,c,Descripción,Pto inicial,Pto definitivo,Retenciones,Autorizado,Disponible,Dispuesto,Oblig. recon.
1 0100.120.01.130.00 2024 (3),,,RETRIBUCIONES BASICAS,177185.19,177185.19,,394991.52,-217806.33,394991.52,394991.52
1 0100.120.01.132.00 2024 (13),,,RETRIBUCIONES BASICAS,422442.58,422442.58,,220514.44,201928.14,220514.44,220514.44
1 0100.120.01.133.10 2024 (19),,,RETRIBUCIONES BASICAS,302886.94,302886.94,,116454.9,186432.04,116454.9,116454.9
1 0100.121.99.130.00 2024 (4),,,COMPLEMENTOS VARIOS,302740.38,302740.38,,810760.09,-508019.71,810760.09,810760.09
1 0100.121.99.132.00 2024 (14),,,COMPLEMENTOS VARIOS,719166.65,719166.65,,462122.31,257044.34,462122.31,462122.31
1 0100.121.99.133.10 2024 (20),,,COMPLEMENTOS VARIOS,472286.75,472286.75,,228824.63,243462.12,228824.63,228824.63
1 0100.160.01.130.00 2024 (5),,,SEGURIDAD SOCIAL,153690.37,153690.37,,421225.35,-267534.98,421225.35,421225.35
1 0100.160.01.132.00 2024 (15),,,SEGURIDAD SOCIAL,409614.12,409614.12,,197606.35,212007.77,197606.35,197606.35
1 0100.160.01.133.10 2024 (21),,,SEGURIDAD SOCIAL,275866.12,275866.12,,108085.57,167780.55,108085.57,108085.57
1 0100.160.04.130.00 2024 (6),,,CUOTAS ELKARKIDETZA,9138.84,9138.84,,18301.55,-9162.71,18301.55,18301.55
1 0100.160.04.132.00 2024 (16),,,CUOTAS ELKARKIDETZA,13190.24,13190.24,,10265.57,2924.67,10265.57,10265.57
1 0100.160.04.133.10 2024 (22),,,CUOTAS ELKARKIDETZA,10394.19,10394.19,,7275.52,3118.67,7275.52,7275.52
1 0100.202.01.133.10 2024 (2069),,,ALQUILER EQUIPOS DE RADAR,70000.0,70000.0,,10890.0,59110.0,10890.0,10890.0
1 0100.212.01.132.00 2024 (17),,,MAQUIN/INSTAL/UTILL.MANTTO.,12000.0,12000.0,,5063.88,6936.12,5063.88,3551.88
1 0100.213.01.130.00 2024 (7),,,MATERIAL DE TRANSPORTE,15000.0,15000.0,,6041.14,8958.86,6041.14,6041.14
1 0100.213.02.132.00 2024 (1542),,,RENTING VEHICULOS,50000.0,50000.0,,30547.44,19452.56,30547.44,30547.44
1 0100.221.01.130.00 2024 (2067),,,ENERGIA ELECTRICA.CONSUMO DE ,10000.0,10000.0,,4845.2,5154.8,4845.2,4423.85
1 0100.221.04.130.00 2024 (8),,,COMBUSTIBLES Y CARBURANTES,4000.0,4000.0,,3441.11,558.89,3441.11,2709.06
1 0100.221.05.130.00 2024 (9),,,VESTUARIO,45000.0,45000.0,,37102.29,7897.71,37102.29,37102.29
1 0100.221.99.130.00 2024 (10),,,OTROS SUMINISTROS,16000.0,16000.0,,6037.7,9962.3,6037.7,6037.7
1 0100.224.02.130.00 2024 (11),,,DE VEHICULOS. SEGUROS,3000.0,3000.0,,0.0,3000.0,0.0,0.0
1 0100.226.99.132.00 2024 (1814),,,OTROS GASTOS DIVERSOS,1000.0,1000.0,,31.12,968.88,31.12,31.12
1 0100.226.99.441.10 2024 (2099),,,OTROS TRABAJOS DIVERSOS,16000.0,16000.0,,0.0,16000.0,0.0,0.0
1 0100.227.07.133.10 2024 (2070),,,ESTUDIOS Y TRABAJOS TECNICOS,20000.0,20000.0,,0.0,20000.0,0.0,0.0
1 0100.227.07.441.10 2024 (2706),,,ESTUDIOS Y TRABAJOS TECNICOS,19750.0,19750.0,,0.0,19750.0,0.0,0.0
1 0100.227.08.441.10 2024 (363),,,CONTRATOS TRANSPORTE,275000.0,275000.0,,242922.44,32077.56,242922.44,242922.44
1 0100.227.90.133.10 2024 (2420),,,TRABAJOS EXTERIORES,12000.0,12000.0,,0.0,12000.0,0.0,0.0
1 0100.227.99.133.10 2024 (24),,,OTROS TRABAJOS EXTERIORES. GRUA,125000.0,125000.0,,95480.78,29519.22,95480.78,95480.78
1 0100.230.01.130.00 2024 (12),,,DIETAS/LOCOMOC/TRASLADO ,100.0,100.0,,5857.74,-5757.74,5857.74,5857.74
1 0100.230.01.132.00 2024 (18),,,DIETAS/LOCOMOC/TRASLADO ,100.0,100.0,,930.29,-830.29,930.29,930.29
1 0100.230.01.133.10 2024 (25),,,DIETAS/LOCOMOC/TRASLADO ,100.0,100.0,,904.32,-804.32,904.32,904.32
1 0100.421.03.441.10 2024 (364),,,CONSORC.AUTORID.TERRITOR.TTE ,20000.0,20000.0,,6223.16,13776.84,6223.16,6223.16
1 0100.623.99.132.00 2024 (1816),,,EQUIPOS DE DEFENSA,2500.0,2500.0,,0.0,2500.0,0.0,0.0
1 0100.625.01.130.00 2024 (1282),,,MOBILIARIO,1000.0,1000.0,,0.0,1000.0,0.0,0.0
1 0100.626.01.130.00 2024 (43),,,OTR.EQUIPOS. SISTEMA COMUNIC.,5000.0,5000.0,,4936.8,63.2,4936.8,4936.8
1 0200.120.01.151.00 2024 (32),,,RETRIBUCIONES BASICAS,197667.34,197667.34,,153751.09,43916.25,153751.09,153751.09
1 0200.120.01.172.00 2024 (782),,,RETRIBUCIONES BASICAS,39643.08,39643.08,,23772.18,15870.9,23772.18,23772.18
1 0200.121.99.151.00 2024 (33),,,COMPLEMENTOS VARIOS,288476.92,288476.92,,294684.27,-6207.35,294684.27,292767.63
1 0200.121.99.172.00 2024 (783),,,COMPLEMENTOS VARIOS,46519.7,46519.7,,34194.15,12325.55,34194.15,34194.15
1 0200.131.01.151.00 2024 (2418),,,LABORAL EVENTUAL,0.0,0.0,,24.93,-24.93,24.93,24.93
1 0200.131.01.172.00 2024 (2419),,,LABORAL EVENTUAL,0.0,0.0,,3193.05,-3193.05,3193.05,3193.05
1 0200.160.01.151.00 2024 (35),,,SEGURIDAD SOCIAL,118214.65,118214.65,,109980.96,8233.69,109980.96,109980.96
1 0200.160.01.172.00 2024 (784),,,SEGURIDAD SOCIAL,29764.94,29764.94,,19743.4,10021.54,19743.4,19743.4
1 0200.160.04.151.00 2024 (36),,,CUOTAS ELKARKIDETZA,11139.48,11139.48,,9977.88,1161.6,9977.88,9977.88
1 0200.160.04.172.00 2024 (983),,,CUOTAS ELKARKIDETZA,1591.29,1591.29,,1583.54,7.75,1583.54,1583.54
1 0200.201.01.152.20 2024 (1545),,,EDIFICIOS Y OTRAS CONSTRUCCIONES,6000.0,8174.64,,9258.84,-1084.2,9258.84,8959.17
1 0200.220.01.152.20 2024 (1546),,,ORDINARIO NO INVENTARIABLE,500.0,500.0,,0.0,500.0,0.0,0.0
1 0200.221.01.152.20 2024 (1547),,,ENERGIA ELECTRICA. LOCAL TXONTA,1000.0,1000.0,,0.0,1000.0,0.0,0.0
1 0200.224.01.152.20 2024 (1235),,,SEGUROS,1500.0,1500.0,,0.0,1500.0,0.0,0.0
1 0200.226.99.151.00 2024 (38),,,OTROS GASTOS DIVERSOS. EJECUC.,50000.0,50000.0,,0.0,50000.0,0.0,0.0
1 0200.226.99.172.00 2024 (113),,,OTROS GASTOS DIVERSOS,22500.0,22500.0,,88512.14,-66012.14,88512.14,77385.73
1 0200.227.05.172.00 2024 (2075),,,TERRENOS/B.NATURALES CONVENIO ,1500.0,1500.0,,0.0,1500.0,0.0,0.0
1 0200.227.07.151.00 2024 (39),,,ESTUDIOS Y TRABAJOS TECNICOS,130000.0,55000.0,,1247.86,53752.14,1247.86,1247.86
1 0200.227.07.152.30 2024 (2422),,,INVESTIGACIONESM ESTUDOS Y ,0.0,0.0,,0.0,0.0,0.0,0.0
1 0200.227.07.172.00 2024 (114),,,ESTUD/TRAB.TECNIC.CONTR.CALID.,165000.0,100000.0,,62397.43,37602.57,62397.43,40998.14
1 0200.227.90.151.00 2024 (40),,,TRABAJOS EXTERNOS. ESTUDIOS Y ,20000.0,20000.0,,16308.82,3691.18,16308.82,10863.14
1 0200.227.90.172.00 2024 (1247),,,TRABAJOS EXTERIORES,9736.2,9736.2,,12201.07,-2464.87,12201.07,12201.07
1 0200.227.99.151.00 2024 (41),,,CONTRATOS EXTERNOS. MEDICIONES,1500.0,1500.0,,0.0,1500.0,0.0,0.0
1 0200.227.99.172.00 2024 (115),,,OTROS TRABAJOS EXTERIORES,124828.8,124828.8,,73787.88,51040.92,73787.88,63894.47
1 0200.230.01.151.00 2024 (42),,,DIETAS/LOCOMOC/TRASLADO ,100.0,100.0,,516.62,-416.62,516.62,516.62
1 0200.230.01.172.00 2024 (986),,,"DIETAS, LOCOMOC. Y TRASLADO ",100.0,100.0,,0.0,100.0,0.0,0.0
1 0200.480.01.152.20 2024 (44),,,A FAMILIAS. MANTTO.ASCENSORES ,6000.0,6000.0,,0.0,6000.0,0.0,0.0
1 0200.480.01.152.30 2024 (569),,,A FAMILIAS,0.0,0.0,,0.0,0.0,0.0,0.0
1 0200.481.01.172.00 2024 (2073),,,A INSITUCIONES SIN FINES DE LUCRO,11000.0,11000.0,,9000.0,2000.0,9000.0,0.0
1 0200.481.21.152.20 2024 (845),,,AYUDAS ASOCIAC.CUADRILLAS ,0.0,0.0,,0.0,0.0,0.0,0.0
1 0200.600.01.172.00 2024 (2074),,,INVERSIONES EN TERRENOS,10000.0,10000.0,,0.0,10000.0,0.0,0.0
1 0200.600.04.151.00 2024 (1544),,,ADQUISICIONES DESTINADAS ,500000.0,575000.0,,573288.22,1711.78,544500.0,544500.0
1 0200.601.16.172.00 2024 (987),,,OBRAS VARIAS. MEDIO AMBIENTE,80000.0,80000.0,,37086.5,42913.5,37086.5,37086.5
1 0200.643.01.172.00 2024 (2654),,,"INVESTIGACION, ESTUDIOS Y ",0.0,65000.0,,62121.4,2878.6,62121.4,10442.3
1 0200.771.05.152.20 2024 (1818),,,AYUDAS A LA DEMOLICION DE RUINAS ,40000.0,40000.0,,0.0,40000.0,0.0,0.0
1 0200.780.02.152.20 2024 (45),,,A FAMILIAS. REHAB.,200000.0,200000.0,,199812.59,187.41,199812.59,199812.59
1 0300.120.01.153.20 2024 (46),,,RETRIBUCIONES BASICAS,185575.77,185575.77,,146382.63,39193.14,146382.63,146382.63
1 0300.121.99.153.20 2024 (47),,,COMPLEMENTOS VARIOS,256762.4,256762.4,,263416.5,-6654.1,263416.5,263416.5
1 0300.160.01.153.20 2024 (48),,,SEGURIDAD SOCIAL,111053.74,111053.74,,61482.86,49570.88,61482.86,61482.86
1 0300.160.04.153.20 2024 (49),,,CUOTAS ELKARKIDETZA,9924.78,9924.78,,7145.95,2778.83,7145.95,7145.95
1 0300.211.01.153.20 2024 (2315),,,EDIFICIOS Y OTRAS CONSTRUCCIONES,41000.0,41000.0,,1482.57,39517.43,1482.57,1482.57
1 0300.230.01.153.20 2024 (50),,,DIETAS/LOCOMOC/TRASLADO ,100.0,100.0,,0.0,100.0,0.0,0.0
1 0300.601.06.153.20 2024 (2649),,,G.V. REHABIL.TORREKUA H.JUBILADO,281199.34,281199.34,,281199.34,0.0,281199.34,4984.17
1 0300.601.08.153.20 2024 (52),,,MEJORA ENTORNOS URBANOS-,4070000.0,4070000.0,,3286308.52,783691.48,3286308.52,1356200.21
1 0300.601.14.153.20 2024 (54),,,OBRAS MENORES,640000.0,640000.0,,282859.03,357140.97,282859.03,228926.04
1 0300.601.20.153.20 2024 (1285),,,OBRAS EN EDIFICIOS MUNICIPALES,410000.0,410000.0,,325673.59,84326.41,325673.59,253059.75
1 0300.601.21.323.00 2024 (198),,,OBRAS MENORES EN CENTROS DE ,100000.0,100000.0,,99833.04,166.96,99833.04,98683.54
1 0300.601.23.153.20 2024 (55),,,ASFALTADOS,100000.0,100000.0,,98406.79,1593.21,98406.79,98406.79
1 0300.601.37.454.00 2024 (369),,,INFRAESTRUCTURA RURAL,365000.0,365000.0,,364591.92,408.08,364591.92,363660.22
1 0300.601.83.153.20 2024 (2423),,,INSTALACION FOTOVOLTAICA ,130000.0,130000.0,,104907.72,25092.28,104907.72,1197.9
1 0300.625.01.153.20 2024 (1548),,,MOBILIARIO,19000.0,19000.0,,750.2,18249.8,750.2,750.2
1 0300.643.01.153.20 2024 (56),,,INVESTIGACIONES/ESTUDIOS Y ,186000.0,186000.0,,100483.3,85516.7,100483.3,35252.2
1 0300.714.02.153.20 2024 (2680),,,COBERTURA TRAZADO FERROVIARIO ,366899.09,366899.09,,366899.09,0.0,0.0,0.0
1 0400.120.01.153.40 2024 (61),,,RETRIBUCIONES BASICAS,112749.35,112749.35,,76597.59,36151.76,76597.59,76597.59
1 0400.120.01.165.00 2024 (91),,,RETRIBUCIONES BASICAS,0.0,0.0,,5905.64,-5905.64,5905.64,5905.64
1 0400.121.99.153.40 2024 (62),,,COMPLEMENTOS VARIOS,170687.36,170687.36,,157672.37,13014.99,157672.37,157672.37
1 0400.121.99.165.00 2024 (92),,,COMPLEMENTOS VARIOS,0.0,0.0,,17005.77,-17005.77,17005.77,17005.77
1 0400.130.03.153.40 2024 (63),,,REMUNERACIONES PERSONAL ,385607.64,385607.64,,349504.73,36102.91,349504.73,349504.73
1 0400.130.03.164.00 2024 (2892),,,REMUNERACIONES PERSONAL ,0.0,0.0,,6652.26,-6652.26,6652.26,6652.26
1 0400.130.03.165.00 2024 (580),,,REMUN.PERSONAL LABORAL FIJO,155244.11,155244.11,,51347.29,103896.82,51347.29,51347.29
1 0400.130.03.171.00 2024 (102),,,REMUNERACIONES PERSONAL ,38355.85,38355.85,,141686.83,-103330.98,141686.83,141686.83
1 0400.130.03.323.00 2024 (188),,,REMUNERACIONES PERSONAL ,157454.4,157454.4,,43823.57,113630.83,43823.57,43823.57
1 0400.130.03.920.40 2024 (433),,,REMUNERACIONES PERSONAL ,97604.72,97604.72,,68815.14,28789.58,68815.14,68815.14
1 0400.131.01.153.40 2024 (64),,,LABORAL EVENTUAL,448594.46,448594.46,,648324.21,-199729.75,648324.21,648324.21
1 0400.131.01.164.00 2024 (82),,,LABORAL EVENTUAL,93189.68,93189.68,,80859.41,12330.27,80859.41,80859.41
1 0400.131.01.165.00 2024 (1541),,,LABORAL EVENTUAL,0.0,0.0,,25576.42,-25576.42,25576.42,25576.42
1 0400.131.01.171.00 2024 (103),,,LABORAL EVENTUAL,204270.28,204270.28,,114512.87,89757.41,114512.87,114512.87
1 0400.131.01.323.00 2024 (643),,,LABORAL EVENTUAL,0.0,0.0,,93447.17,-93447.17,93447.17,93447.17
1 0400.131.01.920.40 2024 (811),,,LABORAL EVENTUAL,0.0,0.0,,176027.77,-176027.77,176027.77,176027.77
1 0400.160.01.153.40 2024 (65),,,SEGURIDAD SOCIAL,477585.78,477585.78,,282226.76,195359.02,282226.76,282226.76
1 0400.160.01.164.00 2024 (83),,,SEGURIDAD SOCIAL,35429.04,35429.04,,8749.63,26679.41,8749.63,8749.63
1 0400.160.01.165.00 2024 (94),,,SEGURIDAD SOCIAL,64001.07,64001.07,,19489.52,44511.55,19489.52,19489.52
1 0400.160.01.171.00 2024 (104),,,SEGURIDAD SOCIAL,83035.56,83035.56,,78680.48,4355.08,78680.48,78680.48
1 0400.160.01.323.00 2024 (189),,,SEGURIDAD SOCIAL,55698.14,55698.14,,46261.91,9436.23,46261.91,46261.91
1 0400.160.01.920.40 2024 (434),,,SEGURIDAD SOCIAL,30641.47,30641.47,,63095.69,-32454.22,63095.69,63095.69
1 0400.160.04.153.40 2024 (66),,,CUOTAS ELKARKIDETZA,18953.69,18953.69,,16864.95,2088.74,16864.95,16864.95
1 0400.160.04.164.00 2024 (84),,,CUOTAS ELKARKIDETZA,1091.24,1091.24,,1085.98,5.26,1085.98,1085.98
1 0400.160.04.165.00 2024 (95),,,CUOTAS ELKARKIDETZA,1169.19,1169.19,,1473.83,-304.64,1473.83,1473.83
1 0400.160.04.171.00 2024 (105),,,CUOTAS ELKARKIDETZA,2182.48,2182.48,,2171.96,10.52,2171.96,2171.96
1 0400.160.04.323.00 2024 (190),,,CUOTAS ELKARKIDETZA,3273.72,3273.72,,4343.92,-1070.2,4343.92,4343.92
1 0400.160.04.920.40 2024 (435),,,CUOTAS ELKARKIDETZA,2728.1,2728.1,,2559.81,168.29,2559.81,2559.81
1 0400.210.01.153.40 2024 (67),,,INFRAESTRUCTURA Y BIENES ,190000.0,190000.0,,158114.12,31885.88,158114.12,128576.27
1 0400.210.01.454.00 2024 (367),,,INFRAESTRUCTURA Y BIENES ,73500.0,73500.0,,46322.29,27177.71,46322.29,32794.49
1 0400.211.01.231.50 2024 (2407),,,EDIFICIOS Y OTRAS CONSTRUCCIONES,10000.0,10000.0,,0.0,10000.0,0.0,0.0
1 0400.211.01.231.90 2024 (1776),,,EDIFICIOS Y OTRAS CONSTRUCCIONES,60000.0,45300.0,,2020.98,43279.02,2020.98,1696.18
1 0400.211.01.323.00 2024 (191),,,EDIFIC/OTRAS CONSTRUCCIONES. ,144249.0,144249.0,,103917.7,40331.3,103917.7,79338.12
1 0400.211.01.333.10 2024 (226),,,EDIFICIOS Y OTRAS CONSTRUCCIONES,50000.0,50000.0,,3666.93,46333.07,3666.93,1364.58
1 0400.211.01.333.20 2024 (233),,,EDIFICIOS Y OTRAS CONSTRUCCIONES,25000.0,25000.0,,11437.42,13562.58,11437.42,11437.42
1 0400.211.01.334.50 2024 (1751),,,EDIFICIOS Y OTRAS CONSTRUCCIONES,25000.0,25000.0,,18520.66,6479.34,18520.66,9915.7
1 0400.211.01.920.40 2024 (436),,,EDIFICIOS Y OTRAS CONSTRUCCIONES,99775.18,87469.48,,86392.37,1077.11,86392.37,49609.36
1 0400.212.01.134.00 2024 (28),,,MAQUINARIA/INSTALAC/UTILLAJE. ,566158.39,566158.39,,532287.85,33870.54,532287.85,408168.81
1 0400.212.01.163.00 2024 (77),,,MAQUINARIA/INSTALAC/UTILLAJE,1000.0,1000.0,,0.0,1000.0,0.0,0.0
1 0400.212.01.164.00 2024 (85),,,MAQUIN/INSTAL/UTILLAJE.MANTTO,8559.1,8559.1,,4792.64,3766.46,4792.64,4489.78
1 0400.212.01.165.00 2024 (96),,,MAQUIN/INSTALAC/UTILLAJE.MANTTO,90000.0,90000.0,,67495.32,22504.68,67495.32,62387.72
1 0400.212.01.171.00 2024 (106),,,MAQUINARIA/INSTALAC/UTILLAJE,8500.0,11700.0,,12231.73,-531.73,12231.73,11512.2
1 0400.212.01.231.50 2024 (2408),,,"MAQUINARIA,INSTALACIONES Y ",7183.77,7183.77,,8441.87,-1258.1,8441.87,7630.29
1 0400.212.01.323.00 2024 (192),,,"MAQUINARIA, INSTALACIONES Y ",65113.51,65113.51,,57909.09,7204.42,57909.09,53278.57
1 0400.212.01.333.10 2024 (787),,,"MAQUINARIA, INSTALACIONES Y ",13240.52,13240.52,,17740.97,-4500.45,17740.97,14385.72
1 0400.212.01.333.20 2024 (993),,,"MAQUINARIA, INSTALACIONES Y ",18766.34,18766.34,,15647.58,3118.76,15647.58,12366.15
1 0400.212.01.334.50 2024 (1752),,,"MAQUINARIA, INSTALACIONES Y ",50000.0,50000.0,,41918.31,8081.69,41918.31,39705.67
1 0400.212.01.920.40 2024 (437),,,"MAQUINARIA, INSTALACIONES Y ",62026.82,62026.82,,48350.38,13676.44,48350.38,40925.51
1 0400.213.01.153.40 2024 (68),,,MATERIAL DE TRANSPORTE. ,25000.0,25000.0,,27873.63,-2873.63,27873.63,20541.46
1 0400.215.02.920.40 2024 (2448),,,MTTO. DE APLICACIONES ,15000.0,15000.0,,3630.0,11370.0,3630.0,1452.0
1 0400.221.01.134.00 2024 (29),,,ENERGIA ELECTRICA,130000.0,130000.0,,96003.77,33996.23,96003.77,96003.77
1 0400.221.01.165.00 2024 (97),,,ENERGIA ELECTRICA,421634.0,421634.0,,295692.48,125941.52,295692.48,295692.48
1 0400.221.01.231.50 2024 (2409),,,ENERGIA ELECTRICA,10000.0,10000.0,,3220.61,6779.39,3220.61,3220.61
1 0400.221.01.323.00 2024 (193),,,ENERGIA ELECTRICA,182218.0,182218.0,,102625.54,79592.46,102625.54,102625.54
1 0400.221.01.333.10 2024 (228),,,ENERGIA ELECTRICA,31212.0,31212.0,,15212.0,16000.0,15212.0,13191.33
1 0400.221.01.333.20 2024 (234),,,ENERGIA ELECTRICA,64000.0,64000.0,,63609.53,390.47,63609.53,63609.53
1 0400.221.01.334.50 2024 (1753),,,ENERGIA ELECTRICA.,58500.0,58500.0,,45058.49,13441.51,45058.49,45058.49
1 0400.221.01.920.40 2024 (438),,,ENERGIA ELECTRICA,150000.0,150000.0,,115168.88,34831.12,115168.88,114804.42
1 0400.221.02.920.40 2024 (439),,,AGUA,78000.0,78000.0,,105511.46,-27511.46,105511.46,105511.46
1 0400.221.04.153.40 2024 (69),,,COMBUSTIBLES Y CARBURANTES ,28000.0,28000.0,,21161.86,6838.14,21161.86,17894.14
1 0400.221.04.163.00 2024 (78),,,COMBUSTIBLES Y CARBURANTES,3000.0,3000.0,,0.0,3000.0,0.0,0.0
1 0400.221.04.323.00 2024 (194),,,COMBUSTIBLES Y CARBURANTES,205000.0,205000.0,,136951.4,68048.6,136951.4,64480.62
1 0400.221.04.333.10 2024 (229),,,COMBUSTIBLES Y CARBURANTES,27181.0,27181.0,,15181.0,12000.0,15181.0,12697.62
1 0400.221.04.333.20 2024 (235),,,COMBUSTIBLES Y CARBURANTES,43000.0,43000.0,,27000.0,16000.0,27000.0,23203.69
1 0400.221.04.920.40 2024 (440),,,COMBUSTIBLES Y CARBURANTES,54500.0,54500.0,,21393.45,33106.55,21393.45,13484.2
1 0400.221.05.153.40 2024 (70),,,VESTUARIO,27000.0,24825.36,,17272.26,7553.1,17272.26,17152.6
1 0400.221.05.164.00 2024 (86),,,VESTUARIO,1500.0,1500.0,,1396.16,103.84,1396.16,1396.16
1 0400.221.05.171.00 2024 (432),,,VESTUARIO,4500.0,4500.0,,1614.17,2885.83,1614.17,1614.17
1 0400.221.05.323.00 2024 (195),,,VESTUARIO,2000.0,2000.0,,1721.71,278.29,1721.71,1066.37
1 0400.221.05.334.50 2024 (2406),,,VESTUARO,1000.0,1000.0,,473.43,526.57,473.43,473.43
1 0400.221.05.920.40 2024 (441),,,VESTUARIO,1500.0,1500.0,,970.14,529.86,970.14,970.14
1 0400.221.09.337.10 2024 (2436),,,PRODUCTOS DE LIMPIEZA Y ASEO,1000.0,1000.0,,1148.36,-148.36,1148.36,1148.36
1 0400.221.09.342.14 2024 (2703),,,PRODUCTOS DE LIMPIEZA Y ASEO,12000.0,12000.0,,0.0,12000.0,0.0,0.0
1 0400.221.09.920.40 2024 (442),,,PRODUCTOS DE LIMPIEZA Y ASEO,8500.0,8500.0,,6994.23,1505.77,6994.23,6304.84
1 0400.221.96.153.30 2024 (58),,,MANTENIMIENTO URBANO,184200.0,183909.6,,121803.08,62106.52,121803.08,119161.77
1 0400.221.96.442.00 2024 (365),,,MANTENIMIENTO.MARQUESINAS,2500.0,2500.0,,0.0,2500.0,0.0,0.0
1 0400.221.99.133.20 2024 (26),,,OTROS SUM.,18150.0,29650.0,,27495.72,2154.28,27495.72,25630.08
1 0400.221.99.171.00 2024 (107),,,OTROS SUMINISTROS,76000.0,76000.0,,99723.65,-23723.65,99723.65,89666.36
1 0400.221.99.323.00 2024 (2888),,,OTROS SUMINISTROS,0.0,0.0,,1336.49,-1336.49,1336.49,1273.22
1 0400.222.01.231.50 2024 (2411),,,TELEFONICAS,2000.0,2000.0,,0.0,2000.0,0.0,0.0
1 0400.222.01.334.50 2024 (2435),,,TELEFONICAS,2000.0,2000.0,,0.0,2000.0,0.0,0.0
1 0400.222.01.920.40 2024 (443),,,TELEFONICAS,60000.0,60000.0,,54365.92,5634.08,54365.92,54365.92
1 0400.224.01.920.40 2024 (444),,,DE EDIFICIOS Y LOCALES.SEGUROS,75000.0,75000.0,,62576.24,12423.76,62576.24,62576.24
1 0400.224.02.153.40 2024 (71),,,DE VEHICULOS. SEGUROS,7000.0,7000.0,,6626.0,374.0,6626.0,6626.0
1 0400.225.02.425.00 2024 (339),,,TRIBUTOS DEL TERRITORIO ,3000.0,3000.0,,0.0,3000.0,0.0,0.0
1 0400.226.99.153.40 2024 (72),,,"ENGANCHES/CONS.FESTEJ-FERIAS,",18000.0,18000.0,,20728.64,-2728.64,20728.64,20365.64
1 0400.226.99.165.00 2024 (98),,,OTROS GTOS DIV.INSPECC.ORGAN.,5000.0,5000.0,,387.2,4612.8,387.2,0.0
1 0400.226.99.171.00 2024 (108),,,OTR.GTOS DIV.DESBR.,92029.5,92029.5,,71218.19,20811.31,71218.19,66365.31
1 0400.227.01.134.00 2024 (30),,,LIMPIEZA,249934.51,249934.51,,244744.74,5189.77,244744.74,227930.89
1 0400.227.01.153.30 2024 (59),,,LIMPIEZA,42480.96,42480.96,,51206.72,-8725.76,51206.72,42505.96
1 0400.227.01.163.00 2024 (79),,,LIMPIEZA,205545.0,205545.0,,98790.84,106754.16,98790.84,89501.14
1 0400.227.01.164.00 2024 (87),,,LIMPIEZA. GESTION RESIDUOS,3000.0,3000.0,,2934.6,65.4,2934.6,1294.87
1 0400.227.01.231.50 2024 (2412),,,LIMPIEZA,4000.0,4000.0,,1616.49,2383.51,1616.49,876.34
1 0400.227.01.323.00 2024 (196),,,LIMPIEZA,649998.16,649998.16,,649998.24,-0.08,649998.24,649998.24
1 0400.227.01.333.20 2024 (236),,,LIMPIEZA,251829.24,251829.24,,252004.08,-174.84,252004.08,251829.24
1 0400.227.01.334.50 2024 (1754),,,LIMPIEZA,28000.0,28000.0,,6382.63,21617.37,6382.63,6087.16
1 0400.227.01.337.20 2024 (2687),,,LIMPIEZA,40998.67,40998.67,,0.0,40998.67,0.0,0.0
1 0400.227.01.442.00 2024 (366),,,LIMPIEZA. MARQUESINAS,9827.14,9827.14,,0.0,9827.14,0.0,0.0
1 0400.227.01.920.40 2024 (445),,,LIMPIEZA,55235.14,55235.14,,70191.99,-14956.85,70191.99,69129.51
1 0400.227.07.920.40 2024 (2885),,,ESTUDIOS Y TRABAJOS TECNICOS,0.0,0.0,,1972.3,-1972.3,1972.3,0.0
1 0400.227.99.133.20 2024 (27),,,OTROS TRABAJOS EXTERIORES,98340.2,98340.2,,52804.52,45535.68,52804.52,47228.14
1 0400.227.99.153.40 2024 (248),,,OTROS TRABAJOS EXTERIORES,15000.0,15000.0,,88.0,14912.0,88.0,88.0
1 0400.227.99.171.00 2024 (2072),,,OTROS TRABAJOS EXTERIORES,2129.15,2129.15,,0.0,2129.15,0.0,0.0
1 0400.227.99.311.70 2024 (187),,,OTR.TRAB.EXTER.DESRATIZ/ACTUAC.,27380.0,27670.4,,23208.69,4461.71,23208.69,20513.69
1 0400.230.01.153.40 2024 (73),,,DIETAS/LOCOMOC/TRASLADO ,100.0,100.0,,207.66,-107.66,207.66,207.66
1 0400.230.01.164.00 2024 (88),,,DIETAS/LOCOMOC/TRASLADO ,100.0,100.0,,0.0,100.0,0.0,0.0
1 0400.230.01.165.00 2024 (99),,,DIETAS/LOCOMOC/TRASLADO ,100.0,100.0,,0.0,100.0,0.0,0.0
1 0400.230.01.171.00 2024 (109),,,DIETAS/LOCOMOC/TRASLADO ,100.0,100.0,,8.56,91.44,8.56,8.56
1 0400.230.01.323.00 2024 (197),,,DIETAS/LOCOMOC/TRASLADO ,100.0,100.0,,0.0,100.0,0.0,0.0
1 0400.230.01.920.40 2024 (446),,,DIETAS/LOCOMOC/TRASLADO ,100.0,100.0,,0.0,100.0,0.0,0.0
1 0400.421.01.163.00 2024 (80),,,MANCOMUNIDAD,2026912.9,2026912.9,,2026912.6,0.3,2026912.6,2026912.6
1 0400.422.01.454.00 2024 (368),,,DEBEMEN,41752.34,43379.75,,43379.75,0.0,43379.75,43379.75
1 0400.601.11.171.00 2024 (110),,,MEJORA FUENTES Y JARDINES,50000.0,50000.0,,0.0,50000.0,0.0,0.0
1 0400.601.14.342.12 2024 (2652),,,OBRAS MENORES,75000.0,75000.0,,0.0,75000.0,0.0,0.0
1 0400.601.14.920.40 2024 (1002),,,OBRAS MENORES,125000.0,125000.0,,0.0,125000.0,0.0,0.0
1 0400.601.33.164.00 2024 (428),,,OBRAS MEJORA CEMENTERIO,60000.0,60000.0,,1105.06,58894.94,1105.06,1105.06
1 0400.623.01.153.40 2024 (75),,,MAQUINARIA,5000.0,5000.0,,3034.51,1965.49,3034.51,1245.71
1 0400.623.01.171.00 2024 (111),,,MAQUINARIA,5000.0,5000.0,,4645.19,354.81,4645.19,4645.19
1 0400.623.02.165.00 2024 (100),,,NUEVAS INSTALAC.ALUMBRADO ,0.0,0.0,,0.0,0.0,0.0,0.0
1 0400.623.02.334.50 2024 (2887),,,INSTALACIONES ERREBAL,0.0,20691.0,,20691.0,0.0,20691.0,12305.7
1 0400.623.03.153.40 2024 (2682),,,ELEMENTOS DE TRANPORTE INTERNO,95000.0,95000.0,,0.0,95000.0,0.0,0.0
1 0400.625.08.334.50 2024 (2310),,,ELECTRODOMESTICOS,2000.0,2000.0,,0.0,2000.0,0.0,0.0
1 0400.625.08.920.40 2024 (2314),,,ELECTRODOMESTICOS,1500.0,1500.0,,179.0,1321.0,179.0,179.0
1 0400.629.01.165.00 2024 (101),,,OTRAS INVERS.MEDID.AHORRO ,100000.0,100000.0,,87749.2,12250.8,87749.2,87749.2
1 0400.629.03.153.30 2024 (60),,,EQUIPAMIENTO URBANO,230000.0,230000.0,,39816.99,190183.01,39816.99,39816.99
1 0400.643.01.153.30 2024 (2681),,,"INVESTIGACION, ESTUDIOS Y ",20000.0,20000.0,,0.0,20000.0,0.0,0.0
1 0400.643.01.920.40 2024 (2707),,,"INVESTIGACION, ESTUDIOS Y ",32835.0,32835.0,,7260.0,25575.0,7260.0,0.0
1 0400.721.01.163.00 2024 (2424),,,MANCOMUNIDAD,25980.37,25980.37,,25980.37,0.0,25980.37,25980.37
1 0500.120.01.230.10 2024 (119),,,RETRIBUCIONES BASICAS,232698.6,232698.6,,187656.65,45041.95,187656.65,187656.65
1 0500.120.01.231.10 2024 (1051),,,RETRIBUCIONES BASICAS,0.0,0.0,,12900.82,-12900.82,12900.82,12900.82
1 0500.120.01.231.50 2024 (156),,,RETRIBUCIONES BASICAS,72877.43,72877.43,,60203.6,12673.83,60203.6,60203.6
1 0500.120.01.231.70 2024 (168),,,RETRIBUCIONES BASICAS,13853.72,13853.72,,11857.79,1995.93,11857.79,11857.79
1 0500.120.01.231.80 2024 (175),,,RETRIBUCIONES BASICAS,19305.69,19305.69,,19969.35,-663.66,19969.35,19969.35
1 0500.121.99.230.10 2024 (120),,,COMPLEMENTOS VARIOS,275284.01,275284.01,,289862.38,-14578.37,289862.38,289862.38
1 0500.121.99.231.10 2024 (1052),,,COMPLEMENTOS VARIOS,0.0,0.0,,21884.28,-21884.28,21884.28,21884.28
1 0500.121.99.231.50 2024 (157),,,COMPLEMENTOS VARIOS,76683.56,76683.56,,82340.45,-5656.89,82340.45,82340.45
1 0500.121.99.231.70 2024 (169),,,COMPLEMENTOS VARIOS,19229.94,19229.94,,18627.64,602.3,18627.64,18627.64
1 0500.121.99.231.80 2024 (176),,,COMPLEMENTOS VARIOS,22730.09,22730.09,,26478.71,-3748.62,26478.71,26478.71
1 0500.130.03.231.10 2024 (140),,,REMUNERACIONES PERSONAL ,107029.52,107029.52,,115865.43,-8835.91,115865.43,115865.43
1 0500.130.03.231.50 2024 (2685),,,LABORAL FIJO,29784.85,29784.85,,0.0,29784.85,0.0,0.0
1 0500.131.01.231.10 2024 (141),,,LABORAL EVENTUAL,33372.5,33372.5,,46.1,33326.4,46.1,46.1
1 0500.160.01.230.10 2024 (122),,,SEGURIDAD SOCIAL,136347.45,136347.45,,126470.66,9876.79,126470.66,126470.66
1 0500.160.01.231.10 2024 (142),,,SEGURIDAD SOCIAL,28931.33,28931.33,,39216.96,-10285.63,39216.96,39216.96
1 0500.160.01.231.50 2024 (158),,,SEGURIDAD SOCIAL,54537.25,54537.25,,41822.92,12714.33,41822.92,41822.92
1 0500.160.01.231.70 2024 (170),,,SEGURIDAD SOCIAL,6719.06,6719.06,,6991.45,-272.39,6991.45,6991.45
1 0500.160.01.231.80 2024 (177),,,SEGURIDAD SOCIAL,14563.69,14563.69,,12261.4,2302.29,12261.4,12261.4
1 0500.160.04.230.10 2024 (123),,,CUOTAS ELKARKIDETZA,8843.25,8843.25,,10383.94,-1540.69,10383.94,10383.94
1 0500.160.04.231.10 2024 (143),,,CUOTAS ELKARKIDETZA,3773.78,3773.78,,3755.5,18.28,3755.5,3755.5
1 0500.160.04.231.50 2024 (159),,,CUOTAS ELKARKIDETZA,2655.87,2655.87,,1583.54,1072.33,1583.54,1583.54
1 0500.160.04.231.70 2024 (171),,,CUOTAS ELKARKIDETZA,795.65,795.65,,791.7,3.95,791.7,791.7
1 0500.201.01.231.40 2024 (150),,,EDIFICIOS Y OTRAS CONSTRUCCIONES,15000.0,15000.0,,15028.88,-28.88,15028.88,15028.88
1 0500.201.01.337.10 2024 (310),,,EDIFICIOS Y OTRAS CONSTRUCCIONES,3800.0,3800.0,,18725.28,-14925.28,18725.28,18725.28
1 0500.211.01.231.40 2024 (151),,,EDIFICIOS Y OTRAS CONSTRUCCIONES,5000.0,5000.0,,560.53,4439.47,560.53,433.48
1 0500.211.01.337.10 2024 (311),,,EDIFIC/OTRAS CONSTRUCC.MANTTO.,45000.0,45000.0,,10791.59,34208.41,10791.59,8812.45
1 0500.221.01.231.40 2024 (152),,,ENERGIA ELECTRICA,5000.0,5000.0,,8720.19,-3720.19,8720.19,8720.19
1 0500.221.01.337.10 2024 (312),,,ENERGIA ELECTRICA,30000.0,30000.0,,30610.89,-610.89,30610.89,30610.89
1 0500.221.04.231.40 2024 (153),,,COMBUSTIBLES Y CARBURANTES,500.0,500.0,,75.32,424.68,75.32,75.32
1 0500.221.04.337.10 2024 (313),,,COMBUSTIBLES Y CARBURANTES,20000.0,20000.0,,9016.14,10983.86,9016.14,9016.14
1 0500.221.05.231.10 2024 (144),,,VESTUARIO,500.0,500.0,,330.81,169.19,330.81,330.81
1 0500.221.90.231.50 2024 (1739),,,OTROS SUMINISTROS.ANDREETXE ,25000.0,25000.0,,29104.64,-4104.64,29104.64,29104.64
1 0500.221.99.231.40 2024 (2684),,,OTROS SUMINISTROS,5000.0,5000.0,,0.0,5000.0,0.0,0.0
1 0500.221.99.231.50 2024 (160),,,OTROS SUMINISTROS.PISO MUJER,3000.0,3000.0,,0.0,3000.0,0.0,0.0
1 0500.226.04.230.10 2024 (37),,,JURIDICOS,500.0,500.0,,0.0,500.0,0.0,0.0
1 0500.226.04.337.10 2024 (1760),,,JURIDICOS,1500.0,1500.0,,839.86,660.14,839.86,254.86
1 0500.226.54.230.10 2024 (2027),,,F.EXTRAORD.COVID19.DISPOSITIVO ,200000.0,200000.0,,118717.77,81282.23,118717.77,118717.77
1 0500.226.58.230.10 2024 (124),,,OTROS GASTOS DIVERSOS ,5060.0,5060.0,,917.98,4142.02,917.98,917.98
1 0500.226.64.231.60 2024 (165),,,INTERV.GLOB.C/COLECT.DIFICULT.,125757.6,125757.6,,103140.53,22617.07,103140.53,59564.35
1 0500.226.69.230.10 2024 (126),,,GASTOS IMPREVISTOS,10000.0,10000.0,,1432.76,8567.24,1432.76,1432.76
1 0500.226.96.337.10 2024 (1761),,,O.GASTOS.DIV.DIAG.PLAN INTERV. A ,80000.0,80000.0,,35284.94,44715.06,35284.94,27566.0
1 0500.226.99.230.11 2024 (1734),,,OTROS GASTOS DIVERSOS,5000.0,5000.0,,0.0,5000.0,0.0,0.0
1 0500.226.99.230.20 2024 (1737),,,OTROS GASTOS DIVERSOS,3000.0,3000.0,,0.0,3000.0,0.0,0.0
1 0500.226.99.231.50 2024 (161),,,OTROS GASTOS DIVERSOS,135966.07,135966.07,,110921.53,25044.54,110921.53,108274.73
1 0500.226.99.231.60 2024 (1219),,,OTROS GASTOS DIVERSOS,20000.0,19127.54,,18700.0,427.54,18700.0,18700.0
1 0500.226.99.231.70 2024 (172),,,OTROS GASTOS DIVERSOS,35000.0,35000.0,,31437.25,3562.75,31437.25,27279.25
1 0500.226.99.231.80 2024 (178),,,OTROS GASTOS DIVERSOS,70100.0,70100.0,,57894.51,12205.49,57894.51,56601.81
1 0500.226.99.337.10 2024 (1762),,,OTROS GASTOS DIVERSOS.,5000.0,5000.0,,3000.0,2000.0,3000.0,0.0
1 0500.227.01.231.40 2024 (154),,,LIMPIEZA,5000.0,5000.0,,1125.3,3874.7,1125.3,0.0
1 0500.227.01.231.90 2024 (2079),,,LIMPIEZA,1478.64,1478.64,,1635.96,-157.32,1635.96,1499.63
1 0500.227.04.231.60 2024 (166),,,CONTRATOS SOCIO-CULTURALES.,370000.0,370000.0,,361286.4,8713.6,361286.4,361286.4
1 0500.227.07.230.10 2024 (2683),,,ESTUDIOS Y TRABAJOS TECNICOS,25000.0,25000.0,,18029.0,6971.0,18029.0,18029.0
1 0500.227.07.231.50 2024 (572),,,ESTUDIOS Y TRABAJOS TECNICOS,10000.0,10000.0,,6655.0,3345.0,6655.0,3327.5
1 0500.227.90.231.10 2024 (145),,,TRABAJOS EXTERNOS,1353273.6,1353273.6,,906819.76,446453.84,906819.76,839926.13
1 0500.227.90.231.50 2024 (2429),,,TRABAJOS EXTERNOS,6000.0,6000.0,,2574.0,3426.0,2574.0,2211.0
1 0500.227.99.230.10 2024 (130),,,OTROS TRABAJOS EXTERIORES,515.0,515.0,,0.0,515.0,0.0,0.0
1 0500.227.99.230.11 2024 (2076),,,OTROS TRABAJOS EXTERIORES,15000.0,15000.0,,0.0,15000.0,0.0,0.0
1 0500.227.99.230.20 2024 (136),,,OTROS TRABAJOS EXTERIORES,6497.7,6497.7,,6497.7,0.0,6497.7,5847.93
1 0500.227.99.231.50 2024 (162),,,OTROS TRABAJOS EXTERIORES,412.0,412.0,,0.0,412.0,0.0,0.0
1 0500.230.01.230.10 2024 (131),,,DIETAS/LOCOMOC/TRASLADO ,100.0,100.0,,218.58,-118.58,218.58,218.58
1 0500.230.01.231.10 2024 (146),,,DIETAS/LOCOMOC/TRASLADO ,100.0,100.0,,0.0,100.0,0.0,0.0
1 0500.230.01.231.50 2024 (163),,,DIETAS/LOCOMOC/TRASLADO ,100.0,100.0,,78.53,21.47,78.53,78.53
1 0500.230.01.231.70 2024 (173),,,DIETAS/LOCOMOC/TRASLADO ,100.0,100.0,,26.28,73.72,26.28,26.28
1 0500.230.01.231.80 2024 (179),,,DIETAS/LOCOMOC/TRASLADO ,100.0,100.0,,385.13,-285.13,385.13,385.13
1 0500.422.03.230.11 2024 (1736),,,TRANSF.OTROS MUNICIPIOS DE ,15000.0,15000.0,,8780.48,6219.52,8780.48,8780.48
1 0500.431.03.231.90 2024 (2080),,,O.A.A.RESIDENCIA SAN ANDRES,30000.0,30000.0,,0.0,30000.0,0.0,0.0
1 0500.480.01.230.20 2024 (137),,,A FAMILIAS.ELKARTASUN BEKAK,3000.0,3000.0,,0.0,3000.0,0.0,0.0
1 0500.480.02.231.60 2024 (587),,,A FAM. TRANSPORTE CENTR.,1000.0,1000.0,,500.0,500.0,500.0,226.0
1 0500.480.03.231.30 2024 (148),,,A FAMILIAS.A.E.S.,750000.0,750000.0,,690390.0,59610.0,690390.0,630194.51
1 0500.480.04.231.70 2024 (174),,,A FAMILIAS. DROGADICCION,2500.0,2500.0,,1680.0,820.0,1680.0,1200.0
1 0500.480.06.230.10 2024 (2425),,,A FAMILIAS.AYUDAS ECNOMICAS ,8000.0,8000.0,,0.0,8000.0,0.0,0.0
1 0500.480.14.231.30 2024 (1820),,,A FAMILIAS AYUDAS A ESTUDIANTES ,0.0,0.0,,0.0,0.0,0.0,0.0
1 0500.480.16.231.30 2024 (149),,,SUBV.DESEMPL/PENSION.ESCAS.,150000.0,150000.0,,135600.0,14400.0,135600.0,135600.0
1 0500.480.19.231.30 2024 (571),,,A FAMIL.COBR.RGI ACT.EXTRAES.,30000.0,30000.0,,21926.0,8074.0,21926.0,21926.0
1 0500.481.01.230.10 2024 (133),,,A INSTITUCIONES SIN FINES DE LUCRO,42000.0,42000.0,,28723.0,13277.0,28723.0,0.0
1 0500.481.01.231.50 2024 (164),,,A INSTITUCIONES SIN FINES DE LUCRO,11100.0,11100.0,,6023.16,5076.84,6023.16,6023.16
1 0500.481.07.337.10 2024 (314),,,A INSTITUC.S/FINES LUCRO.HOG.,75000.0,75000.0,,66567.87,8432.13,66567.87,58451.75
1 0500.481.08.230.20 2024 (138),,,TRANSF.A ENTID.COOP.INTERN.AL ,373812.24,373812.24,,373812.24,0.0,373812.24,299049.79
1 0500.481.14.230.20 2024 (1738),,,TRANSFERENCAS A ENTIDADES EIBAR-,4400.0,4400.0,,1580.0,2820.0,1580.0,0.0
1 0500.481.24.230.20 2024 (2077),,,TRANSFERENCIAS A DESASTRES ,6000.0,6000.0,,6000.0,0.0,6000.0,6000.0
1 0500.481.29.230.20 2024 (139),,,TRANSF.A ENTID.PROG.SENSIBILIZ.,25000.0,25000.0,,25000.0,0.0,25000.0,20000.0
1 0500.481.30.230.10 2024 (990),,,TRANSF.A LA CRUZ ROJA. BANCO DE ,40000.0,40000.0,,40000.0,0.0,40000.0,32000.0
1 0500.625.01.231.50 2024 (2650),,,MOBILIARIO,3000.0,3000.0,,0.0,3000.0,0.0,0.0
1 0500.625.01.337.10 2024 (2437),,,MOBILIARIO,4050.0,4050.0,,4025.0,25.0,4025.0,3545.0
1 0500.625.08.231.40 2024 (2427),,,ELECTRODOMESTICOS,700.0,700.0,,0.0,700.0,0.0,0.0
1 0500.626.01.231.60 2024 (2886),,,EQUIPOS PROCESO DE INFORMACION,0.0,872.46,,872.46,0.0,872.46,872.46
1 0600.226.99.324.10 2024 (199),,,OTROS GASTOS DIVERSOS,60000.0,60000.0,,104557.88,-44557.88,104557.88,101628.44
1 0600.227.99.324.10 2024 (200),,,OTROS TRABAJOS EXTERIORES,593120.12,619120.12,,569195.01,49925.11,569195.01,565361.66
1 0600.481.23.326.20 2024 (202),,,A VARIAS INSTITUC.S/FINES LUCRO,15000.0,15000.0,,15000.0,0.0,15000.0,15000.0
1 0700.120.01.326.10 2024 (1531),,,RETRIBUCIONES BASICAS,14905.53,14905.53,,14231.01,674.52,14231.01,14231.01
1 0700.120.01.330.00 2024 (203),,,RETRIBUCIONES BASICAS,81059.44,81059.44,,72658.35,8401.09,72658.35,72658.35
1 0700.120.01.332.10 2024 (211),,,RETRIBUCIONES BASICAS,93515.95,93515.95,,88225.49,5290.46,88225.49,88225.49
1 0700.120.01.333.30 2024 (237),,,RETRIBUCIONES BASICAS,22855.66,22855.66,,28011.11,-5155.45,28011.11,28011.11
1 0700.120.01.334.30 2024 (265),,,RETRIBUCIONES BASICAS,8303.66,8303.66,,24016.08,-15712.42,24016.08,24016.08
1 0700.120.01.337.20 2024 (2438),,,RETRIBUCIOINES BASICAS,19585.43,19585.43,,0.0,19585.43,0.0,0.0
1 0700.121.99.326.10 2024 (1532),,,COMPLEMENTOS VARIOS,18125.0,18125.0,,21889.03,-3764.03,21889.03,21889.03
1 0700.121.99.330.00 2024 (204),,,COMPLEMENTOS VARIOS,118134.38,118134.38,,131871.58,-13737.2,131871.58,131871.58
1 0700.121.99.332.10 2024 (212),,,COMPLEMENTOS VARIOS,133000.99,133000.99,,168445.56,-35444.57,168445.56,168445.56
1 0700.121.99.333.30 2024 (238),,,COMPLEMENTOS VARIOS,32005.35,32005.35,,52250.41,-20245.06,52250.41,52250.41
1 0700.121.99.334.30 2024 (266),,,COMPLEMENTOS VARIOS,10175.58,10175.58,,45964.81,-35789.23,45964.81,45964.81
1 0700.121.99.337.20 2024 (2439),,,COMPLEMENTOS VARIOS,27575.75,27575.75,,0.0,27575.75,0.0,0.0
1 0700.130.03.326.10 2024 (1533),,,REMUNERACIONES PERSONAL ,176927.95,176927.95,,191941.94,-15013.99,191941.94,191941.94
1 0700.130.03.334.30 2024 (267),,,REMUNERACIONES PERSONAL ,34761.65,34761.65,,0.0,34761.65,0.0,0.0
1 0700.131.01.326.10 2024 (1534),,,LABORAL EVENTUAL,201570.57,201570.57,,203508.52,-1937.95,203508.52,203508.52
1 0700.131.01.334.30 2024 (268),,,LABORAL EVENTUAL,40305.3,40305.3,,67564.49,-27259.19,67564.49,67564.49
1 0700.131.01.334.50 2024 (2091),,,LABORAL EVENTUAL,63249.39,63249.39,,0.0,63249.39,0.0,0.0
1 0700.131.01.920.11 2024 (2033),,,LABORAL EVENTUAL,0.0,0.0,,37709.0,-37709.0,37709.0,37709.0
1 0700.160.01.326.10 2024 (1535),,,SEGURIDAD SOCIAL,195144.7,195144.7,,134307.52,60837.18,134307.52,134307.52
1 0700.160.01.330.00 2024 (205),,,SEGURIDAD SOCIAL,50910.28,50910.28,,51282.74,-372.46,51282.74,51282.74
1 0700.160.01.332.10 2024 (214),,,SEGURIDAD SOCIAL,62213.54,62213.54,,55100.3,7113.24,55100.3,55100.3
1 0700.160.01.333.30 2024 (239),,,SEGURIDAD SOCIAL,13602.14,13602.14,,16344.35,-2742.21,16344.35,16344.35
1 0700.160.01.334.30 2024 (269),,,SEGURIDAD SOCIAL,30335.14,30335.14,,39441.39,-9106.25,39441.39,39441.39
1 0700.160.01.334.50 2024 (2093),,,SEGURIDAD SOCIAL,32887.74,32887.74,,0.0,32887.74,0.0,0.0
1 0700.160.01.337.20 2024 (2440),,,SEGURIDAD SOCIAL,12564.69,12564.69,,0.0,12564.69,0.0,0.0
1 0700.160.01.920.11 2024 (2031),,,SEGURIDAD SOCIAL,0.0,0.0,,7477.24,-7477.24,7477.24,7477.24
1 0700.160.04.326.10 2024 (1536),,,ELKARKIDETZA,6365.17,6365.17,,7086.72,-721.55,7086.72,7086.72
1 0700.160.04.330.00 2024 (206),,,CUOTAS ELKARKIDETZA,4003.9,4003.9,,5268.2,-1264.3,5268.2,5268.2
1 0700.160.04.332.10 2024 (215),,,CUOTAS ELKARKIDETZA,4579.27,4579.27,,3456.51,1122.76,3456.51,3456.51
1 0700.160.04.333.30 2024 (240),,,CUOTAS ELKARKIDETZA,1305.55,1305.55,,1675.32,-369.77,1675.32,1675.32
1 0700.160.04.334.30 2024 (270),,,CUOTAS ELKARKIDETZA,1091.24,1091.24,,1434.38,-343.14,1434.38,1434.38
1 0700.160.04.334.50 2024 (2092),,,ELKARKIDETZA,1091.24,1091.24,,0.0,1091.24,0.0,0.0
1 0700.160.04.337.20 2024 (2441),,,ELKARKIDETZA,1305.55,1305.55,,0.0,1305.55,0.0,0.0
1 0700.160.04.920.11 2024 (2032),,,ELKARKIDETZA,0.0,0.0,,1085.98,-1085.98,1085.98,1085.98
1 0700.201.01.337.20 2024 (315),,,EDIFICIOS Y OTRAS CONSTRUCCIONES,2000.0,2000.0,,0.0,2000.0,0.0,0.0
1 0700.202.01.334.40 2024 (279),,,"MAQUINARIA, INSTALACIONES Y ",1500.0,1500.0,,933.1,566.9,933.1,933.1
1 0700.212.01.332.10 2024 (216),,,"MAQUINARIA, INSTALACIONES Y ",4750.0,4750.0,,4592.02,157.98,4592.02,4592.02
1 0700.212.01.337.20 2024 (316),,,"MAQUINARIA, INSTALACIONES Y ",721.0,721.0,,0.0,721.0,0.0,0.0
1 0700.215.02.326.10 2024 (2312),,,APLICACION INFORMATICA,5000.0,5000.0,,2792.44,2207.56,2792.44,2792.44
1 0700.215.02.333.10 2024 (227),,,MANTENIMIENTO DE APLICACIONES,10000.0,10000.0,,13349.1,-3349.1,13349.1,13215.84
1 0700.215.02.334.50 2024 (1755),,,MANTENIMIENTO DE APLICACIONES,8000.0,0.0,,0.0,0.0,0.0,0.0
1 0700.219.01.333.30 2024 (241),,,OTROS MANTENIMIENTOS,8000.0,7578.0,,3856.28,3721.72,3856.28,3856.28
1 0700.220.01.333.30 2024 (242),,,ORDINARIO NO INVENTARIABLE,8000.0,8000.0,,7618.47,381.53,7618.47,7224.58
1 0700.220.02.332.10 2024 (217),,,PRENSA/REVISTAS/LIBROS/OTRAS ,35000.0,35000.0,,31327.79,3672.21,31327.79,27677.17
1 0700.221.09.333.10 2024 (230),,,PRODUCTOS DE LIMPIEZA Y ASEO,2000.0,2000.0,,645.67,1354.33,645.67,645.67
1 0700.221.91.326.10 2024 (1825),,,MATERIAL ESPECIFICO COVID-19,500.0,500.0,,0.0,500.0,0.0,0.0
1 0700.221.91.333.10 2024 (1824),,,MATERIAL ESPECIFICO COVID-19,1000.0,1000.0,,0.0,1000.0,0.0,0.0
1 0700.221.91.334.50 2024 (1826),,,OTROS SUMINISTROS COVID-19,1000.0,0.0,,0.0,0.0,0.0,0.0
1 0700.221.99.326.10 2024 (1741),,,OTROS SUMINISTROS,6000.0,6000.0,,9961.28,-3961.28,9961.28,9773.94
1 0700.221.99.332.10 2024 (218),,,OTROS SUMINISTROS,8000.0,8000.0,,7109.26,890.74,7109.26,6840.42
1 0700.221.99.333.10 2024 (231),,,OTROS SUMINISTROS,5000.0,5000.0,,3849.44,1150.56,3849.44,3849.44
1 0700.221.99.334.30 2024 (271),,,OTROS SUMINISTROS,11000.0,11000.0,,15497.82,-4497.82,15497.82,14521.56
1 0700.221.99.334.50 2024 (1757),,,OTROS SUMINISTROS,15000.0,5000.0,,224.65,4775.35,224.65,224.65
1 0700.221.99.338.00 2024 (324),,,OTROS SUMINISTROS,120000.0,120000.0,,63859.85,56140.15,63859.85,62789.0
1 0700.224.99.326.10 2024 (1742),,,OTROS RIESGOS,4000.0,4000.0,,3432.0,568.0,3432.0,3432.0
1 0700.224.99.334.30 2024 (272),,,OTROS RIESGOS.SEGURO ALUMNOS,3090.0,3090.0,,1143.3,1946.7,1143.3,0.0
1 0700.226.01.326.10 2024 (1743),,,CANONES,900.0,900.0,,0.0,900.0,0.0,0.0
1 0700.226.01.332.10 2024 (1748),,,CANONES,500.0,500.0,,0.0,500.0,0.0,0.0
1 0700.226.01.334.10 2024 (249),,,CANONES,4000.0,4000.0,,8432.33,-4432.33,8432.33,6980.84
1 0700.226.01.334.21 2024 (256),,,CANONES,6500.0,6500.0,,4006.87,2493.13,4006.87,4006.87
1 0700.226.01.334.22 2024 (261),,,CANONES,8000.0,8000.0,,8054.99,-54.99,8054.99,8011.99
1 0700.226.01.334.40 2024 (280),,,CANONES,3000.0,3000.0,,2420.0,580.0,2420.0,1292.61
1 0700.226.01.338.00 2024 (325),,,CANONES S.G.A.E.,22000.0,22000.0,,16940.0,5060.0,16940.0,13021.48
1 0700.226.02.326.10 2024 (1744),,,ATT.,900.0,900.0,,785.4,114.6,785.4,785.4
1 0700.226.02.332.10 2024 (219),,,ATENCIONES ,500.0,500.0,,156.0,344.0,156.0,156.0
1 0700.226.02.334.22 2024 (1293),,,ATENCIONES PROTOCOLARIAS Y ,2600.0,2600.0,,3427.7,-827.7,3427.7,3427.7
1 0700.226.02.338.00 2024 (326),,,ATENCIONES ,7000.0,7000.0,,5265.94,1734.06,5265.94,5265.94
1 0700.226.03.330.00 2024 (208),,,"PUBLICACIONES, PUBLICIDAD Y ",62795.2,62795.2,,72513.48,-9718.28,72513.48,65770.83
1 0700.226.03.332.10 2024 (220),,,"PUBLICACIONES, PUBLICIDAD Y ",500.0,500.0,,352.5,147.5,352.5,352.5
1 0700.226.03.333.30 2024 (243),,,"PUBLICACIONES, PUBLICIDAD Y ",6000.0,6000.0,,1896.4,4103.6,1896.4,1896.4
1 0700.226.03.334.10 2024 (250),,,"PUBLICACIONES, PUBLICIDAD Y ",6000.0,6000.0,,5203.0,797.0,5203.0,4208.16
1 0700.226.03.334.21 2024 (257),,,"PUBLICACIONES, PUBLICIDAD Y ",3800.0,3800.0,,949.85,2850.15,949.85,949.85
1 0700.226.03.334.22 2024 (262),,,"PUBLICACIONES, PUBLICIDAD Y ",22600.0,22600.0,,20798.62,1801.38,20798.62,19588.62
1 0700.226.03.334.30 2024 (273),,,"PUBLICACIONES, PUBLICIDAD Y ",4000.0,4000.0,,4438.53,-438.53,4438.53,3855.31
1 0700.226.03.334.40 2024 (281),,,"PUBLICACIONES, PUBLICIDAD Y ",12000.0,5000.0,,2147.6,2852.4,2147.6,2147.6
1 0700.226.03.338.00 2024 (327),,,"PUBLICACIONES, PUBLICIDAD Y ",13175.0,13175.0,,6839.93,6335.07,6839.93,6839.93
1 0700.226.05.332.10 2024 (221),,,REUNIONES Y CONFERENCIAS,3920.0,3920.0,,1344.0,2576.0,1344.0,1344.0
1 0700.226.05.333.30 2024 (244),,,REUNIONES Y CONFERENCIAS,1000.0,1000.0,,425.6,574.4,425.6,425.6
1 0700.226.05.334.30 2024 (274),,,REUNIONES Y CONFERENCIAS,10600.0,10600.0,,13724.48,-3124.48,13724.48,13377.67
1 0700.226.06.334.10 2024 (2433),,,JARDUERA SOCIOKULTURALAK,100000.0,100000.0,,89014.92,10985.08,89014.92,89014.92
1 0700.226.06.334.30 2024 (275),,,ACTIVIDADES SOCIO-CULTURALES,50500.0,50500.0,,1355.2,49144.8,1355.2,1355.2
1 0700.226.06.337.20 2024 (317),,,ACTIVIDADES SOCIO-CULTURALES,66150.0,66150.0,,63178.38,2971.62,63178.38,52604.8
1 0700.226.06.338.00 2024 (328),,,ACTIVIDADES SOCIO-CULTURALES,155000.0,168000.0,,177042.81,-9042.81,177042.81,174430.45
1 0700.226.81.337.20 2024 (318),,,OTROS GASTOS DIV.OFICINA INFORM.,2000.0,2000.0,,1885.18,114.82,1885.18,1885.18
1 0700.226.92.337.20 2024 (319),,,GASTOS ALBERGUE.COLONIA ARRATE,12000.0,0.0,,0.0,0.0,0.0,0.0
1 0700.226.99.333.30 2024 (488),,,CENTRO INTERPR.GUERRA CIVIL EN ,20000.0,600.0,,537.12,62.88,537.12,537.12
1 0700.227.04.332.10 2024 (222),,,CONTRATOS SOCIO-CULTURALES,24052.8,24052.8,,20334.0,3718.8,20334.0,18576.0
1 0700.227.04.334.10 2024 (251),,,CONTRATOS SOCIO-CULTURALES,50000.0,50000.0,,107708.94,-57708.94,107708.94,106767.34
1 0700.227.04.334.21 2024 (258),,,CONTRATOS SOCIO-CULTURALES,60000.0,60000.0,,43494.15,16505.85,43494.15,43494.15
1 0700.227.04.334.22 2024 (263),,,CONTRATOS SOCIO-CULTURALES,170000.0,164000.0,,164069.8,-69.8,164069.8,164069.8
1 0700.227.04.334.30 2024 (276),,,CONTRATOS SOCIO-CULTURALES,10000.0,10000.0,,11126.5,-1126.5,11126.5,3206.5
1 0700.227.04.334.50 2024 (1758),,,CONTRATOS SOCIO-CULTURALES,65000.0,65000.0,,67460.3,-2460.3,67460.3,66260.3
1 0700.227.04.337.20 2024 (321),,,CONTRATOS SOCIO-CULTURALES,3605.0,3605.0,,0.0,3605.0,0.0,0.0
1 0700.227.04.338.00 2024 (329),,,CONTRATOS SOCIO-CULTURALES,278000.0,380900.0,,428018.93,-47118.93,428018.93,427009.91
1 0700.227.90.326.10 2024 (2430),,,TRABAJOS EXTERIORES,5000.0,5000.0,,1786.5,3213.5,1786.5,1786.5
1 0700.227.90.333.10 2024 (232),,,TRABAJOS EXTERNOS,265000.0,265000.0,,265000.0,0.0,265000.0,242739.95
1 0700.227.90.333.30 2024 (245),,,TRABAJOS EXTERNOS,30000.0,27100.0,,20618.82,6481.18,20618.82,18086.76
1 0700.227.90.334.10 2024 (252),,,CONTRATOS A TAQUILLA,20000.0,20000.0,,0.0,20000.0,0.0,0.0
1 0700.227.90.334.22 2024 (264),,,TRABAJOS EXTERNOS.UNI KULTUR ,10000.0,0.0,,0.0,0.0,0.0,0.0
1 0700.227.90.334.50 2024 (1827),,,TRABAJOS EXTERNOS,40000.0,0.0,,0.0,0.0,0.0,0.0
1 0700.227.90.337.20 2024 (1222),,,TRABAJOS EXTERNOS,76000.0,76000.0,,61761.42,14238.58,61761.42,48164.87
1 0700.227.99.333.30 2024 (246),,,OTROS TRABAJOS EXTERIORES,52000.0,52000.0,,47772.91,4227.09,47772.91,47772.91
1 0700.227.99.334.10 2024 (253),,,OTROS TRAB.EXTERIORES.,111235.97,111235.97,,113726.25,-2490.28,113726.25,113726.25
1 0700.227.99.334.21 2024 (259),,,CONTRATOS A TAQUILLA,25000.0,25000.0,,0.0,25000.0,0.0,0.0
1 0700.227.99.334.40 2024 (815),,,OTROS TRABAJOS EXTERIORES,118000.0,116372.59,,94692.43,21680.16,94692.43,94692.43
1 0700.227.99.337.20 2024 (322),,,OTROS TRABAJOS EXTERIORES,509205.15,509205.15,,398344.25,110860.9,398344.25,395879.15
1 0700.230.01.326.10 2024 (1745),,,"DIETAS, LOCOMOCION /TRASLADO ",100.0,100.0,,0.0,100.0,0.0,0.0
1 0700.230.01.330.00 2024 (209),,,DIETAS/LOCOMOC/TRASLADO ,100.0,100.0,,2155.31,-2055.31,2155.31,2155.31
1 0700.230.01.332.10 2024 (223),,,DIETAS/LOCOMOC/TRASLADO ,100.0,100.0,,11.33,88.67,11.33,11.33
1 0700.230.01.333.30 2024 (247),,,DIETAS/LOCOMOC/TRASLADO ,100.0,100.0,,36.06,63.94,36.06,36.06
1 0700.230.01.334.22 2024 (1294),,,"DIETAS,LOCOMOCION Y TRASLADO",1500.0,1500.0,,130.0,1370.0,130.0,130.0
1 0700.230.01.334.30 2024 (277),,,DIETAS/LOCOMOC/TRASLADO ,100.0,100.0,,0.0,100.0,0.0,0.0
1 0700.230.01.334.50 2024 (1828),,,"DIETAS,LOCOMOCION Y TRASLADO DE ",100.0,100.0,,0.0,100.0,0.0,0.0
1 0700.231.01.337.20 2024 (2442),,,"DIETAS,LOCOMOCION TRASLADO DE ",100.0,100.0,,0.0,100.0,0.0,0.0
1 0700.480.01.334.30 2024 (2101),,,A FAMILIAS CONCURSO CARTELES,4050.0,4050.0,,3200.04,849.96,3200.04,3200.04
1 0700.480.01.334.40 2024 (283),,,A FAMILIAS,9500.0,9500.0,,6795.0,2705.0,6795.0,6795.0
1 0700.480.01.338.00 2024 (330),,,A FAMILIAS.CONCURSO CARTELES ,5600.0,3100.0,,3200.0,-100.0,3200.0,3200.0
1 0700.481.01.330.00 2024 (210),,,A INSTITUCIONES SIN FINES DE LUCRO,61600.0,61600.0,,61600.0,0.0,61600.0,41200.0
1 0700.481.01.332.10 2024 (224),,,A INSTITUCIONES SIN FINES DE LUCRO,2500.0,2500.0,,2500.0,0.0,2500.0,0.0
1 0700.481.01.334.10 2024 (254),,,A INSTITUCIONES SIN FINES DE LUCRO,600.0,600.0,,600.0,0.0,600.0,600.0
1 0700.481.01.334.22 2024 (1295),,,A FAMILIAS,1000.0,1000.0,,0.0,1000.0,0.0,0.0
1 0700.481.01.334.30 2024 (278),,,A INSTITUCIONES SIN FINES DE LUCRO,5737.5,5737.5,,5737.5,0.0,5737.5,1518.75
1 0700.481.01.334.40 2024 (284),,,A INSTITUCIONES SIN FINES DE LUCRO,1350.0,1350.0,,1350.0,0.0,1350.0,0.0
1 0700.481.02.334.21 2024 (260),,,TRANSF.A ENTID.CONV.COLAB.,34000.0,34000.0,,34000.0,0.0,34000.0,30600.0
1 0700.481.02.334.40 2024 (285),,,TRANSF.A ENTID.CONV.COLAB.,5250.0,5250.0,,5250.0,0.0,5250.0,4725.0
1 0700.481.02.337.20 2024 (323),,,TRANSF.A ENTID.CONV.COLAB.,4065.0,4065.0,,4065.0,0.0,4065.0,1452.0
1 0700.481.18.338.00 2024 (331),,,A INSTITUCIONES.COLECTIVOS ,23700.0,14700.0,,14700.0,0.0,14700.0,10593.0
1 0700.601.05.333.30 2024 (2022),,,INVERSION EN EL MUSEO,1000.0,1422.0,,1421.75,0.25,1421.75,1421.75
1 0700.625.01.326.10 2024 (1746),,,MOBILIARIO,2000.0,2000.0,,1898.43,101.57,1898.43,1898.43
1 0700.625.01.334.50 2024 (1829),,,MOBILIARIO,10000.0,10000.0,,4983.99,5016.01,4983.99,4983.99
1 0700.625.01.338.00 2024 (2890),,,MOBILIARIO,0.0,9000.0,,8494.2,505.8,8494.2,0.0
1 0700.625.02.334.50 2024 (1830),,,EQUIPOS DE OFICINA,1500.0,1500.0,,0.0,1500.0,0.0,0.0
1 0700.625.06.326.10 2024 (1747),,,INSTRUMENTOS MUSICALES,8000.0,8000.0,,7686.46,313.54,7686.46,7686.46
1 0700.626.01.326.10 2024 (2086),,,EQUIPOS PARA PROCESO DE LA ,4000.0,4000.0,,2785.9,1214.1,2785.9,2785.9
1 0700.626.01.332.10 2024 (1252),,,EQUIPOS NUEVAS TECNOLOGIAS,1500.0,1500.0,,1037.96,462.04,1037.96,1037.96
1 0700.626.01.333.10 2024 (1749),,,EQUIPOS PROCESOS INFORMACION,5000.0,5000.0,,0.0,5000.0,0.0,0.0
1 0700.629.07.333.30 2024 (1292),,,FONDOS MUSEISTICOS,10000.0,12900.0,,12900.0,0.0,12900.0,12300.0
1 0800.120.01.335.10 2024 (286),,,RETRIBUCIONES BASICAS,73659.21,73659.21,,24908.56,48750.65,24908.56,24908.56
1 0800.120.01.335.20 2024 (298),,,RETRIBUCIONES BASICAS,143604.74,143604.74,,222324.18,-78719.44,222324.18,222324.18
1 0800.121.99.335.10 2024 (287),,,COMPLEMENTOS VARIOS,86683.63,86683.63,,37697.63,48986.0,37697.63,37697.63
1 0800.121.99.335.20 2024 (299),,,COMPLEMENTOS VARIOS,125432.19,125432.19,,272064.3,-146632.11,272064.3,272064.3
1 0800.160.01.335.10 2024 (288),,,SEGURIDAD SOCIAL,40373.45,40373.45,,14886.51,25486.94,14886.51,14886.51
1 0800.160.01.335.20 2024 (300),,,SEGURIDAD SOCIAL,72151.42,72151.42,,134007.35,-61855.93,134007.35,134007.35
1 0800.160.04.335.10 2024 (289),,,CUOTAS ELKARKIDETZA,3182.58,3182.58,,1583.54,1599.04,1583.54,1583.54
1 0800.160.04.335.20 2024 (301),,,CUOTAS ELKARKIDETZA,7670.72,7670.72,,12384.12,-4713.4,12384.12,12384.12
1 0800.211.01.335.20 2024 (302),,,EDIFICIOS Y OTRAS CONSTRUCCIONES,400.0,400.0,,0.0,400.0,0.0,0.0
1 0800.215.01.335.10 2024 (290),,,EQUIPOS PARA PROCESOS DE ,0.0,0.0,,846.69,-846.69,846.69,846.69
1 0800.219.01.335.20 2024 (303),,,OTRO INMOVILIZADO MATERIAL,300.0,300.0,,0.0,300.0,0.0,0.0
1 0800.221.99.335.20 2024 (304),,,OTROS SUMINISTROS,1500.0,1500.0,,1553.16,-53.16,1553.16,1553.16
1 0800.226.03.335.10 2024 (291),,,"PUBLICACIONES, PUBLICIDAD Y ",5000.0,5000.0,,5763.28,-763.28,5763.28,5763.28
1 0800.226.03.335.20 2024 (306),,,"PUBLICACIONES, PUBLICIDAD Y ",4300.0,4300.0,,3398.42,901.58,3398.42,3398.42
1 0800.226.05.335.10 2024 (292),,,REUNIONES Y CONFERENCIAS,300.0,300.0,,0.0,300.0,0.0,0.0
1 0800.226.99.335.10 2024 (2686),,,OTROS GASTOS DIVERSOS,13847.0,13847.0,,13847.0,0.0,13847.0,13847.0
1 0800.226.99.335.20 2024 (307),,,OTROS GASTOS DIVERSOS,3000.0,3000.0,,919.6,2080.4,919.6,919.6
1 0800.227.04.335.10 2024 (293),,,CONTRATOS SOCIO-CULTURALES,138365.0,136745.0,,118073.02,18671.98,118073.02,100220.42
1 0800.227.87.335.10 2024 (573),,,DESARROLLO PLAN ESTRATEG.,48000.0,48000.0,,40194.31,7805.69,40194.31,32326.57
1 0800.230.01.335.10 2024 (294),,,DIETAS/LOCOMOC/TRASLADO ,100.0,100.0,,51.08,48.92,51.08,51.08
1 0800.230.01.335.20 2024 (308),,,DIETAS/LOCOMOC/TRASLADO ,100.0,100.0,,0.0,100.0,0.0,0.0
1 0800.480.01.335.10 2024 (295),,,A FAMILIAS,11000.0,1000.0,,0.0,1000.0,0.0,0.0
1 0800.481.01.335.10 2024 (296),,,A INSTITUCIONES SIN FINES DE LUCRO,4155.0,4155.0,,4155.0,0.0,4155.0,2493.0
1 0800.481.02.335.10 2024 (297),,,TRANSF.A ENTID.CONV.COLAB.,244999.0,256619.0,,255809.0,810.0,255809.0,158619.4
1 0800.771.04.335.10 2024 (1296),,,A EMPRESAS ROTULACION DE ,4250.0,4250.0,,1046.91,3203.09,1046.91,1046.91
1 0900.120.01.342.11 2024 (2692),,,RETRIBUCIONES BASICAS,0.0,0.0,,7047.92,-7047.92,7047.92,7047.92
1 0900.121.99.342.11 2024 (2693),,,COMPLEMENTOS VARIOS,0.0,0.0,,14035.75,-14035.75,14035.75,14035.75
1 0900.130.03.342.11 2024 (2349),,,REMUNERACIONES PERSONAL ,401068.88,401068.88,,227710.42,173358.46,227710.42,227710.42
1 0900.130.03.342.12 2024 (2416),,,REMUNERACIONES PERSONAL ,115068.47,115068.47,,42084.13,72984.34,42084.13,42084.13
1 0900.130.03.342.14 2024 (2699),,,REMUNERACIONES PERSONAL ,69052.46,69052.46,,0.0,69052.46,0.0,0.0
1 0900.131.01.342.11 2024 (2414),,,LABORAL EVENTUAL,229710.7,229710.7,,300606.28,-70895.58,300606.28,300606.28
1 0900.131.01.342.12 2024 (2374),,,REMUNERACIONES PERSONAL ,75191.21,75191.21,,175844.21,-100653.0,175844.21,175844.21
1 0900.160.01.342.11 2024 (2350),,,SEGURIDAD SOCIAL,180900.05,180900.05,,187121.9,-6221.85,187121.9,187121.9
1 0900.160.01.342.12 2024 (2375),,,SEGURIDAD SOCIAL,68652.36,68652.36,,61698.17,6954.19,61698.17,61698.17
1 0900.160.01.342.14 2024 (2700),,,SEGURIDAD SOCIAL,29931.27,29931.27,,0.0,29931.27,0.0,0.0
1 0900.160.04.342.11 2024 (2351),,,ELKARKIDETZA,10899.19,10899.19,,10768.97,130.22,10768.97,10768.97
1 0900.160.04.342.12 2024 (2415),,,ELKARKIDETZA,2182.48,2182.48,,2171.96,10.52,2171.96,2171.96
1 0900.211.01.342.11 2024 (2344),,,EDIFICIOS Y OTRAS CONSTRUCCIONES,105436.0,105436.0,,109643.8,-4207.8,109643.8,88043.94
1 0900.211.01.342.12 2024 (2413),,,EDIFICIOS Y OTRAS CONSTRUCCIONES,33725.0,27759.7,,14305.72,13453.98,14305.72,13588.96
1 0900.211.01.342.13 2024 (2696),,,EDIFICIOS Y OTRAS CONSTRUCCIONES,38222.49,38222.49,,7627.54,30594.95,7627.54,7627.54
1 0900.211.01.342.14 2024 (2701),,,EDIFICIOS Y OTRAS CONSTRUCCIONES,10000.0,10000.0,,20380.0,-10380.0,20380.0,13080.18
1 0900.212.01.342.11 2024 (2345),,,"MAQUINARIA,INSTALACIONES Y ",140493.13,120493.13,,76740.68,43752.45,76740.68,23895.12
1 0900.212.01.342.12 2024 (2346),,,"MAQUINARIA,INSTALACIONES Y ",57500.0,57500.0,,52947.27,4552.73,52947.27,32322.3
1 0900.212.01.342.13 2024 (2348),,,"MAQUINARIA,INSTALACIONES Y ",51222.57,51222.57,,24926.49,26296.08,24926.49,20563.53
1 0900.212.01.342.14 2024 (2347),,,"MAQUINARIA,INSTALACIONES Y ",115000.0,135000.0,,132742.67,2257.33,132742.67,113443.81
1 0900.213.02.342.11 2024 (2688),,,RENTING DE BICICLETAS,15000.0,15000.0,,0.0,15000.0,0.0,0.0
1 0900.213.02.342.12 2024 (2694),,,RENTING DE BICICLETAS,6000.0,6000.0,,0.0,6000.0,0.0,0.0
1 0900.215.01.342.11 2024 (2352),,,APLICACIONES PROCESO DE LA ,16250.0,16250.0,,4229.1,12020.9,4229.1,3261.1
1 0900.215.01.342.12 2024 (2377),,,APLICACIONES PROCESO DE LA ,1600.0,1600.0,,0.0,1600.0,0.0,0.0
1 0900.220.01.342.11 2024 (2443),,,ORDINARIO NO INVENTARIABLE,4000.0,4000.0,,1795.93,2204.07,1795.93,1795.93
1 0900.221.01.342.11 2024 (2353),,,ENERGIA ELECTRICA,185000.0,185000.0,,162000.0,23000.0,162000.0,150254.01
1 0900.221.01.342.12 2024 (2378),,,ENERGIA ELECTRICA,60000.0,60000.0,,42000.0,18000.0,42000.0,37181.69
1 0900.221.01.342.13 2024 (2390),,,ENERGIA ELECTRICA,24430.0,24430.0,,21430.0,3000.0,21430.0,19024.92
1 0900.221.01.342.14 2024 (2396),,,ENERGIA ELECTRICA,122000.0,122000.0,,117000.0,5000.0,117000.0,108550.55
1 0900.221.04.342.11 2024 (2354),,,COMBUSTIBLES Y CARBURANTES,230000.0,230000.0,,116641.58,113358.42,116641.58,106641.58
1 0900.221.04.342.12 2024 (2379),,,COMBUSTIBLES Y CARBURANTES,63000.0,63000.0,,21600.57,41399.43,21600.57,21600.57
1 0900.221.04.342.13 2024 (2391),,,COMBUSTIBLES Y CARBURANTES,6000.0,6000.0,,2000.0,4000.0,2000.0,1670.36
1 0900.221.04.342.14 2024 (2397),,,COMBUSTIBLES Y CARBURANTES,108000.0,108000.0,,58000.0,50000.0,58000.0,52558.65
1 0900.221.05.342.11 2024 (2355),,,VESTUARIO,1000.0,1000.0,,0.0,1000.0,0.0,0.0
1 0900.221.05.342.12 2024 (2380),,,VESTUARIO,2000.0,2000.0,,292.32,1707.68,292.32,292.32
1 0900.221.05.342.14 2024 (2702),,,VESTUARIO,1500.0,1500.0,,0.0,1500.0,0.0,0.0
1 0900.221.08.342.11 2024 (2356),,,PRODUCTOS FARMACEUTICOS Y ,4000.0,4000.0,,1273.58,2726.42,1273.58,1273.58
1 0900.221.09.342.11 2024 (2417),,,PRODUCTOS DE LIMPIEZA Y ASEO,1000.0,1000.0,,508.2,491.8,508.2,0.0
1 0900.221.09.342.12 2024 (2381),,,PRODUCTOS DE LIMPIEZA Y ASEO,8000.0,8000.0,,0.0,8000.0,0.0,0.0
1 0900.221.12.342.11 2024 (2359),,,MATERIAL SANITARIO,500.0,500.0,,0.0,500.0,0.0,0.0
1 0900.221.90.342.11 2024 (2357),,,PRODUCTOS ESPECIFICOS DEL ,72500.0,72500.0,,48576.05,23923.95,48576.05,35335.88
1 0900.221.90.342.12 2024 (2383),,,PRODUCTOS ESPECIFICOS DEL ,15000.0,15000.0,,967.78,14032.22,967.78,967.78
1 0900.221.90.342.14 2024 (2398),,,PRODUCTOS ESPECIFICOS DEL ,25000.0,25000.0,,15217.08,9782.92,15217.08,12954.85
1 0900.221.99.341.00 2024 (332),,,OTROS SUMINISTROS (TROFEOS),6500.0,6500.0,,4441.84,2058.16,4441.84,4441.84
1 0900.221.99.342.11 2024 (2360),,,OTROS SUMINISTROS,25000.0,4025.0,,832.81,3192.19,832.81,832.81
1 0900.221.99.342.14 2024 (2399),,,OTROS SUMINISTROS,12000.0,12000.0,,7796.03,4203.97,7796.03,1637.61
1 0900.222.01.342.11 2024 (2361),,,TELEFONICAS,8000.0,8000.0,,12705.0,-4705.0,12705.0,8985.3
1 0900.222.01.342.12 2024 (2447),,,TELEFONIKA,1000.0,1000.0,,0.0,1000.0,0.0,0.0
1 0900.222.01.342.14 2024 (2400),,,TELEFONICAS,2500.0,2500.0,,0.0,2500.0,0.0,0.0
1 0900.226.03.342.11 2024 (2364),,,"PUBLICACIONES, PUBLICIDAD Y ",1000.0,1000.0,,3488.45,-2488.45,3488.45,3488.45
1 0900.226.04.342.11 2024 (2365),,,JURIDICOS,0.0,0.0,,0.0,0.0,0.0,0.0
1 0900.226.06.342.11 2024 (2444),,,ACTIVIDADES SOCIO-CULTURALES,0.0,0.0,,0.0,0.0,0.0,0.0
1 0900.226.99.342.13 2024 (2392),,,OTROS GASTOS DIVERSOS,7500.0,7500.0,,0.0,7500.0,0.0,0.0
1 0900.226.99.342.14 2024 (2401),,,OTROS GASTOS DIVERSOS,7500.0,7500.0,,596.34,6903.66,596.34,596.34
1 0900.227.01.342.11 2024 (2367),,,LIMPIEZA,180000.0,180000.0,,177652.81,2347.19,177652.81,148044.0
1 0900.227.01.342.12 2024 (2387),,,LIMPIEZA,133770.0,133770.0,,142013.76,-8243.76,142013.76,132512.0
1 0900.227.01.342.13 2024 (2393),,,LIMPIEZA,15000.0,15000.0,,14246.01,753.99,14246.01,8498.39
1 0900.227.01.342.14 2024 (2402),,,LIMPIEZA,116564.0,116564.0,,114564.66,1999.34,114564.66,114564.66
1 0900.227.03.342.12 2024 (2388),,,CONTRATO DE TRANSPORTE,36000.0,36000.0,,42000.24,-6000.24,42000.24,37301.04
1 0900.227.07.342.11 2024 (2368),,,ESTUDIOS Y TRABAJOS TECNICOS,25000.0,775.0,,0.0,775.0,0.0,0.0
1 0900.227.08.342.11 2024 (2369),,,CONTRATOS DE TRANSPORTE,15000.0,15000.0,,16335.0,-1335.0,16335.0,16335.0
1 0900.227.99.341.00 2024 (2096),,,OTROS TRABAJOS EXTERIORES,160000.0,160000.0,,159999.99,0.01,159999.99,159999.99
1 0900.227.99.342.11 2024 (2370),,,OTROS TRABAJOS EXTERORES,570210.0,570210.0,,439497.28,130712.72,439497.28,413407.71
1 0900.227.99.342.12 2024 (2389),,,OTROS TRABAJOS EXTERORES,80000.0,80000.0,,70225.46,9774.54,70225.46,70225.46
1 0900.227.99.342.13 2024 (2394),,,OTROS TRABAJOS EXTERORES,7000.0,7000.0,,1845.25,5154.75,1845.25,1845.25
1 0900.227.99.342.14 2024 (2403),,,OTROS TRABAJOS EXTERORES,325224.09,325224.09,,275635.91,49588.18,275635.91,275635.91
1 0900.230.01.342.10 2024 (2371),,,"DIETAS, LOCOMOCION Y TRASLADO ",0.0,0.0,,0.0,0.0,0.0,0.0
1 0900.230.01.342.11 2024 (2445),,,"DIEAS,LOCOMOCION Y TRASLADO DE ",100.0,100.0,,0.0,100.0,0.0,0.0
1 0900.230.01.342.13 2024 (2697),,,"DIETAS, LOCOMOCION Y TRASLADO ",100.0,100.0,,0.0,100.0,0.0,0.0
1 0900.230.01.342.14 2024 (2704),,,"DIETAS, LOCOMOCION Y TRASLADO ",100.0,100.0,,0.0,100.0,0.0,0.0
1 0900.431.01.342.10 2024 (338),,,ORGANISMOS AUTONOMOS,0.0,0.0,,0.0,0.0,0.0,0.0
1 0900.481.01.341.00 2024 (335),,,A INSTITUCIONES SIN FINES DE LUCRO,175000.0,220200.0,,202712.23,17487.77,202712.23,180670.82
1 0900.481.02.341.00 2024 (336),,,TRANSF.A ENTID.CONV.COLAB.,318800.0,318800.0,,341299.33,-22499.33,341299.33,278081.29
1 0900.481.22.341.00 2024 (337),,,TRANSF.A ENTID.ASIST.CAMP/PRUEB.,59200.0,59200.0,,40613.27,18586.73,40613.27,22413.27
1 0900.601.16.342.10 2024 (1832),,,OBRAS VARIAS,0.0,0.0,,0.0,0.0,0.0,0.0
1 0900.623.01.342.11 2024 (2644),,,"MAQUINARIA,INSTALACIONES Y ",0.0,0.0,,0.0,0.0,0.0,0.0
1 0900.623.01.342.12 2024 (2695),,,MAQUINARIA,5000.0,5000.0,,0.0,5000.0,0.0,0.0
1 0900.623.05.342.14 2024 (2404),,,EQUIPOS,0.0,0.0,,0.0,0.0,0.0,0.0
1 0900.625.01.342.11 2024 (2405),,,MOBILIARIO,10500.0,10500.0,,4050.73,6449.27,4050.73,4050.73
1 0900.625.04.342.11 2024 (2689),,,EQUIPOS DE FOTOGRAFIA Y ,2000.0,2000.0,,822.73,1177.27,822.73,822.73
1 0900.625.08.342.12 2024 (2891),,,ELECTRODOMESTICOS,0.0,5965.3,,5965.3,0.0,5965.3,689.7
1 0900.625.99.342.11 2024 (2690),,,OTROS ENSERE,15201.47,15201.47,,6927.09,8274.38,6927.09,6927.09
1 0900.629.01.342.11 2024 (2691),,,OTRAS INVERSIONES,42500.0,42500.0,,35963.02,6536.98,35963.02,35963.02
1 0900.629.01.342.13 2024 (2698),,,OTRAS INVERSIONES,10000.0,10000.0,,0.0,10000.0,0.0,0.0
1 0900.629.01.342.14 2024 (2705),,,OTRAS INVERSIONES,10000.0,10000.0,,9801.0,199.0,9801.0,0.0
1 1000.120.01.433.10 2024 (342),,,RETRIBUCIONES BASICAS,63818.13,63818.13,,44923.78,18894.35,44923.78,44923.78
1 1000.120.01.493.00 2024 (370),,,RETRIBUCIONES BASICAS,33723.56,33723.56,,31339.45,2384.11,31339.45,31339.45
1 1000.121.99.433.10 2024 (343),,,COMPLEMENTOS VARIOS,76415.17,76415.17,,69766.32,6648.85,69766.32,69766.32
1 1000.121.99.493.00 2024 (371),,,COMPLEMENTOS VARIOS,48481.82,48481.82,,47741.15,740.67,47741.15,47741.15
1 1000.131.01.241.00 2024 (181),,,LABORAL EVENTUAL,160198.97,160198.97,,83041.25,77157.72,83041.25,83041.25
1 1000.131.01.433.10 2024 (2308),,,LABORAL EVENTUAL,0.0,0.0,,6.27,-6.27,6.27,6.27
1 1000.160.01.241.00 2024 (182),,,SEGURIDAD SOCIAL,28839.4,28839.4,,27317.87,1521.53,27317.87,27317.87
1 1000.160.01.433.10 2024 (344),,,SEGURIDAD SOCIAL,31849.08,31849.08,,34781.7,-2932.62,34781.7,34781.7
1 1000.160.01.493.00 2024 (372),,,SEGURIDAD SOCIAL,23913.96,23913.96,,21224.04,2689.92,21224.04,21224.04
1 1000.160.04.433.10 2024 (1537),,,ELKARKIDETZA,1305.55,1305.55,,1299.34,6.21,1299.34,1299.34
1 1000.160.04.493.00 2024 (373),,,CUOTAS ELKARKIDETZA,1305.55,1305.55,,1299.34,6.21,1299.34,1299.34
1 1000.201.01.433.10 2024 (810),,,EDIFCIOS Y OTR. CONSTRUCC. ,13388.1,13388.1,,9144.0,4244.1,9144.0,9144.0
1 1000.226.03.241.00 2024 (183),,,"PUBLICACIONES, PUBLICIDAD Y ",1500.0,1500.0,,0.0,1500.0,0.0,0.0
1 1000.226.03.433.10 2024 (793),,,"PUBLICACIONES, PUBLICIDAD Y ",2000.0,2000.0,,684.86,1315.14,684.86,684.86
1 1000.226.80.433.10 2024 (1245),,,OTR.GAST. LOCAL POLIG. IND. ,3500.0,3500.0,,3408.42,91.58,3408.42,3408.42
1 1000.226.99.241.00 2024 (184),,,OTROS GASTOS DIVERSOS,20000.0,20000.0,,4033.29,15966.71,4033.29,4033.29
1 1000.226.99.433.10 2024 (794),,,OTROS GASTOS DIVERSOS,200000.0,170614.7,,142676.45,27938.25,142676.45,114144.02
1 1000.226.99.493.00 2024 (799),,,OTROS GASTOS DIVERSOS,2050.0,2050.0,,0.0,2050.0,0.0,0.0
1 1000.227.01.431.20 2024 (2097),,,LIMPIEZA MERCADO DE IPURUA,6000.0,6000.0,,5309.04,690.96,5309.04,5309.04
1 1000.227.07.433.10 2024 (795),,,ESTUDIOS Y TRABAJOS TECNICOS,40000.0,40000.0,,28608.55,11391.45,28608.55,8661.7
1 1000.227.90.241.00 2024 (487),,,TRABAJ.EXTERNOS.CONV.EMPLEO ,12000.0,12000.0,,12000.0,0.0,12000.0,0.0
1 1000.227.99.241.00 2024 (812),,,OTROS TRABAJOS EXTERIORES,107945.0,107945.0,,69328.23,38616.77,69328.23,63328.23
1 1000.230.01.241.00 2024 (185),,,DIETAS/LOCOMOC/TRASLADO ,100.0,100.0,,0.0,100.0,0.0,0.0
1 1000.230.01.433.10 2024 (350),,,DIETAS/LOCOMOC/TRASLADO ,100.0,100.0,,187.36,-87.36,187.36,187.36
1 1000.230.01.493.00 2024 (374),,,DIETAS/LOCOMOC/TRASLADO ,100.0,100.0,,0.0,100.0,0.0,0.0
1 1000.470.01.241.00 2024 (2082),,,TRANSF.DEBEGESA PROGRAMA DE ,38000.0,38000.0,,38000.0,0.0,38000.0,15200.0
1 1000.470.01.433.10 2024 (351),,,DEBEGESA,286088.0,286088.0,,286088.0,0.0,286088.0,286088.0
1 1000.471.01.433.10 2024 (352),,,A OTR EMPRES.APORTAC.A PREM.T.,56000.0,56000.0,,56000.0,0.0,56000.0,42000.0
1 1000.471.02.241.00 2024 (582),,,SUBVENC.A OTR.AYUDAS A ,195000.0,195000.0,,188021.36,6978.64,188021.36,140912.76
1 1000.471.03.433.10 2024 (354),,,A OTRAS EMPRESAS.RETOS ,100000.0,100000.0,,85323.09,14676.91,85323.09,10523.09
1 1000.471.06.241.00 2024 (813),,,A EMPRES. ACCION.MEJORA ,269900.0,290900.0,,283734.86,7165.14,283734.86,283734.86
1 1000.480.12.433.10 2024 (355),,,A FAMILIAS ESCOLARES,190000.0,190000.0,,183184.21,6815.79,183184.21,183184.21
1 1000.480.14.433.10 2024 (356),,,A FAMILIAS.AYUDAS ESTUDIANTES,81000.0,81000.0,,82373.58,-1373.58,82373.58,82373.58
1 1000.480.20.241.00 2024 (814),,,SUBV. A LA FORMACION ,15000.0,15000.0,,4111.47,10888.53,4111.47,1741.47
1 1000.481.01.433.10 2024 (357),,,SUBVENCION NOMINATIVA EKINGUNE,15000.0,15000.0,,13000.0,2000.0,13000.0,9750.0
1 1000.481.03.433.10 2024 (358),,,TRANSFERENCIA A ASOCIACION ,27000.0,27000.0,,55000.0,-28000.0,55000.0,41250.0
1 1000.481.05.433.10 2024 (359),,,TRANSF.EIBAR CTRO COM.ABIERT.,153900.0,153900.0,,123900.0,30000.0,123900.0,111675.0
1 1000.481.12.241.00 2024 (2083),,,TRASNF.EIBAR UNIBERTS.LABORALARI ,15000.0,15000.0,,0.0,15000.0,0.0,0.0
1 1000.481.17.433.10 2024 (360),,,"TRANSF.ASOC.""EIBAR CENTR.",82000.0,82000.0,,82000.0,0.0,82000.0,82000.0
1 1000.481.31.241.00 2024 (1290),,,TRANSF.ASOC. ANTIGUOS ALUMNOS ,60000.0,60000.0,,60000.0,0.0,60000.0,45000.0
1 1000.481.32.433.10 2024 (1008),,,TRANSF. A FEDERAC. MERCANTIL DE ,0.0,0.0,,0.0,0.0,0.0,0.0
1 1000.481.38.433.10 2024 (1299),,,SUBV.BIC GIPUZKOA TECNOLOGIA Y ,63600.0,63600.0,,55000.0,8600.0,55000.0,22000.0
1 1000.481.39.241.00 2024 (1291),,,SUBV.FUNDACION CRUZ IRASUEGUI,25000.0,25000.0,,0.0,25000.0,0.0,0.0
1 1000.481.40.433.10 2024 (1764),,,SUBVENCION A DEBEGESA,132158.71,132158.71,,120000.0,12158.71,120000.0,48000.0
1 1100.100.01.912.00 2024 (375),,,RETRIB.BASICAS/OTRAS ,569881.93,569881.93,,446371.84,123510.09,446371.84,446371.84
1 1100.120.01.491.00 2024 (980),,,RETRIBUCIONES BASICAS,20931.77,20931.77,,17853.28,3078.49,17853.28,17853.28
1 1100.120.01.912.00 2024 (1539),,,RETRIBUCIONES BASICAS,0.0,0.0,,30523.1,-30523.1,30523.1,30523.1
1 1100.120.01.920.11 2024 (384),,,RETRIBUCIONES BASICAS,210147.1,210147.1,,165162.29,44984.81,165162.29,165162.29
1 1100.120.01.920.20 2024 (406),,,RETRIBUCIONES BASICAS,140257.84,140257.84,,126492.19,13765.65,126492.19,126492.19
1 1100.120.01.920.30 2024 (420),,,RETRIBUCIONES BASICAS,109820.17,109820.17,,97026.56,12793.61,97026.56,97026.56
1 1100.120.01.923.10 2024 (450),,,RETRIBUCIONES BASICAS,15410.26,15410.26,,13023.83,2386.43,13023.83,13023.83
1 1100.120.01.925.00 2024 (455),,,RETRIBUCIONES BASICAS,156429.95,156429.95,,116799.44,39630.51,116799.44,116799.44
1 1100.121.99.491.00 2024 (981),,,COMPLEMENTOS VARIOS,19717.5,19717.5,,22608.48,-2890.98,22608.48,22608.48
1 1100.121.99.912.00 2024 (1540),,,COMPLEMENTOS VARIOS,0.0,0.0,,63315.95,-63315.95,63315.95,63315.95
1 1100.121.99.920.11 2024 (385),,,COMPLEMENTOS VARIOS,285691.17,285691.17,,308059.82,-22368.65,308059.82,308059.82
1 1100.121.99.920.20 2024 (407),,,COMPLEMENTOS VARIOS,180383.24,180383.24,,217317.42,-36934.18,217317.42,217317.42
1 1100.121.99.920.30 2024 (421),,,COMPLEMENTOS VARIOS,204999.68,204999.68,,222030.85,-17031.17,222030.85,222030.85
1 1100.121.99.923.10 2024 (451),,,COMPLEMENTOS VARIOS,21148.16,21148.16,,23529.19,-2381.03,23529.19,23529.19
1 1100.121.99.925.00 2024 (456),,,COMPLEMENTOS VARIOS,248836.41,248836.41,,248374.84,461.57,248374.84,248374.84
1 1100.130.03.920.11 2024 (386),,,REMUNERACIONES PERSONAL ,67029.09,67029.09,,34968.6,32060.49,34968.6,34968.6
1 1100.130.03.920.20 2024 (408),,,REMUNERACIONES PERSONAL ,51935.41,51935.41,,36535.94,15399.47,36535.94,36535.94
1 1100.131.01.920.11 2024 (387),,,LABORAL EVENTUAL,62360.22,62360.22,,63542.64,-1182.42,63542.64,63542.64
1 1100.160.01.491.00 2024 (979),,,SEGURIDAD SOCIAL,13330.93,13330.93,,13003.79,327.14,13003.79,13003.79
1 1100.160.01.912.00 2024 (377),,,SEGURIDAD SOCIAL,173306.18,173306.18,,171972.81,1333.37,171972.81,171972.81
1 1100.160.01.920.11 2024 (388),,,SEGURIDAD SOCIAL,167055.01,167055.01,,144179.55,22875.46,144179.55,144179.55
1 1100.160.01.920.20 2024 (409),,,SEGURIDAD SOCIAL,105310.64,105310.64,,100403.48,4907.16,100403.48,100403.48
1 1100.160.01.920.30 2024 (422),,,SEGURIDAD SOCIAL,71255.93,71255.93,,73365.96,-2110.03,73365.96,73365.96
1 1100.160.01.923.10 2024 (452),,,SEGURIDAD SOCIAL,9690.83,9690.83,,9621.89,68.94,9621.89,9621.89
1 1100.160.01.925.00 2024 (457),,,SEGURIDAD SOCIAL,120558.37,120558.37,,106768.85,13789.52,106768.85,106768.85
1 1100.160.04.491.00 2024 (982),,,CUOTAS ELKARKIDETZA,1591.29,1591.29,,1357.32,233.97,1357.32,1357.32
1 1100.160.04.912.00 2024 (1538),,,CUOTAS ELKARKIDETZA,5770.93,5770.93,,4432.64,1338.29,4432.64,4432.64
1 1100.160.04.920.11 2024 (389),,,CUOTAS ELKARKIDETZA,15881.04,15881.04,,13603.16,2277.88,13603.16,13603.16
1 1100.160.04.920.20 2024 (410),,,CUOTAS ELKARKIDETZA,8333.49,8333.49,,5781.53,2551.96,5781.53,5781.53
1 1100.160.04.920.30 2024 (423),,,CUOTAS ELKARKIDETZA,6527.75,6527.75,,6496.7,31.05,6496.7,6496.7
1 1100.160.04.923.10 2024 (453),,,CUOTAS ELKARKIDETZA,1091.24,1091.24,,1085.98,5.26,1085.98,1085.98
1 1100.160.04.925.00 2024 (458),,,CUOTAS ELKARKIDETZA,6547.45,6547.45,,6748.59,-201.14,6748.59,6748.59
1 1100.161.03.221.00 2024 (989),,,INDEMNIZAC. POR JUBILACIONES ,0.0,0.0,,0.0,0.0,0.0,0.0
1 1100.162.01.920.20 2024 (412),,,FORMACION,50000.0,40000.0,,18939.94,21060.06,18939.94,18535.99
1 1100.162.05.920.20 2024 (413),,,SEGUROS,85000.0,85000.0,,81411.84,3588.16,81411.84,81411.84
1 1100.204.01.920.12 2024 (397),,,ARRENDAMIENTO MOBILIARIO Y ,30000.0,30000.0,,12364.86,17635.14,12364.86,12364.86
1 1100.212.01.920.12 2024 (398),,,"MAQUINARIA,INSTALACIONES Y ",30000.0,30000.0,,17000.0,13000.0,17000.0,15789.43
1 1100.215.01.920.30 2024 (424),,,EQUIPOS PARA PROCESOS DE ,20300.0,20300.0,,21402.8,-1102.8,21402.8,21402.8
1 1100.215.02.920.30 2024 (425),,,MANTENIMIENTO DE APLICACIONES,112900.0,112900.0,,95948.59,16951.41,95948.59,93906.71
1 1100.220.01.920.11 2024 (390),,,ORDINARIO NO INVENTARIABLE,3000.0,3000.0,,2867.5,132.5,2867.5,2867.5
1 1100.220.01.920.12 2024 (399),,,ORDINARIO NO INVENTARIABLE,70000.0,70000.0,,38873.49,31126.51,38873.49,28097.73
1 1100.220.02.920.12 2024 (400),,,PRENSA/REVISTAS/LIBROS/OTRAS ,25000.0,25000.0,,44810.19,-19810.19,44810.19,44810.19
1 1100.220.03.920.30 2024 (426),,,MATERIAL INFORMATICO NO ,1500.0,1500.0,,805.59,694.41,805.59,805.59
1 1100.221.05.920.11 2024 (391),,,VESTUARIO.CONSERJE Y ,1500.0,1500.0,,870.0,630.0,870.0,870.0
1 1100.222.02.920.12 2024 (401),,,GASTOS DE CORREOS,150000.0,150000.0,,109665.4,40334.6,109665.4,109665.4
1 1100.222.99.920.12 2024 (402),,,OTRAS COMUNIC.,5000.0,5000.0,,1815.0,3185.0,1815.0,700.06
1 1100.224.99.920.11 2024 (392),,,OTROS RIESGOS.SEGURO ,75000.0,75000.0,,73540.75,1459.25,73540.75,73540.75
1 1100.226.02.912.00 2024 (378),,,ATENCIONES ,21000.0,21000.0,,13841.76,7158.24,13841.76,9316.76
1 1100.226.02.920.20 2024 (2100),,,ATENCIONES PROTOCOLARIAS Y ,1000.0,1000.0,,0.0,1000.0,0.0,0.0
1 1100.226.03.491.00 2024 (998),,,"PUBLICACIONES, PUBLICIDAD Y ",5000.0,5000.0,,546.47,4453.53,546.47,546.47
1 1100.226.03.912.00 2024 (379),,,"PUBLICACIONES, PUBLICIDAD Y ",15000.0,15000.0,,18552.76,-3552.76,18552.76,16011.76
1 1100.226.03.920.12 2024 (403),,,PUBLIC/PROPAG.ANUNC.,12000.0,12000.0,,12534.24,-534.24,12534.24,8942.96
1 1100.226.04.920.11 2024 (393),,,JURIDICOS,120000.0,120000.0,,37783.96,82216.04,37783.96,20784.67
1 1100.226.99.336.10 2024 (309),,,OTROS GASTOS DIVERSOS,26780.0,34670.19,,30782.01,3888.18,30782.01,30540.01
1 1100.226.99.920.11 2024 (394),,,INDEM.COMPENS.TERC/COBERT.OTR.,60000.0,60000.0,,76759.93,-16759.93,76759.93,76759.93
1 1100.227.04.920.11 2024 (1766),,,CONTRATOS SOCIO-CULTURALES,3000.0,3000.0,,0.0,3000.0,0.0,0.0
1 1100.227.07.920.20 2024 (414),,,ESTUD/TRABAJ.TECNICOS.SELECC.,10000.0,10000.0,,664.2,9335.8,664.2,281.84
1 1100.227.20.920.30 2024 (427),,,CONVENIO IZFE,150120.0,150120.0,,151912.38,-1792.38,151912.38,151912.38
1 1100.227.90.920.11 2024 (1767),,,TRABAJOS EXTERIORES,31612.5,31612.5,,15972.0,15640.5,15972.0,10890.0
1 1100.227.92.920.20 2024 (415),,,SERVICIO DE PREVENCION DE SALUD ,30117.76,30117.76,,32247.21,-2129.45,32247.21,31683.62
1 1100.227.99.491.00 2024 (999),,,OTROS TRABAJOS EXTERIORES,56986.25,56986.25,,36680.97,20305.28,36680.97,36680.97
1 1100.227.99.912.00 2024 (669),,,OTROS TRABAJOS EXTERIORES,32520.0,59563.5,,52486.87,7076.63,52486.87,34518.37
1 1100.227.99.920.11 2024 (395),,,OTROS TRABAJOS EXTERIORES,9500.0,9500.0,,22533.65,-13033.65,22533.65,11595.25
1 1100.227.99.920.20 2024 (416),,,OTROS TRABAJOS EXTERIORES.,0.0,0.0,,0.0,0.0,0.0,0.0
1 1100.227.99.920.30 2024 (429),,,OTR.TRAB.EXTERIORES.ASIST.,51320.0,51320.0,,54059.13,-2739.13,54059.13,45286.63
1 1100.230.01.491.00 2024 (984),,,"DIETAS, LOCOMOCION Y TRASLADO ",100.0,100.0,,0.0,100.0,0.0,0.0
1 1100.230.01.920.11 2024 (396),,,DIETAS/LOCOMOC/TRASLADO ,100.0,100.0,,170.53,-70.53,170.53,170.53
1 1100.230.01.920.20 2024 (417),,,DIETAS/LOCOMOC/TRASLADO ,100.0,10100.0,,176.46,9923.54,176.46,176.46
1 1100.230.01.920.30 2024 (430),,,DIETAS/LOCOMOC/TRASLADO ,100.0,100.0,,40.0,60.0,40.0,40.0
1 1100.230.01.923.10 2024 (454),,,DIETAS/LOCOMOC/TRASLADO ,100.0,100.0,,0.0,100.0,0.0,0.0
1 1100.230.01.925.00 2024 (459),,,DIETAS/LOCOMOC/TRASLADO ,100.0,100.0,,0.0,100.0,0.0,0.0
1 1100.231.01.912.00 2024 (381),,,DIETAS/LOCOMOC/TRASLADO ALTOS ,2500.0,2500.0,,1490.79,1009.21,1490.79,1490.79
1 1100.231.02.912.00 2024 (382),,,DIETAS ASIST.A COMIS.ALTOS ,154748.0,154748.0,,115050.0,39698.0,115050.0,115050.0
1 1100.409.01.922.00 2024 (448),,,OTRAS ENTIDADES PUBLICAS.FEMP,2500.0,2500.0,,1535.98,964.02,1535.98,1535.98
1 1100.419.01.922.00 2024 (449),,,OTRAS ENTIDADES PUBLICAS.EUDEL,5000.0,5000.0,,4507.59,492.41,4507.59,4507.59
1 1100.480.01.336.10 2024 (1759),,,A FAMILIAS. BECA MERCEDES ,14400.0,14400.0,,0.0,14400.0,0.0,0.0
1 1100.481.01.336.10 2024 (2311),,,A INSTITUCIONES SIN FINES DE LUCRO,7890.19,0.0,,0.0,0.0,0.0,0.0
1 1100.481.01.912.00 2024 (383),,,A INSTITUCIONES SIN FINES DE LUCRO,151800.0,151800.0,,151800.0,0.0,151800.0,151800.0
1 1100.500.01.929.00 2024 (802),,,CREDITO GLOBAL Y OTROS ,250000.0,222956.5,,0.0,222956.5,0.0,0.0
1 1100.625.01.920.12 2024 (404),,,MOBILIARIO,12000.0,12000.0,,0.0,12000.0,0.0,0.0
1 1100.625.02.920.12 2024 (405),,,EQUIPOS OFICINA,1000.0,1000.0,,0.0,1000.0,0.0,0.0
1 1100.626.01.920.30 2024 (431),,,EQUIPOS PARA PROCESOS DE ,89550.0,89550.0,,54305.5,35244.5,54305.5,1783.15
1 1100.644.01.920.30 2024 (801),,,APLICACIONES INFORMATICAS,68150.0,68150.0,,71847.53,-3697.53,71847.53,32640.38
1 1100.823.01.920.20 2024 (418),,,ANTICIPOS AL PERSONAL (A CORTO ,25000.0,25000.0,,13072.03,11927.97,13072.03,13072.03
1 1100.833.01.920.20 2024 (419),,,ANTICIPOS AL PERSONAL (A LARGO ,15000.0,15000.0,,13973.52,1026.48,13973.52,13973.52
1 1200.120.01.931.10 2024 (461),,,RETRIBUCIONES BASICAS,101791.95,101791.95,,41208.28,60583.67,41208.28,41208.28
1 1200.120.01.931.20 2024 (469),,,RETRIBUCIONES BASICAS,84352.3,84352.3,,76780.53,7571.77,76780.53,76780.53
1 1200.120.01.932.00 2024 (474),,,RETRIBUCIONES BASICAS,135258.93,135258.93,,124269.06,10989.87,124269.06,124269.06
1 1200.120.01.934.00 2024 (480),,,RETRIBUCIONES BASICAS,64262.38,64262.38,,14958.51,49303.87,14958.51,14958.51
1 1200.121.99.931.10 2024 (462),,,COMPLEMENTOS VARIOS,169849.77,169849.77,,107439.88,62409.89,107439.88,107439.88
1 1200.121.99.931.20 2024 (470),,,COMPLEMENTOS VARIOS,124486.65,124486.65,,153183.33,-28696.68,153183.33,153183.33
1 1200.121.99.932.00 2024 (475),,,COMPLEMENTOS VARIOS,174508.37,174508.37,,233967.49,-59459.12,233967.49,233967.49
1 1200.121.99.934.00 2024 (481),,,COMPLEMENTOS VARIOS,93646.05,93646.05,,26854.5,66791.55,26854.5,26854.5
1 1200.131.01.931.10 2024 (2889),,,LABORAL EVENTUAL,0.0,0.0,,2690.48,-2690.48,2690.48,2690.48
1 1200.160.01.931.10 2024 (463),,,SEGURIDAD SOCIAL,71489.65,71489.65,,31629.37,39860.28,31629.37,31629.37
1 1200.160.01.931.20 2024 (471),,,SEGURIDAD SOCIAL,45478.44,45478.44,,63907.56,-18429.12,63907.56,63907.56
1 1200.160.01.932.00 2024 (476),,,SEGURIDAD SOCIAL,68331.22,68331.22,,78875.52,-10544.3,78875.52,78875.52
1 1200.160.01.934.00 2024 (482),,,SEGURIDAD SOCIAL,33764.76,33764.76,,10276.07,23488.69,10276.07,10276.07
1 1200.160.04.931.10 2024 (464),,,CUOTAS ELKARKIDETZA,3254.16,3254.16,,2598.68,655.48,2598.68,2598.68
1 1200.160.04.931.20 2024 (472),,,CUOTAS ELKARKIDETZA,4345.41,4345.41,,3994.9,350.51,3994.9,3994.9
1 1200.160.04.932.00 2024 (477),,,CUOTAS ELKARKIDETZA,8593.44,8593.44,,8784.86,-191.42,8784.86,8784.86
1 1200.160.04.934.00 2024 (483),,,CUOTAS ELKARKIDETZA,2065.55,2065.55,,1085.98,979.57,1085.98,1085.98
1 1200.227.07.931.10 2024 (465),,,ESTUDIOS/TRABAJ.TECNICOS.,75000.0,75000.0,,25052.34,49947.66,25052.34,15686.94
1 1200.227.99.931.20 2024 (1835),,,OTROS TRABAJOS EXTERIORES,20000.0,20000.0,,1655.28,18344.72,1655.28,1655.28
1 1200.230.01.931.10 2024 (466),,,DIETAS/LOMOMOC/TRASLADO ,100.0,100.0,,0.0,100.0,0.0,0.0
1 1200.230.01.931.20 2024 (473),,,DIETAS/LOCOMOC/TRASLADO ,100.0,100.0,,94.78,5.22,94.78,94.78
1 1200.230.01.932.00 2024 (479),,,DIETAS/LOCOMOC/TRASLADO ,100.0,100.0,,133.76,-33.76,133.76,133.76
1 1200.230.01.934.00 2024 (484),,,DIETAS/LOCOMOC/TRASLADO ,100.0,100.0,,0.0,100.0,0.0,0.0
1 1200.332.01.011.00 2024 (1),,,INTERESES,50000.0,50000.0,,37757.69,12242.31,37757.69,37757.69
1 1200.369.01.934.00 2024 (485),,,OTROS GASTOS FINANCIEROS,50000.0,50000.0,,2220.94,47779.06,2220.94,2220.94
1 1200.369.99.934.00 2024 (486),,,DIFERENCIAS NEGATIVAS EN CAJA,100.0,100.0,,0.0,100.0,0.0,0.0
1 1200.860.01.931.10 2024 (467),,,CONSTITUC.FIANZAS A CORTO PLAZO,100.0,100.0,,0.0,100.0,0.0,0.0
1 1200.860.02.931.10 2024 (468),,,CONSTITUC.FIANZAS A LARGO PLAZO,100.0,100.0,,0.0,100.0,0.0,0.0
1 1200.933.01.011.00 2024 (2),,,FUERA SECTOR PUBLICO,397961.54,397961.54,,193750.0,204211.54,193750.0,193750.0
