#Partida,,,,Ppto. Inicial,Ppto. Definitivo,Retenciones,Autorizado,Disponible,Dispuesto,Obligación,ME,Pago
1 0100.120.01.130.00 2018,,3.0,RETRIBUCIONES BASICAS,135220.69,135220.69,0.0,86089.24,49131.45,86089.24,86089.24,86089.24,86089.24
1 0100.120.01.132.00 2018,,13.0,RETRIBUCIONES BASICAS,280034.72,280034.72,0.0,174390.7,105644.02,174390.7,174390.7,174390.7,174390.7
1 0100.120.01.133.10 2018,,19.0,RETRIBUCIONES BASICAS,200782.38,200782.38,0.0,99089.22,101693.16,99089.22,99089.22,99089.22,99089.22
1 0100.121.99.130.00 2018,,4.0,COMPLEMENTOS VARIOS,262394.12,262394.12,0.0,204402.05,57992.07,204402.05,204402.05,204402.05,204402.05
1 0100.121.99.132.00 2018,,14.0,COMPLEMENTOS VARIOS,553000.47,553000.47,0.0,405537.5,147462.97,405537.5,405537.5,405537.5,405537.5
1 0100.121.99.133.10 2018,,20.0,COMPLEMENTOS VARIOS,372648.89,372648.89,0.0,218170.76,154478.13,218170.76,218170.76,218170.76,218170.76
1 0100.160.01.130.00 2018,,5.0,SEGURIDAD SOCIAL,104060.83,104060.83,0.0,79895.59,24165.24,79895.59,79895.59,79895.59,79895.59
1 0100.160.01.132.00 2018,,15.0,SEGURIDAD SOCIAL,241352.81,241352.81,0.0,170668.38,70684.43,170668.38,170668.38,170668.38,170668.38
1 0100.160.01.133.10 2018,,21.0,SEGURIDAD SOCIAL,174533.93,174533.93,0.0,90451.73,84082.2,90451.73,90451.73,90451.73,90451.73
1 0100.160.04.130.00 2018,,6.0,CUOTAS ELKARKIDETZA,11621.4,11621.4,0.0,5229.63,6391.77,5229.63,5229.63,5229.63,5229.63
1 0100.160.04.132.00 2018,,16.0,CUOTAS ELKARKIDETZA,17373.99,17373.99,0.0,11290.27,6083.72,11290.27,11290.27,11290.27,11290.27
1 0100.160.04.133.10 2018,,22.0,CUOTAS ELKARKIDETZA,15747.0,15747.0,0.0,7553.0,8194.0,7553.0,7553.0,7553.0,7553.0
1 0100.212.01.132.00 2018,,17.0,MAQUIN/INSTAL/UTILL.MANTTO.ALARMAS,5000.0,5000.0,0.0,2857.22,2142.78,2857.22,2857.22,2857.22,2857.22
1 0100.212.01.132.00 2017,,1053.0,MAQUIN/INSTAL/UTILL.MANTTO.ALARMAS,0.0,136.29,0.0,136.29,0.0,136.29,0.0,0.0,0.0
1 0100.213.01.130.00 2018,,7.0,MATERIAL DE TRANSPORTE,13000.0,13000.0,0.0,9583.73,3416.27,9583.73,7639.13,7389.13,7389.13
1 0100.213.01.130.00 2017,,1054.0,MATERIAL DE TRANSPORTE,0.0,4969.24,0.0,4969.24,0.0,4969.24,4522.36,4522.36,4522.36
1 0100.221.04.130.00 2018,,8.0,COMBUSTIBLES Y CARBURANTES,10395.0,10395.0,0.0,8919.0,1476.0,8919.0,4894.81,4894.81,4406.02
1 0100.221.05.130.00 2018,,9.0,VESTUARIO,30000.0,30000.0,21659.0,5305.75,3035.25,5305.75,1833.44,1833.44,1833.44
1 0100.221.99.130.00 2018,,10.0,OTROS SUMINISTROS,8760.0,8760.0,0.0,2191.51,6568.49,2191.51,1441.21,1441.21,1441.21
1 0100.221.99.130.00 2017,,1055.0,OTROS SUMINISTROS,0.0,1301.91,0.0,1301.91,0.0,1301.91,429.55,429.55,429.55
1 0100.224.02.130.00 2018,,11.0,DE VEHICULOS. SEGUROS,2500.0,2500.0,0.0,1525.0,975.0,1525.0,1525.0,1525.0,1525.0
1 0100.226.99.132.00 2018,,586.0,OTROS GASTOS DIVERSOS SEGURIDAD,1000.0,1000.0,0.0,9.85,990.15,9.85,9.84,9.84,9.84
1 0100.227.08.441.10 2018,,363.0,CONTRATOS TRANSPORTE,199262.0,199262.0,0.0,192422.33,6839.67,192422.33,141842.14,141842.14,141842.14
1 0100.227.99.133.10 2018,,24.0,OTROS TRABAJOS EXTERIORES. GRUA,100000.0,125000.0,0.0,100000.0,25000.0,100000.0,90566.8,84059.82,84059.82
1 0100.230.01.130.00 2018,,12.0,DIETAS/LOCOMOC/TRASLADO PERSONAL,100.0,100.0,0.0,319.44,-219.44,319.44,319.44,319.44,319.44
1 0100.230.01.132.00 2018,,18.0,DIETAS/LOCOMOC/TRASLADO PERSONAL,100.0,100.0,0.0,211.86,-111.86,211.86,211.86,211.86,211.86
1 0100.230.01.133.10 2018,,25.0,DIETAS/LOCOMOC/TRASLADO PERSONAL,100.0,100.0,0.0,116.49,-16.49,116.49,116.49,116.49,116.49
1 0100.421.03.441.10 2018,,364.0,CONSORC.AUTORID.TERRITOR.TTE GIPUZKOA,5000.0,6300.0,0.0,4697.25,1602.75,4697.25,4697.25,4697.25,4697.25
1 0100.626.01.130.00 2018,,43.0,OTR.EQUIPOS. SISTEMA COMUNIC.TEATRA,2000.0,2000.0,0.0,0.0,2000.0,0.0,0.0,0.0,0.0
1 0200.120.01.151.00 2018,,32.0,RETRIBUCIONES BASICAS,126580.31,126580.31,0.0,71429.48,55150.83,71429.48,71429.48,71429.48,71429.48
1 0200.120.01.172.00 2018,,782.0,RETRIBUCIONES BASICAS,14859.08,14859.08,0.0,8539.52,6319.56,8539.52,8539.52,8539.52,8539.52
1 0200.121.99.151.00 2018,,33.0,COMPLEMENTOS VARIOS,216294.73,216294.73,0.0,152658.81,63635.92,152658.81,152658.81,152658.81,152658.81
1 0200.121.99.172.00 2018,,783.0,COMPLEMENTOS VARIOS,20732.23,20732.23,0.0,14643.85,6088.38,14643.85,14643.85,14643.85,14643.85
1 0200.131.01.152.20 2018,,1228.0,LABORAL EVENTUAL,0.0,89016.0,0.0,0.0,89016.0,0.0,0.0,0.0,0.0
1 0200.160.01.151.00 2018,,35.0,SEGURIDAD SOCIAL,78395.45,78395.45,0.0,51214.81,27180.64,51214.81,51214.81,51214.81,51214.81
1 0200.160.01.152.20 2018,,1229.0,SEGURIDAD SOCIAL,0.0,30984.0,0.0,0.0,30984.0,0.0,0.0,0.0,0.0
1 0200.160.01.172.00 2018,,784.0,SEGURIDAD SOCIAL,10949.33,10949.33,0.0,7589.24,3360.09,7589.24,7589.24,7589.24,7589.24
1 0200.160.04.151.00 2018,,36.0,CUOTAS ELKARKIDETZA,9917.18,9917.18,0.0,6375.33,3541.85,6375.33,6375.33,6375.33,6375.33
1 0200.160.04.172.00 2018,,983.0,CUOTAS ELKARKIDETZA,1416.8,1416.8,0.0,910.8,506.0,910.8,910.8,910.8,910.8
1 0200.201.01.152.20 2018,,1230.0,ALQUILER LOCAL TXONTA,0.0,27000.0,0.0,3993.0,23007.0,3993.0,0.0,0.0,0.0
1 0200.211.01.152.20 2018,,1231.0,EDIF. Y OTR.CONST.MANTTO.LOCAL TXONTA,0.0,15000.0,0.0,16421.45,-1421.45,16421.45,0.0,0.0,0.0
1 0200.220.01.152.20 2018,,1232.0,MATERIAL DE OFICNA,0.0,5000.0,0.0,0.0,5000.0,0.0,0.0,0.0,0.0
1 0200.221.01.152.20 2018,,1233.0,ENERGIA ELECTRICA,0.0,3500.0,0.0,0.0,3500.0,0.0,0.0,0.0,0.0
1 0200.222.01.152.20 2018,,1234.0,TELEFONICAS,0.0,3500.0,0.0,0.0,3500.0,0.0,0.0,0.0,0.0
1 0200.224.01.152.20 2018,,1235.0,SEGUROS,0.0,2500.0,0.0,0.0,2500.0,0.0,0.0,0.0,0.0
1 0200.226.99.151.00 2018,,38.0,OTROS GASTOS DIVERSOS. EJECUC.SUBSID.,12000.0,12000.0,0.0,8512.35,3487.65,8512.35,8512.35,8512.35,8512.35
1 0200.226.99.172.00 2018,,113.0,OTROS GASTOS DIVERSOS,4000.0,4000.0,0.0,7602.04,-3602.04,7602.04,3844.9,3218.1,3218.1
1 0200.226.99.172.00 2017,,1056.0,OTROS GASTOS DIVERSOS,0.0,17164.99,0.0,17164.99,0.0,17164.99,15245.12,15245.12,15245.12
1 0200.227.07.151.00 2018,,39.0,ESTUDIOS Y TRABAJOS TECNICOS,10000.0,10000.0,0.0,0.0,10000.0,0.0,0.0,0.0,0.0
1 0200.227.07.151.00 2017,,1057.0,ESTUDIOS Y TRABAJOS TECNICOS,0.0,39978.4,0.0,39978.4,0.0,39978.4,13382.6,13382.6,13382.6
1 0200.227.07.172.00 2018,,114.0,ESTUD/TRAB.TECNIC.CONTR.CALID.SUEL.AZIT.,41200.0,41200.0,0.0,29867.04,11332.96,29867.04,0.0,0.0,0.0
1 0200.227.07.172.00 2017,,1058.0,ESTUD/TRAB.TECNIC.CONTR.CALID.SUEL.AZIT.,0.0,8290.01,0.0,7554.94,735.07,7554.94,7119.34,7119.34,7119.34
1 0200.227.90.151.00 2018,,40.0,TRABAJOS EXTERNOS. ESTUDIOS Y PROYECTOS,30000.0,30000.0,0.0,0.0,30000.0,0.0,0.0,0.0,0.0
1 0200.227.90.151.00 2017,,1059.0,TRABAJOS EXTERNOS. ESTUDIOS Y PROYECTOS,0.0,25349.5,0.0,25349.5,0.0,25349.5,2740.65,2740.65,2740.65
1 0200.227.90.172.00 2018,,1247.0,TRABAJOS EXTERIORES,0.0,0.0,0.0,0.0,0.0,0.0,0.0,0.0,0.0
1 0200.227.99.151.00 2018,,41.0,CONTRATOS EXTERNOS. MEDICIONES,1000.0,1000.0,0.0,0.0,1000.0,0.0,0.0,0.0,0.0
1 0200.227.99.152.20 2018,,1236.0,OTROS TRABAJOS EXTERIORES,0.0,13500.0,0.0,9190.55,4309.45,9190.55,0.0,0.0,0.0
1 0200.227.99.172.00 2018,,115.0,OTROS TRABAJOS EXTERIORES,17700.0,36559.8,0.0,35595.39,964.41,35595.39,32954.52,22918.78,22918.78
1 0200.230.01.151.00 2018,,42.0,DIETAS/LOCOMOC/TRASLADO PERSONAL,100.0,100.0,0.0,112.14,-12.14,112.14,112.14,112.14,112.14
1 0200.230.01.172.00 2018,,986.0,"DIETAS, LOCOMOC. Y TRASLADO PERSONAL",100.0,100.0,0.0,141.42,-41.42,141.42,141.42,141.42,141.42
1 0200.480.01.152.20 2018,,44.0,A FAMILIAS. MANTTO.ASCENSORES ZONALES,6000.0,6000.0,0.0,6000.0,0.0,0.0,0.0,0.0,0.0
1 0200.480.01.152.30 2018,,569.0,A FAMILIAS,100000.0,100000.0,0.0,0.0,100000.0,0.0,0.0,0.0,0.0
1 0200.480.01.152.30 2017,,1060.0,A FAMILIAS,0.0,9928.56,0.0,9928.56,0.0,3170.0,2960.0,2960.0,2960.0
1 0200.481.01.172.00 2018,,1216.0,A INSTITUCIONES SIN FINES DE LUCRO,5000.0,0.0,0.0,0.0,0.0,0.0,0.0,0.0,0.0
1 0200.481.21.152.20 2018,,845.0,AYUDAS ASOCIAC.CUADRILLAS LOCALES,20000.0,20000.0,0.0,0.0,20000.0,0.0,0.0,0.0,0.0
1 0200.481.35.152.20 2018,,1212.0,"A FAM. APOYO NUEV.ACT.ECON,EDIF.IND.EN",50000.0,50000.0,0.0,0.0,50000.0,0.0,0.0,0.0,0.0
1 0200.600.02.151.00 2018,,1241.0,ADQUISICION TERRENOS EN SAKUN,0.0,0.0,0.0,0.0,0.0,0.0,0.0,0.0,0.0
1 0200.601.16.172.00 2018,,987.0,OBRAS VARIAS. MEDIO AMBIENTE,12000.0,12000.0,0.0,4691.17,7308.83,4691.17,4691.17,4691.17,4691.17
1 0200.601.16.172.00 2017,,1061.0,OBRAS VARIAS. MEDIO AMBIENTE,0.0,16668.36,0.0,16668.36,0.0,16668.36,16668.36,16668.36,16668.36
1 0200.625.01.152.20 2018,,1237.0,MOBILIARIO,0.0,5000.0,0.0,7416.96,-2416.96,7416.96,0.0,0.0,0.0
1 0200.626.01.152.20 2018,,1238.0,EQUIPOS PARA PROCESOS DE INFORMACION,0.0,5000.0,0.0,2282.29,2717.71,2282.29,0.0,0.0,0.0
1 0200.771.03.152.20 2018,,1213.0,A EMPRESAS. REHABILITACION DE FACHADAS,30000.0,30000.0,0.0,0.0,30000.0,0.0,0.0,0.0,0.0
1 0200.780.02.152.20 2018,,45.0,A FAMILIAS. REHAB.FACHADAS/ASCENSORES,165000.0,165000.0,0.0,165000.0,0.0,16538.0,16538.0,16538.0,7800.0
1 0200.780.04.152.20 2018,,1239.0,A FAM. REHAB. EDIF. EN BARRIO TXONTA,0.0,2100000.0,0.0,0.0,2100000.0,0.0,0.0,0.0,0.0
1 0300.120.01.153.20 2018,,46.0,RETRIBUCIONES BASICAS,123123.61,123123.61,0.0,74737.67,48385.94,74737.67,74737.67,74737.67,74737.67
1 0300.121.99.153.20 2018,,47.0,COMPLEMENTOS VARIOS,212488.25,212488.25,0.0,157282.75,55205.5,157282.75,157282.75,157282.75,157282.75
1 0300.131.01.153.20 2018,,1254.0,LABORAL EVENTUAL,0.0,0.0,0.0,0.0,0.0,0.0,0.0,0.0,0.0
1 0300.160.01.153.20 2018,,48.0,SEGURIDAD SOCIAL,73980.17,73980.17,0.0,53330.21,20649.96,53330.21,53330.21,53330.21,53330.21
1 0300.160.04.153.20 2018,,49.0,CUOTAS ELKARKIDETZA,7673.54,7673.54,0.0,4723.53,2950.01,4723.53,4723.53,4723.53,4723.53
1 0300.230.01.153.20 2018,,50.0,DIETAS/LOCOMOC/TRASLADO PERSONAL,100.0,100.0,0.0,178.51,-78.51,178.51,178.51,178.51,178.51
1 0300.601.07.153.20 2018,,51.0,ERREBAL,1837936.26,1837936.26,0.0,1607345.54,230590.72,1539533.04,37607.39,37607.39,36013.58
1 0300.601.07.153.20 2017,,1062.0,ERREBAL,0.0,2000645.25,0.0,2000645.25,0.0,1928716.38,157507.19,157507.19,157507.19
1 0300.601.08.153.20 2018,,52.0,MEJORA ENTORNOS URBANOS-ACCESIBILIDAD,1300000.0,1300000.0,394422.59,145554.48,760022.93,54811.23,5635.3,5635.3,4631.0
1 0300.601.08.153.20 2017,,1063.0,MEJORA ENTORNOS URBANOS-ACCESIBILIDAD,0.0,1395704.13,0.0,1395704.13,0.0,1267877.08,569593.93,569593.93,404492.45
1 0300.601.13.153.20 2017,,1017.0,MEJORAS EN TXONTA,0.0,140000.0,0.0,140000.0,0.0,0.0,0.0,0.0,0.0
1 0300.601.14.153.20 2018,,54.0,OBRAS MENORES,300000.0,300000.0,0.0,141923.7,158076.3,141923.7,114317.94,105021.38,99832.48
1 0300.601.14.153.20 2017,,1064.0,OBRAS MENORES,0.0,142066.69,0.0,142066.69,0.0,142066.69,140596.2,140596.2,140596.2
1 0300.601.16.153.20 2018,,985.0,OBRAS VARIAS,800000.0,800000.0,0.0,0.0,800000.0,0.0,0.0,0.0,0.0
1 0300.601.16.153.20 2017,,1065.0,OBRAS VARIAS,0.0,355931.06,0.0,355356.32,574.74,332272.09,306351.85,306351.85,302938.6
1 0300.601.19.153.20 2017,,1066.0,CONSOL.ESTRUCT. Y REST.FACHADA ASTELENA,0.0,906113.97,0.0,906113.97,0.0,767824.07,43907.0,43907.0,0.0
1 0300.601.20.153.20 2017,,1067.0,OBRAS EN EDIFICIOS MUNICIPALES,0.0,16815.15,0.0,16815.15,0.0,1242.67,382.36,382.36,382.36
1 0300.601.21.323.00 2018,,198.0,OBRAS MENORES EN CENTROS DE ENSEÑANZA,100000.0,294988.93,0.0,292040.15,2948.78,289194.4,272907.05,250928.21,75123.79
1 0300.601.21.323.00 2017,,1068.0,OBRAS MENORES EN CENTROS DE ENSEÑANZA,0.0,161469.88,0.0,161469.88,0.0,161463.54,76469.73,76469.73,49198.3
1 0300.601.23.153.20 2018,,55.0,ASFALTADOS,215000.0,215000.0,0.0,102360.62,112639.38,12000.74,12000.74,12000.74,12000.74
1 0300.601.23.153.20 2017,,1069.0,ASFALTADOS,0.0,229958.77,0.0,229958.77,0.0,229521.67,229426.06,229426.06,229426.06
1 0300.601.28.153.20 2018,,1214.0,ACERAS,60500.0,60500.0,0.0,0.0,60500.0,0.0,0.0,0.0,0.0
1 0300.601.29.153.20 2017,,1070.0,MEJORA ACCESIB. PEATON.SAUTSI E IPARRAG.,0.0,185988.5,0.0,185988.5,0.0,151719.6,0.0,0.0,0.0
1 0300.601.37.454.00 2018,,369.0,INFRAESTRUCTURA RURAL,240000.0,240000.0,191670.7,0.0,48329.3,0.0,0.0,0.0,0.0
1 0300.601.37.454.00 2017,,1071.0,INFRAESTRUCTURA RURAL,0.0,31285.66,0.0,31285.66,0.0,31285.66,31285.66,31285.66,31285.66
1 0300.643.01.153.20 2018,,56.0,INVESTIGACIONES/ESTUDIOS Y PROYECTOS,150000.0,150000.0,0.0,56042.36,93957.64,56042.36,26000.48,23156.98,21765.48
1 0300.643.01.153.20 2017,,1073.0,INVESTIGACIONES/ESTUDIOS Y PROYECTOS,0.0,184823.62,0.0,184823.62,0.0,129526.62,106052.62,106052.62,106052.62
1 0300.643.01.153.20 2015,,1072.0,INVESTIGACIONES/ESTUDIOS Y PROYECTOS,0.0,4840.0,0.0,4840.0,0.0,4840.0,4840.0,4840.0,4840.0
1 0400.120.01.133.20 2018,,1255.0,RETRIBUCIONES BASICAS,0.0,0.0,0.0,0.0,0.0,0.0,0.0,0.0,0.0
1 0400.120.01.153.40 2018,,61.0,RETRIBUCIONES BASICAS,75105.33,75105.33,0.0,39835.54,35269.79,39835.54,39835.54,39835.54,39835.54
1 0400.120.01.165.00 2018,,91.0,RETRIBUCIONES BASICAS,12743.35,12743.35,0.0,7302.0,5441.35,7302.0,7302.0,7302.0,7302.0
1 0400.121.99.153.40 2018,,62.0,COMPLEMENTOS VARIOS,280284.8,280284.8,0.0,98835.41,181449.39,98835.41,98835.41,98835.41,98835.41
1 0400.121.99.165.00 2018,,92.0,COMPLEMENTOS VARIOS,25931.22,25931.22,0.0,17916.82,8014.4,17916.82,17916.82,17916.82,17916.82
1 0400.130.03.153.40 2018,,63.0,REMUNERACIONES PERSONAL LABORAL FIJO,364016.96,364016.96,0.0,237669.3,126347.66,237669.3,237669.3,237669.3,237669.3
1 0400.130.03.165.00 2018,,580.0,REMUN.PERSONAL LABORAL FIJO,76357.57,76357.57,0.0,49852.6,26504.97,49852.6,49852.6,49852.6,49852.6
1 0400.130.03.171.00 2018,,102.0,REMUNERACIONES PERSONAL LABORAL FIJO,88150.41,88150.41,0.0,60903.22,27247.19,60903.22,60903.22,60903.22,60903.22
1 0400.130.03.323.00 2018,,188.0,REMUNERACIONES PERSONAL LABORAL FIJO,175751.82,175751.82,0.0,62386.05,113365.77,62386.05,62386.05,62386.05,62386.05
1 0400.130.03.920.40 2018,,433.0,REMUNERACIONES PERSONAL LABORAL FIJO,72312.39,72312.39,0.0,23640.88,48671.51,23640.88,23640.88,23640.88,23640.88
1 0400.131.01.153.40 2018,,64.0,LABORAL EVENTUAL,185872.56,185872.56,0.0,205012.33,-19139.77,205012.33,205012.33,205012.33,205012.33
1 0400.131.01.164.00 2018,,82.0,LABORAL EVENTUAL,88064.53,88064.53,0.0,49921.94,38142.59,49921.94,49921.94,49921.94,49921.94
1 0400.131.01.171.00 2018,,103.0,LABORAL EVENTUAL,78470.5,78470.5,0.0,33676.01,44794.49,33676.01,33676.01,33676.01,33676.01
1 0400.131.01.323.00 2018,,643.0,LABORAL EVENTUAL,0.0,0.0,0.0,31121.74,-31121.74,31121.74,31121.74,31121.74,31121.74
1 0400.131.01.920.40 2018,,811.0,LABORAL EVENTUAL,0.0,0.0,0.0,15018.72,-15018.72,15018.72,15018.72,15018.72,15018.72
1 0400.160.01.153.40 2018,,65.0,SEGURIDAD SOCIAL,268359.91,268359.91,0.0,173359.99,94999.92,173359.99,173359.99,173359.99,173359.99
1 0400.160.01.164.00 2018,,83.0,SEGURIDAD SOCIAL,30341.85,30341.85,0.0,18570.94,11770.91,18570.94,18570.94,18570.94,18570.94
1 0400.160.01.165.00 2018,,94.0,SEGURIDAD SOCIAL,28179.28,28179.28,0.0,26932.76,1246.52,26932.76,26932.76,26932.76,26932.76
1 0400.160.01.171.00 2018,,104.0,SEGURIDAD SOCIAL,62850.68,62850.68,0.0,25384.04,37466.64,25384.04,25384.04,25384.04,25384.04
1 0400.160.01.323.00 2018,,189.0,SEGURIDAD SOCIAL,57181.78,57181.78,0.0,32858.94,24322.84,32858.94,32858.94,32858.94,32858.94
1 0400.160.01.920.40 2018,,434.0,SEGURIDAD SOCIAL,28417.44,28417.44,0.0,13380.63,15036.81,13380.63,13380.63,13380.63,13380.63
1 0400.160.04.153.40 2018,,66.0,CUOTAS ELKARKIDETZA,18440.38,18440.38,0.0,12899.07,5541.31,12899.07,12899.07,12899.07,12899.07
1 0400.160.04.164.00 2018,,84.0,CUOTAS ELKARKIDETZA,2914.38,2914.38,0.0,624.51,2289.87,624.51,624.51,624.51,624.51
1 0400.160.04.165.00 2018,,95.0,CUOTAS ELKARKIDETZA,2899.12,2899.12,0.0,1873.53,1025.59,1873.53,1873.53,1873.53,1873.53
1 0400.160.04.171.00 2018,,105.0,CUOTAS ELKARKIDETZA,1942.92,1942.92,0.0,624.51,1318.41,624.51,624.51,624.51,624.51
1 0400.160.04.323.00 2018,,190.0,CUOTAS ELKARKIDETZA,3400.11,3400.11,0.0,2498.04,902.07,2498.04,2498.04,2498.04,2498.04
1 0400.160.04.920.40 2018,,435.0,CUOTAS ELKARKIDETZA,3076.32,3076.32,0.0,1561.23,1515.09,1561.23,1561.23,1561.23,1561.23
1 0400.210.01.153.40 2018,,67.0,INFRAESTRUCTURA Y BIENES NATURALES,108000.0,108000.0,0.0,85186.4,22813.6,85186.4,56945.75,55599.98,50702.66
1 0400.210.01.153.40 2017,,1074.0,INFRAESTRUCTURA Y BIENES NATURALES,0.0,10408.44,0.0,10408.44,0.0,10408.44,9071.57,9071.57,9071.57
1 0400.210.01.454.00 2018,,367.0,INFRAESTRUCTURA Y BIENES NATURALES,70000.0,70000.0,0.0,62464.17,7535.83,62464.17,53349.84,53349.84,51897.84
1 0400.210.01.454.00 2017,,1075.0,INFRAESTRUCTURA Y BIENES NATURALES,0.0,26290.9,0.0,26290.9,0.0,26290.9,22328.15,7828.72,7828.72
1 0400.211.01.323.00 2018,,191.0,EDIFIC/OTRAS CONSTRUCCIONES. MANTTO.,30000.0,30000.0,0.0,19339.36,10660.64,19339.36,17275.69,15983.34,9645.41
1 0400.211.01.323.00 2017,,1076.0,EDIFIC/OTRAS CONSTRUCCIONES. MANTTO.,0.0,16606.14,0.0,16606.14,0.0,16606.14,15758.33,15758.33,15758.33
1 0400.211.01.333.10 2018,,226.0,EDIFICIOS Y OTRAS CONSTRUCCIONES,5000.0,5000.0,0.0,3945.2,1054.8,3945.2,3938.86,3938.86,3938.86
1 0400.211.01.333.10 2017,,1077.0,EDIFICIOS Y OTRAS CONSTRUCCIONES,0.0,671.55,0.0,447.7,223.85,447.7,447.7,447.7,447.7
1 0400.211.01.333.20 2018,,233.0,EDIFICIOS Y OTRAS CONSTRUCCIONES,10000.0,10000.0,0.0,5629.23,4370.77,5629.23,4189.57,4189.57,4189.57
1 0400.211.01.333.20 2017,,1078.0,EDIFICIOS Y OTRAS CONSTRUCCIONES,0.0,1070.04,0.0,1070.04,0.0,1070.04,0.0,0.0,0.0
1 0400.211.01.920.40 2018,,436.0,EDIFICIOS Y OTRAS CONSTRUCCIONES,54000.0,54000.0,0.0,15647.68,38352.32,15647.68,13833.15,13833.15,13627.45
1 0400.211.01.920.40 2017,,1079.0,EDIFICIOS Y OTRAS CONSTRUCCIONES,0.0,33239.54,0.0,33239.54,0.0,33239.54,30497.9,30497.9,30497.9
1 0400.212.01.134.00 2018,,28.0,MAQUINARIA/INSTALAC/UTILLAJE. MANTTO,456472.11,456472.11,0.0,470839.47,-14367.36,470839.47,316676.38,311407.61,310935.35
1 0400.212.01.134.00 2017,,1080.0,MAQUINARIA/INSTALAC/UTILLAJE. MANTTO,0.0,76284.29,0.0,76284.29,0.0,76284.29,29718.95,29359.58,25963.11
1 0400.212.01.163.00 2018,,77.0,MAQUINARIA/INSTALAC/UTILLAJE,1000.0,1000.0,0.0,252.36,747.64,252.36,252.36,252.36,252.36
1 0400.212.01.164.00 2018,,85.0,MAQUIN/INSTAL/UTILLAJE.MANTTO,10000.0,10000.0,0.0,4061.75,5938.25,4061.75,3023.57,3023.57,3023.57
1 0400.212.01.164.00 2017,,1081.0,MAQUIN/INSTAL/UTILLAJE.MANTTO,0.0,134.3,0.0,134.3,0.0,134.3,0.0,0.0,0.0
1 0400.212.01.165.00 2018,,96.0,MAQUIN/INSTALAC/UTILLAJE.MANTTO,45000.0,45000.0,0.0,25387.28,19612.72,25387.28,23877.14,23877.14,19357.04
1 0400.212.01.165.00 2017,,1082.0,MAQUIN/INSTALAC/UTILLAJE.MANTTO,0.0,3993.9,0.0,3993.9,0.0,3993.9,2715.37,2715.37,2715.37
1 0400.212.01.171.00 2018,,106.0,MAQUINARIA/INSTALAC/UTILLAJE,4000.0,4000.0,0.0,1886.97,2113.03,1886.97,1883.78,1883.78,1883.78
1 0400.212.01.323.00 2018,,192.0,"MAQUINARIA, INSTALACIONES Y UTILLAJE",16971.55,16971.55,0.0,19726.29,-2754.74,19726.29,11272.96,10667.12,10506.54
1 0400.212.01.323.00 2017,,1083.0,"MAQUINARIA, INSTALACIONES Y UTILLAJE",0.0,1204.3,0.0,1204.3,0.0,1204.3,389.62,389.62,389.62
1 0400.212.01.333.10 2018,,787.0,"MAQUINARIA, INSTALACIONES Y UTILLAJE",4731.59,4731.59,0.0,6846.09,-2114.5,6846.09,4169.63,4169.63,4009.05
1 0400.212.01.333.20 2018,,993.0,"MAQUINARIA, INSTALACIONES Y UTILLAJE",13963.45,13963.45,0.0,10265.16,3698.29,10265.16,6758.43,6442.25,5618.35
1 0400.212.01.920.40 2018,,437.0,"MAQUINARIA, INSTALACIONES Y UTILLAJE",20803.78,20803.78,0.0,28301.28,-7497.5,28301.28,15020.82,14352.47,14239.48
1 0400.212.01.920.40 2017,,1084.0,"MAQUINARIA, INSTALACIONES Y UTILLAJE",0.0,1979.81,0.0,1979.81,0.0,1979.81,0.0,0.0,0.0
1 0400.213.01.153.40 2018,,68.0,MATERIAL DE TRANSPORTE. MANTENIMIENTO,17000.0,17000.0,0.0,8472.03,8527.97,8472.03,7535.93,7535.93,7535.93
1 0400.213.01.153.40 2017,,1085.0,MATERIAL DE TRANSPORTE. MANTENIMIENTO,0.0,267.26,0.0,267.26,0.0,267.26,0.0,0.0,0.0
1 0400.220.01.333.20 2018,,1249.0,MATERIAL NO INVENTARIABLE,0.0,0.0,0.0,0.0,0.0,0.0,0.0,0.0,0.0
1 0400.221.01.134.00 2018,,29.0,ENERGIA ELECTRICA,60000.0,60000.0,0.0,42510.97,17489.03,42510.97,42510.97,42510.97,42510.97
1 0400.221.01.165.00 2018,,97.0,ENERGIA ELECTRICA,230000.0,230000.0,0.0,130712.67,99287.33,130712.67,130712.67,152648.72,152524.48
1 0400.221.01.323.00 2018,,193.0,ENERGIA ELECTRICA,87000.0,87000.0,0.0,55387.69,31612.31,55387.69,54624.6,54624.6,54624.6
1 0400.221.01.333.10 2018,,228.0,ENERGIA ELECTRICA,16000.0,16000.0,0.0,11247.26,4752.74,11247.26,11247.26,11247.26,10422.31
1 0400.221.01.333.20 2018,,234.0,ENERGIA ELECTRICA,47000.0,47000.0,0.0,29561.58,17438.42,29561.58,29561.58,29561.58,26198.2
1 0400.221.01.920.40 2018,,438.0,ENERGIA ELECTRICA,70000.0,70000.0,0.0,48514.82,21485.18,48514.82,47546.97,47860.2,47619.93
1 0400.221.01.920.40 2017,,1086.0,ENERGIA ELECTRICA,0.0,288.4,0.0,288.4,0.0,288.4,288.4,288.4,288.4
1 0400.221.02.920.40 2018,,439.0,AGUA,78000.0,78000.0,0.0,57083.75,20916.25,57083.75,57083.75,57083.75,57083.75
1 0400.221.04.153.40 2018,,69.0,COMBUSTIBLES Y CARBURANTES VEHICULOS,22000.0,22000.0,0.0,17938.0,4062.0,17938.0,11242.73,11242.73,10278.43
1 0400.221.04.163.00 2018,,78.0,COMBUSTIBLES Y CARBURANTES,3000.0,3000.0,0.0,3243.0,-243.0,3243.0,830.41,830.41,830.41
1 0400.221.04.323.00 2018,,194.0,COMBUSTIBLES Y CARBURANTES,82000.0,82000.0,0.0,52318.98,29681.02,52318.98,52318.98,52318.98,51218.87
1 0400.221.04.333.10 2018,,229.0,COMBUSTIBLES Y CARBURANTES,13500.0,13500.0,0.0,10401.44,3098.56,10401.44,10401.44,10401.44,10204.2
1 0400.221.04.333.20 2018,,235.0,COMBUSTIBLES Y CARBURANTES,15000.0,15000.0,0.0,16310.35,-1310.35,16310.35,16310.35,16310.35,16223.38
1 0400.221.04.920.40 2018,,440.0,COMBUSTIBLES Y CARBURANTES,26000.0,26000.0,0.0,18586.74,7413.26,18586.74,18586.74,18586.74,18456.42
1 0400.221.05.153.40 2018,,70.0,VESTUARIO,8000.0,8000.0,0.0,9819.02,-1819.02,9819.02,1735.2,1499.6,1499.6
1 0400.221.05.153.40 2017,,1088.0,VESTUARIO,0.0,1046.95,0.0,1046.95,0.0,1046.95,0.0,0.0,0.0
1 0400.221.05.164.00 2018,,86.0,VESTUARIO,500.0,500.0,0.0,0.0,500.0,0.0,0.0,0.0,0.0
1 0400.221.05.171.00 2018,,432.0,VESTUARIO,1500.0,1500.0,0.0,197.57,1302.43,197.57,197.57,197.57,197.57
1 0400.221.05.323.00 2018,,195.0,VESTUARIO,1500.0,1500.0,0.0,0.0,1500.0,0.0,0.0,0.0,0.0
1 0400.221.05.920.40 2018,,441.0,VESTUARIO,1500.0,1500.0,0.0,1221.36,278.64,1221.36,853.08,761.08,761.08
1 0400.221.09.920.40 2018,,442.0,PRODUCTOS DE LIMPIEZA Y ASEO,8500.0,8500.0,0.0,5379.74,3120.26,5379.74,4321.29,4321.29,4321.29
1 0400.221.09.920.40 2017,,1089.0,PRODUCTOS DE LIMPIEZA Y ASEO,0.0,648.92,0.0,648.92,0.0,648.92,641.66,641.66,641.66
1 0400.221.96.153.30 2018,,58.0,MANTENIMIENTO URBANO,49134.2,49134.2,0.0,26322.57,22811.63,26322.57,19657.11,19657.11,19657.11
1 0400.221.96.153.30 2017,,1090.0,MANTENIMIENTO URBANO,0.0,30973.21,0.0,30973.21,0.0,30973.21,29009.71,29009.71,29009.71
1 0400.221.96.442.00 2018,,365.0,MANTENIMIENTO.MARQUESINAS,1500.0,1500.0,0.0,1438.72,61.28,1438.72,1438.72,1438.72,1438.72
1 0400.221.99.133.20 2018,,26.0,OTROS SUM.(SEMAFOROS/SEÑALES/HITOS),20000.0,20000.0,0.0,6137.17,13862.83,6137.17,6137.17,6137.17,6137.17
1 0400.221.99.133.20 2017,,1091.0,OTROS SUM.(SEMAFOROS/SEÑALES/HITOS),0.0,11061.28,0.0,11061.28,0.0,11061.28,11061.26,11061.26,11061.26
1 0400.221.99.171.00 2018,,107.0,OTROS SUMINISTROS,51500.0,51500.0,0.0,53043.55,-1543.55,53043.55,32632.72,32632.72,32632.72
1 0400.222.01.920.40 2018,,443.0,TELEFONICAS,44000.0,44000.0,0.0,33662.02,10337.98,33662.02,21766.52,21766.52,21471.26
1 0400.222.01.920.40 2017,,1093.0,TELEFONICAS,0.0,15594.59,0.0,15594.59,0.0,15594.59,3502.04,3502.04,3502.04
1 0400.224.01.920.40 2018,,444.0,DE EDIFICIOS Y LOCALES.SEGUROS,58000.0,58000.0,0.0,60250.97,-2250.97,60250.97,60250.97,60250.97,60250.97
1 0400.224.02.153.40 2018,,71.0,DE VEHICULOS. SEGUROS,7000.0,7000.0,0.0,5310.0,1690.0,5310.0,5310.0,5310.0,5310.0
1 0400.225.02.425.00 2018,,339.0,TRIBUTOS DEL TERRITORIO HISTORICO,3000.0,3000.0,0.0,0.0,3000.0,0.0,0.0,0.0,0.0
1 0400.226.99.133.20 2018,,1210.0,OTROS GASTOS DIVERSOS,50000.0,50000.0,0.0,0.0,50000.0,0.0,0.0,0.0,0.0
1 0400.226.99.153.40 2018,,72.0,"ENGANCHES/CONS.FESTEJ-FERIAS,ETC.",16000.0,16000.0,0.0,13182.79,2817.21,13182.79,13182.79,13359.15,13359.15
1 0400.226.99.165.00 2018,,98.0,OTROS GTOS DIV.INSPECC.ORGAN.CONTROL,4000.0,4000.0,0.0,2777.46,1222.54,2777.46,2653.44,2653.44,2653.44
1 0400.226.99.165.00 2017,,1094.0,OTROS GTOS DIV.INSPECC.ORGAN.CONTROL,0.0,344.73,0.0,344.73,0.0,344.73,0.0,0.0,0.0
1 0400.226.99.171.00 2018,,108.0,OTR.GTOS DIV.DESBR.TALUDES/AJARDINAM.,60000.0,60000.0,0.0,60000.0,0.0,60000.0,20974.43,20974.43,10807.09
1 0400.226.99.171.00 2017,,1095.0,OTR.GTOS DIV.DESBR.TALUDES/AJARDINAM.,0.0,20597.93,0.0,20597.93,0.0,20597.93,20597.93,20597.93,20597.93
1 0400.227.01.134.00 2018,,30.0,LIMPIEZA,51676.52,51676.52,0.0,49217.24,2459.28,49217.24,20957.76,20957.76,19302.4
1 0400.227.01.134.00 2017,,1096.0,LIMPIEZA,0.0,1735.37,0.0,1735.37,0.0,1735.37,0.0,0.0,0.0
1 0400.227.01.153.30 2018,,59.0,LIMPIEZA,22339.46,22339.46,0.0,21276.29,1063.17,21276.29,11973.44,11973.44,10200.41
1 0400.227.01.163.00 2018,,79.0,LIMPIEZA,61733.32,61733.32,0.0,50705.07,11028.25,50705.07,43877.66,34956.66,34956.66
1 0400.227.01.163.00 2017,,1097.0,LIMPIEZA,0.0,2549.47,0.0,2549.47,0.0,2549.47,2549.47,2549.47,2549.47
1 0400.227.01.164.00 2018,,87.0,LIMPIEZA. GESTION RESIDUOS,1000.0,1000.0,0.0,620.4,379.6,620.4,620.4,620.4,620.4
1 0400.227.01.323.00 2018,,196.0,LIMPIEZA,561913.89,561913.89,0.0,535171.88,26742.01,535171.88,322016.1,322016.1,322016.1
1 0400.227.01.333.20 2018,,236.0,LIMPIEZA,176969.33,176969.33,0.0,168547.2,8422.13,168547.2,108304.24,108304.24,98957.43
1 0400.227.01.442.00 2018,,366.0,LIMPIEZA. MARQUESINAS,3837.0,3837.0,0.0,3654.39,182.61,3654.39,2131.71,2131.71,1827.18
1 0400.227.01.920.40 2018,,445.0,LIMPIEZA,20919.03,20919.03,0.0,19923.47,995.56,19923.47,12574.92,12574.92,11359.72
1 0400.227.99.133.20 2018,,27.0,OTROS TRABAJOS EXTERIORES,72568.68,72568.68,0.0,60964.79,11603.89,60964.79,32942.65,32942.65,29863.93
1 0400.227.99.153.40 2018,,248.0,OTROS TRABAJOS EXTERIORES,10000.0,10000.0,0.0,811.25,9188.75,811.25,811.25,811.25,811.25
1 0400.227.99.311.70 2018,,187.0,OTR.TRAB.EXTER.DESRATIZ/ACTUAC.EXTRAORD.,16005.0,16005.0,0.0,14373.7,1631.3,14373.7,5390.0,5390.0,5390.0
1 0400.230.01.153.40 2018,,73.0,DIETAS/LOCOMOC/TRASLADO PERSONAL,100.0,100.0,0.0,279.64,-179.64,279.64,279.64,279.64,279.64
1 0400.230.01.164.00 2018,,88.0,DIETAS/LOCOMOC/TRASLADO PERSONAL,100.0,100.0,0.0,0.0,100.0,0.0,0.0,0.0,0.0
1 0400.230.01.165.00 2018,,99.0,DIETAS/LOCOMOC/TRASLADO PERSONAL,100.0,100.0,0.0,33.0,67.0,33.0,33.0,33.0,33.0
1 0400.230.01.171.00 2018,,109.0,DIETAS/LOCOMOC/TRASLADO PERSONAL,100.0,100.0,0.0,14.3,85.7,14.3,14.3,14.3,14.3
1 0400.230.01.323.00 2018,,197.0,DIETAS/LOCOMOC/TRASLADO PERSONAL,100.0,100.0,0.0,0.0,100.0,0.0,0.0,0.0,0.0
1 0400.230.01.920.40 2018,,446.0,DIETAS/LOCOMOC/TRASLADO PERSONAL,100.0,100.0,0.0,238.1,-138.1,238.1,238.1,238.1,238.1
1 0400.421.01.163.00 2018,,80.0,MANCOMUNIDAD,1376182.36,1376182.36,0.0,1376182.36,0.0,1376182.36,1032136.74,1032136.74,1032136.74
1 0400.422.01.454.00 2018,,368.0,DEBEMEN,40881.12,40881.12,0.0,35422.25,5458.87,35422.25,35422.25,35422.25,35422.25
1 0400.601.11.171.00 2018,,110.0,MEJORA FUENTES Y JARDINES,15000.0,15000.0,0.0,0.0,15000.0,0.0,0.0,0.0,0.0
1 0400.601.11.171.00 2017,,1098.0,MEJORA FUENTES Y JARDINES,0.0,33999.55,0.0,33999.55,0.0,33999.55,33999.55,33999.55,33999.55
1 0400.601.14.920.40 2018,,1002.0,OBRAS MENORES,30000.0,30000.0,0.0,10067.86,19932.14,10067.86,0.0,0.0,0.0
1 0400.601.33.164.00 2018,,428.0,OBRAS MEJORA CEMENTERIO,60500.0,65767.28,0.0,8136.17,57631.11,8136.17,8136.17,8136.17,8136.17
1 0400.601.33.164.00 2017,,1099.0,OBRAS MEJORA CEMENTERIO,0.0,60643.47,0.0,60643.47,0.0,60643.47,60379.69,60379.69,60379.69
1 0400.623.01.153.40 2018,,75.0,MAQUINARIA,5000.0,5000.0,0.0,2228.0,2772.0,2228.0,2228.0,2228.0,2228.0
1 0400.623.01.153.40 2017,,1100.0,MAQUINARIA,0.0,1524.81,0.0,1524.81,0.0,1524.81,0.0,0.0,0.0
1 0400.623.01.171.00 2018,,111.0,MAQUINARIA,5000.0,5000.0,0.0,0.0,5000.0,0.0,0.0,0.0,0.0
1 0400.623.02.165.00 2018,,100.0,NUEVAS INSTALAC.ALUMBRADO PUBLICO,20000.0,20000.0,0.0,16678.4,3321.6,16678.4,7506.67,7506.67,0.0
1 0400.624.01.153.40 2018,,1215.0,MATERIAL DE TRANSPORTE,20000.0,20000.0,0.0,20000.0,0.0,18977.0,0.0,0.0,0.0
1 0400.625.03.133.20 2017,,1211.0,OTROS EQQUIPOS. RADAR PREVENTIVO,0.0,4452.91,0.0,4452.91,0.0,4452.91,4452.91,4452.91,4452.91
1 0400.626.01.333.20 2018,,1248.0,OTROS EQUIPOS,0.0,0.0,0.0,0.0,0.0,0.0,0.0,0.0,0.0
1 0400.629.01.165.00 2018,,101.0,OTRAS INVERS.MEDID.AHORRO ENERG.ALUMBR.,100000.0,100000.0,0.0,100000.0,0.0,100000.0,0.0,0.0,0.0
1 0400.629.01.165.00 2017,,1102.0,OTRAS INVERS.MEDID.AHORRO ENERG.ALUMBR.,0.0,357.32,0.0,357.32,0.0,357.32,0.0,0.0,0.0
1 0400.629.01.920.40 2018,,1003.0,OTRAS INVERSION. MEDIDAS DE AHORRO ENERG,20000.0,20000.0,0.0,0.0,20000.0,0.0,0.0,0.0,0.0
1 0400.629.03.153.30 2018,,60.0,EQUIPAMIENTO URBANO,249000.0,249000.0,0.0,62337.16,186662.84,62337.16,0.0,0.0,0.0
1 0400.629.03.153.30 2017,,1103.0,EQUIPAMIENTO URBANO,0.0,74641.21,0.0,74641.21,0.0,73312.71,73312.71,73312.71,73312.71
1 0500.120.01.230.10 2018,,119.0,RETRIBUCIONES BASICAS,122775.87,122775.87,0.0,102779.63,19996.24,102779.63,102779.63,102779.63,102779.63
1 0500.120.01.231.10 2018,,1051.0,RETRIBUCIONES BASICAS,0.0,0.0,0.0,7042.23,-7042.23,7042.23,7042.23,7042.23,7042.23
1 0500.120.01.231.50 2018,,156.0,RETRIBUCIONES BASICAS,35111.48,35111.48,0.0,20175.34,14936.14,20175.34,20175.34,20175.34,20175.34
1 0500.120.01.231.70 2018,,168.0,RETRIBUCIONES BASICAS,9798.76,9798.76,0.0,5663.05,4135.71,5663.05,5663.05,5663.05,5663.05
1 0500.120.01.231.80 2018,,175.0,RETRIBUCIONES BASICAS,14932.67,14932.67,0.0,6913.53,8019.14,6913.53,6913.53,6913.53,6913.53
1 0500.121.99.230.10 2018,,120.0,COMPLEMENTOS VARIOS,170551.8,170551.8,0.0,184633.14,-14081.34,184633.14,184633.14,184633.14,184633.14
1 0500.121.99.231.10 2018,,1052.0,COMPLEMENTOS VARIOS,0.0,0.0,0.0,13985.52,-13985.52,13985.52,13985.52,13985.52,13985.52
1 0500.121.99.231.50 2018,,157.0,COMPLEMENTOS VARIOS,43177.74,43177.74,0.0,30469.75,12707.99,30469.75,30469.75,30469.75,30469.75
1 0500.121.99.231.70 2018,,169.0,COMPLEMENTOS VARIOS,15372.19,15372.19,0.0,10781.67,4590.52,10781.67,10781.67,10781.67,10781.67
1 0500.121.99.231.80 2018,,176.0,COMPLEMENTOS VARIOS,20732.23,20732.23,0.0,12110.06,8622.17,12110.06,12110.06,12110.06,12110.06
1 0500.130.03.231.10 2018,,140.0,REMUNERACIONES PERSONAL LABORAL FIJO,173479.93,173479.93,0.0,124006.88,49473.05,124006.88,124006.88,124006.88,124006.88
1 0500.131.01.230.10 2018,,121.0,LABORAL EVENTUAL,62066.7,62066.7,0.0,23689.66,38377.04,23689.66,23689.66,23689.66,23689.66
1 0500.131.01.231.10 2018,,141.0,LABORAL EVENTUAL,28814.65,28814.65,0.0,0.0,28814.65,0.0,0.0,0.0,0.0
1 0500.160.01.230.10 2018,,122.0,SEGURIDAD SOCIAL,103806.63,103806.63,0.0,83469.39,20337.24,83469.39,83469.39,83469.39,83469.39
1 0500.160.01.231.10 2018,,142.0,SEGURIDAD SOCIAL,64587.76,64587.76,0.0,33452.29,31135.47,33452.29,33452.29,33452.29,33452.29
1 0500.160.01.231.50 2018,,158.0,SEGURIDAD SOCIAL,20881.91,20881.91,0.0,13801.93,7079.98,13801.93,13801.93,13801.93,13801.93
1 0500.160.01.231.70 2018,,170.0,SEGURIDAD SOCIAL,5602.88,5602.88,0.0,3596.37,2006.51,3596.37,3596.37,3596.37,3596.37
1 0500.160.01.231.80 2018,,177.0,SEGURIDAD SOCIAL,11015.99,11015.99,0.0,2251.71,8764.28,2251.71,2251.71,2251.71,2251.71
1 0500.160.04.230.10 2018,,123.0,CUOTAS ELKARKIDETZA,4958.8,4958.8,0.0,4121.68,837.12,4121.68,4121.68,4121.68,4121.68
1 0500.160.04.231.10 2018,,143.0,CUOTAS ELKARKIDETZA,6274.1,6274.1,0.0,5039.55,1234.55,5039.55,5039.55,5039.55,5039.55
1 0500.160.04.231.50 2018,,159.0,CUOTAS ELKARKIDETZA,1416.8,1416.8,0.0,910.8,506.0,910.8,910.8,910.8,910.8
1 0500.160.04.231.70 2018,,171.0,CUOTAS ELKARKIDETZA,708.4,708.4,0.0,455.4,253.0,455.4,455.4,455.4,455.4
1 0500.160.04.231.80 2018,,1246.0,CUOTAS ELKARKIDETZA,0.0,0.0,0.0,0.0,0.0,0.0,0.0,0.0,0.0
1 0500.201.01.231.40 2018,,150.0,EDIFICIOS Y OTRAS CONSTRUCCIONES,15000.0,15000.0,0.0,9529.44,5470.56,9529.44,7112.4,7112.4,7112.4
1 0500.201.01.337.10 2018,,310.0,EDIFICIOS Y OTRAS CONSTRUCCIONES,3000.0,3000.0,0.0,2816.37,183.63,2816.37,2816.37,2816.37,2816.37
1 0500.211.01.231.40 2018,,151.0,EDIFICIOS Y OTRAS CONSTRUCCIONES,6000.0,6000.0,0.0,5046.73,953.27,5046.73,5033.69,5027.01,5027.01
1 0500.211.01.231.40 2017,,1104.0,EDIFICIOS Y OTRAS CONSTRUCCIONES,0.0,145.2,0.0,145.2,0.0,145.2,0.0,0.0,0.0
1 0500.211.01.337.10 2018,,311.0,EDIFIC/OTRAS CONSTRUCC.MANTTO.HOG.JUBIL.,17577.1,17577.1,0.0,7129.63,10447.47,7129.63,4965.14,4851.09,4613.2
1 0500.211.01.337.10 2017,,1105.0,EDIFIC/OTRAS CONSTRUCC.MANTTO.HOG.JUBIL.,0.0,96.8,0.0,96.8,0.0,96.8,0.0,0.0,0.0
1 0500.221.01.231.40 2018,,152.0,ENERGIA ELECTRICA,6365.4,6365.4,0.0,4182.87,2182.53,4182.87,4182.87,4363.04,4182.87
1 0500.221.01.337.10 2018,,312.0,ENERGIA ELECTRICA,25029.0,25029.0,0.0,14479.31,10549.69,14479.31,14479.31,14479.31,14479.31
1 0500.221.04.231.40 2018,,153.0,COMBUSTIBLES Y CARBURANTES,309.0,309.0,0.0,125.12,183.88,125.12,125.12,125.12,112.86
1 0500.221.04.337.10 2018,,313.0,COMBUSTIBLES Y CARBURANTES,16480.0,16480.0,0.0,8417.89,8062.11,8417.89,8417.89,8417.89,8110.74
1 0500.221.05.231.10 2018,,144.0,VESTUARIO,810.0,810.0,0.0,347.03,462.97,347.03,347.03,347.03,347.03
1 0500.221.99.231.50 2018,,160.0,OTROS SUMINISTROS.PISO MUJER,2000.0,2000.0,0.0,0.0,2000.0,0.0,0.0,0.0,0.0
1 0500.226.02.230.20 2018,,135.0,DONATIVOS DESASTRES NATURALES,6000.0,6000.0,0.0,2000.0,4000.0,2000.0,2000.0,2000.0,2000.0
1 0500.226.03.231.50 2018,,1218.0,"PUBLICACIONES, PUBLICIDAD Y PROPAGANDA",1637.19,1637.19,0.0,1488.85,148.34,1488.85,1488.85,1488.85,1488.85
1 0500.226.04.230.10 2018,,37.0,JURIDICOS,8000.0,8000.0,0.0,0.0,8000.0,0.0,0.0,0.0,0.0
1 0500.226.58.230.10 2018,,124.0,OTROS GASTOS DIVERSOS.TRANSEUNTES,5060.0,5060.0,0.0,2217.85,2842.15,2217.85,2217.85,2217.85,2217.85
1 0500.226.64.231.60 2018,,165.0,INTERV.GLOB.C/COLECT.DIFICULT.INTEGRAC.,50400.0,50400.0,0.0,44731.67,5668.33,44731.67,22068.9,22068.9,22068.9
1 0500.226.64.231.60 2017,,1106.0,INTERV.GLOB.C/COLECT.DIFICULT.INTEGRAC.,0.0,2996.96,0.0,2996.96,0.0,2996.96,2996.96,2996.96,2996.96
1 0500.226.68.230.10 2018,,125.0,ALOJAMIENTOS DE URGENCIA,927.0,927.0,0.0,0.0,927.0,0.0,0.0,0.0,0.0
1 0500.226.69.230.10 2018,,126.0,GASTOS IMPREVISTOS,13000.0,13000.0,0.0,3868.44,9131.56,3868.44,3531.77,3531.77,3531.77
1 0500.226.96.230.10 2018,,128.0,DIAGNOST/PLAN INTERV.PERS.MAYORES,18000.0,18000.0,0.0,1675.0,16325.0,1675.0,1675.0,1675.0,1675.0
1 0500.226.99.230.10 2018,,129.0,OTR.GTOS DIV.SEGUIMIENTO PERSON.MAYORES,30000.0,30000.0,0.0,0.0,30000.0,0.0,0.0,0.0,0.0
1 0500.226.99.231.50 2018,,161.0,OTROS GASTOS DIVERSOS,64100.0,70365.48,0.0,62588.54,7776.94,62588.54,24437.5,23351.39,20400.2
1 0500.226.99.231.50 2017,,1107.0,OTROS GASTOS DIVERSOS,0.0,11634.16,0.0,11634.16,0.0,11634.16,11177.08,11177.08,11177.08
1 0500.226.99.231.60 2018,,1219.0,OTROS GASTOS DIVERSOS,15000.0,15000.0,0.0,0.0,15000.0,0.0,0.0,0.0,0.0
1 0500.226.99.231.70 2018,,172.0,OTROS GASTOS DIVERSOS,20000.0,20000.0,0.0,19330.66,669.34,19330.66,8010.66,8010.66,2880.66
1 0500.226.99.231.80 2018,,178.0,OTROS GASTOS DIVERSOS,22000.0,22000.0,0.0,3195.39,18804.61,3195.39,3195.39,3195.39,3195.39
1 0500.227.01.231.40 2018,,154.0,LIMPIEZA,100.0,100.0,0.0,0.0,100.0,0.0,0.0,0.0,0.0
1 0500.227.04.231.60 2018,,166.0,CONTRATOS SOCIO-CULTURALES.MEDIO ABIERTO,180550.0,180550.0,0.0,169897.0,10653.0,169897.0,128093.38,128093.38,121200.81
1 0500.227.04.337.10 2018,,1250.0,ACTIVIDADES DE INTEGRACION SOCIAL,0.0,0.0,0.0,0.0,0.0,0.0,0.0,0.0,0.0
1 0500.227.07.230.10 2017,,1109.0,ESTUDIOS Y TRABAJOS TECNICOS,0.0,8812.66,0.0,8812.66,0.0,8812.66,0.0,0.0,0.0
1 0500.227.07.231.50 2018,,572.0,ESTUDIOS Y TRABAJOS TECNICOS,9000.0,27089.5,0.0,27089.5,0.0,27089.5,0.0,0.0,0.0
1 0500.227.07.231.80 2017,,1110.0,ESTUD. Y TRAB. TECN. PLAN DE INMIGRACION,0.0,18137.9,0.0,18137.9,0.0,18137.9,0.0,0.0,0.0
1 0500.227.90.231.10 2018,,145.0,TRABAJOS EXTERNOS,465000.0,525000.0,0.0,519796.64,5203.36,519796.64,419149.5,364567.66,364567.66
1 0500.227.99.230.10 2018,,130.0,OTROS TRABAJOS EXTERIORES,515.0,515.0,0.0,0.0,515.0,0.0,0.0,0.0,0.0
1 0500.227.99.230.20 2018,,136.0,OTROS TRABAJOS EXTERIORES,6000.0,6000.0,0.0,6000.0,0.0,6000.0,0.0,0.0,0.0
1 0500.227.99.230.20 2017,,1113.0,OTROS TRABAJOS EXTERIORES,0.0,600.0,0.0,600.0,0.0,600.0,0.0,0.0,0.0
1 0500.227.99.230.20 2016,,1112.0,OTROS TRABAJOS EXTERIORES,0.0,510.0,0.0,510.0,0.0,510.0,0.0,0.0,0.0
1 0500.227.99.230.20 2015,,1111.0,OTROS TRABAJOS EXTERIORES,0.0,506.0,0.0,506.0,0.0,506.0,506.0,506.0,506.0
1 0500.227.99.231.40 2018,,155.0,OTR.TRAB.EXTER.SERV.SOCIOED.PISO 3ª EDAD,1090.0,1090.0,0.0,0.0,1090.0,0.0,0.0,0.0,0.0
1 0500.227.99.231.50 2018,,162.0,OTROS TRABAJOS EXTERIORES,412.0,412.0,0.0,0.0,412.0,0.0,0.0,0.0,0.0
1 0500.230.01.230.10 2018,,131.0,DIETAS/LOCOMOC/TRASLADO PERSONAL,100.0,100.0,0.0,293.58,-193.58,293.58,293.58,293.58,293.58
1 0500.230.01.231.10 2018,,146.0,DIETAS/LOCOMOC/TRASLADO PERSONAL,100.0,100.0,0.0,82.7,17.3,82.7,82.7,82.7,82.7
1 0500.230.01.231.50 2018,,163.0,DIETAS/LOCOMOC/TRASLADO PERSONAL,100.0,100.0,0.0,56.13,43.87,56.13,56.13,56.13,56.13
1 0500.230.01.231.70 2018,,173.0,DIETAS/LOCOMOC/TRASLADO PERSONAL,100.0,100.0,0.0,52.95,47.05,52.95,52.95,52.95,52.95
1 0500.230.01.231.80 2018,,179.0,DIETAS/LOCOMOC/TRASLADO PERSONAL,100.0,100.0,0.0,145.32,-45.32,145.32,145.32,145.32,145.32
1 0500.422.03.230.10 2018,,1217.0,TRANSF. A OTROS MUNICIPIOS DE GIPUZKOA,143304.0,143304.0,0.0,41620.91,101683.09,41620.91,41620.91,41620.91,41620.91
1 0500.431.03.231.90 2018,,180.0,O.A.A. RESIDENCIA DE ANCIANOS SAN ANDRES,354988.62,354988.62,0.0,0.0,354988.62,0.0,0.0,0.0,0.0
1 0500.480.01.230.20 2018,,137.0,A FAMILIAS.ELKARTASUN BEKAK,3000.0,3000.0,0.0,3000.0,0.0,0.0,0.0,0.0,0.0
1 0500.480.01.230.20 2017,,1114.0,A FAMILIAS.ELKARTASUN BEKAK,0.0,1500.0,0.0,1500.0,0.0,1500.0,1125.0,1125.0,1125.0
1 0500.480.02.231.60 2018,,587.0,A FAM. TRANSPORTE CENTR.INCLUSION SOCIAL,2200.0,2200.0,0.0,2200.0,0.0,0.0,0.0,0.0,0.0
1 0500.480.03.231.30 2018,,148.0,A FAMILIAS.A.E.S.,385687.0,585687.0,0.0,440490.42,145196.58,440490.42,281049.49,278186.3,278186.3
1 0500.480.03.231.30 2017,,1115.0,A FAMILIAS.A.E.S.,0.0,61986.21,0.0,40457.17,21529.04,40457.17,36556.84,36556.84,36556.84
1 0500.480.04.231.70 2018,,174.0,A FAMILIAS. DROGADICCION,3600.0,3600.0,3600.0,0.0,0.0,0.0,0.0,0.0,0.0
1 0500.480.16.231.30 2018,,149.0,SUBV.DESEMPL/PENSION.ESCAS.RECURSOS,73400.0,73400.0,0.0,73400.0,0.0,61600.0,61600.0,61600.0,61600.0
1 0500.480.19.231.30 2018,,571.0,A FAMIL.COBR.RGI ACT.EXTRAES.HIJOS,20000.0,20000.0,0.0,20000.0,0.0,90.0,90.0,90.0,90.0
1 0500.481.01.230.10 2018,,133.0,A INSTITUCIONES SIN FINES DE LUCRO,40000.0,40000.0,0.0,40000.0,0.0,0.0,0.0,0.0,0.0
1 0500.481.01.230.10 2017,,1116.0,A INSTITUCIONES SIN FINES DE LUCRO,0.0,8215.48,0.0,8215.48,0.0,7638.26,7638.26,7638.26,7638.26
1 0500.481.01.231.50 2018,,164.0,A INSTITUCIONES SIN FINES DE LUCRO,10000.0,10000.0,0.0,10000.0,0.0,0.0,0.0,0.0,0.0
1 0500.481.01.337.10 2017,,1117.0,A INSTITUCIONES SIN FINES DE LUCRO,0.0,1400.0,0.0,1400.0,0.0,1400.0,1400.0,1400.0,1400.0
1 0500.481.02.230.10 2018,,134.0,TRANSF.A ENTID.CONV.COLAB.BIZTU,3500.0,3500.0,0.0,3500.0,0.0,3500.0,2800.0,2800.0,2800.0
1 0500.481.02.230.10 2017,,1118.0,TRANSF.A ENTID.CONV.COLAB.BIZTU,0.0,700.0,0.0,700.0,0.0,700.0,700.0,700.0,700.0
1 0500.481.07.337.10 2018,,314.0,A INSTITUC.S/FINES LUCRO.HOG.JUBILADOS,46950.0,46950.0,0.0,28262.84,18687.16,28262.84,23896.84,23896.84,23896.84
1 0500.481.07.337.10 2017,,1119.0,A INSTITUC.S/FINES LUCRO.HOG.JUBILADOS,0.0,580.0,0.0,580.0,0.0,580.0,375.65,375.65,375.65
1 0500.481.08.230.20 2018,,138.0,TRANSF.A ENTID.COOP.INTERN.AL DESARROLLO,236859.0,236859.0,0.0,236859.0,0.0,0.0,0.0,0.0,0.0
1 0500.481.08.230.20 2017,,1121.0,TRANSF.A ENTID.COOP.INTERN.AL DESARROLLO,0.0,47371.8,0.0,47371.8,0.0,47371.8,0.0,0.0,0.0
1 0500.481.08.230.20 2016,,1120.0,TRANSF.A ENTID.COOP.INTERN.AL DESARROLLO,0.0,46835.06,0.0,46835.06,0.0,46835.06,23063.06,23063.06,23063.06
1 0500.481.14.231.80 2018,,816.0,TRANSFER ENTIDAD.EIBAR SAHARA ELKARTEA,2200.0,2200.0,0.0,2200.0,0.0,2200.0,0.0,0.0,0.0
1 0500.481.29.230.20 2018,,139.0,TRANSF.A ENTID.PROG.SENSIBILIZ.,18000.0,18000.0,0.0,18000.0,0.0,0.0,0.0,0.0,0.0
1 0500.481.29.230.20 2017,,1123.0,TRANSF.A ENTID.PROG.SENSIBILIZ.,0.0,2400.0,0.0,2400.0,0.0,2400.0,1200.0,1200.0,1200.0
1 0500.481.29.230.20 2016,,1122.0,TRANSF.A ENTID.PROG.SENSIBILIZ.,0.0,1200.0,0.0,1200.0,0.0,1200.0,1200.0,1200.0,1200.0
1 0500.481.30.230.10 2018,,990.0,TRANSF.A LA CRUZ ROJA. BANCO DE ALIMENTO,15000.0,15000.0,0.0,15000.0,0.0,15000.0,12000.0,12000.0,12000.0
1 0500.481.30.230.10 2017,,1124.0,TRANSF.A LA CRUZ ROJA. BANCO DE ALIMENTO,0.0,3000.0,0.0,3000.0,0.0,3000.0,3000.0,3000.0,3000.0
1 0500.601.05.231.50 2018,,1253.0,INVERSIONES PISO MUJER,0.0,0.0,0.0,0.0,0.0,0.0,0.0,0.0,0.0
1 0500.601.14.337.10 2018,,1251.0,OBRAS MENORES EN HOGARES JUBILADO,0.0,0.0,0.0,0.0,0.0,0.0,0.0,0.0,0.0
1 0500.625.01.230.10 2017,,1125.0,MOBILIARIO,0.0,17723.0,0.0,17723.0,0.0,15347.46,15275.49,15275.49,15274.19
1 0600.226.99.324.10 2018,,199.0,OTROS GASTOS DIVERSOS,102321.15,102321.15,0.0,75909.21,26411.94,75909.21,60775.21,60764.09,60374.58
1 0600.226.99.324.10 2017,,1126.0,OTROS GASTOS DIVERSOS,0.0,21751.14,0.0,21751.14,0.0,21751.14,17320.44,17320.44,17320.44
1 0600.227.99.324.10 2018,,200.0,OTROS TRABAJOS EXTERIORES,210000.0,223951.32,0.0,248920.78,-24969.46,248920.78,145406.14,145406.14,145406.14
1 0600.481.23.326.20 2018,,202.0,A VARIAS INSTITUC.S/FINES LUCRO,14876.0,14876.0,0.0,14876.0,0.0,14876.0,14876.0,14876.0,14876.0
1 0600.625.01.324.10 2017,,1127.0,MOBILIARIO,0.0,3985.74,0.0,3985.74,0.0,3985.74,3985.74,3985.74,3985.74
1 0700.120.01.330.00 2018,,203.0,RETRIBUCIONES BASICAS,56044.13,56044.13,0.0,30614.0,25430.13,30614.0,30614.0,30614.0,30614.0
1 0700.120.01.332.10 2018,,211.0,RETRIBUCIONES BASICAS,69150.48,69150.48,0.0,48124.85,21025.63,48124.85,48124.85,48124.85,48124.85
1 0700.120.01.333.30 2018,,237.0,RETRIBUCIONES BASICAS,15421.35,15421.35,0.0,6818.99,8602.36,6818.99,6818.99,6818.99,6818.99
1 0700.120.01.334.30 2018,,265.0,RETRIBUCIONES BASICAS,5280.02,5280.02,0.0,4480.47,799.55,4480.47,4480.47,4480.47,4480.47
1 0700.121.99.330.00 2018,,204.0,COMPLEMENTOS VARIOS,110965.25,110965.25,0.0,69206.32,41758.93,69206.32,69206.32,69206.32,69206.32
1 0700.121.99.332.10 2018,,212.0,COMPLEMENTOS VARIOS,127799.34,127799.34,0.0,113339.34,14460.0,113339.34,113339.34,113339.34,113339.34
1 0700.121.99.333.30 2018,,238.0,COMPLEMENTOS VARIOS,29892.06,29892.06,0.0,15840.78,14051.28,15840.78,15840.78,15840.78,15840.78
1 0700.121.99.334.30 2018,,266.0,COMPLEMENTOS VARIOS,8429.44,8429.44,0.0,9448.92,-1019.48,9448.92,9448.92,9448.92,9448.92
1 0700.130.03.334.30 2018,,267.0,REMUNERACIONES PERSONAL LABORAL FIJO,19013.69,19013.69,0.0,12364.82,6648.87,12364.82,12364.82,12364.82,12364.82
1 0700.131.01.333.30 2018,,803.0,LABORAL EVENTUAL,0.0,0.0,0.0,0.0,0.0,0.0,0.0,0.0,0.0
1 0700.131.01.334.30 2018,,268.0,LABORAL EVENTUAL,32954.79,32954.79,0.0,22199.81,10754.98,22199.81,22199.81,22199.81,22199.81
1 0700.160.01.330.00 2018,,205.0,SEGURIDAD SOCIAL,41260.94,41260.94,0.0,25205.79,16055.15,25205.79,25205.79,25205.79,25205.79
1 0700.160.01.332.10 2018,,214.0,SEGURIDAD SOCIAL,55060.09,55060.09,0.0,43594.52,11465.57,43594.52,43594.52,43594.52,43594.52
1 0700.160.01.333.30 2018,,239.0,SEGURIDAD SOCIAL,11670.19,11670.19,0.0,4012.33,7657.86,4012.33,4012.33,4012.33,4012.33
1 0700.160.01.334.30 2018,,269.0,SEGURIDAD SOCIAL,19483.83,19483.83,0.0,14707.09,4776.74,14707.09,14707.09,14707.09,14707.09
1 0700.160.04.330.00 2018,,206.0,CUOTAS ELKARKIDETZA,4521.86,4521.86,0.0,2282.4,2239.46,2282.4,2282.4,2282.4,2282.4
1 0700.160.04.332.10 2018,,215.0,CUOTAS ELKARKIDETZA,5047.98,5047.98,0.0,3869.64,1178.34,3869.64,3869.64,3869.64,3869.64
1 0700.160.04.333.30 2018,,240.0,CUOTAS ELKARKIDETZA,1162.14,1162.14,0.0,573.03,589.11,573.03,573.03,573.03,573.03
1 0700.160.04.334.30 2018,,270.0,CUOTAS ELKARKIDETZA,2324.28,2324.28,0.0,1423.08,901.2,1423.08,1423.08,1423.08,1423.08
1 0700.201.01.330.00 2018,,207.0,EDIFICIOS Y OTRAS CONSTRUCCIONES,1500.0,1500.0,0.0,0.0,1500.0,0.0,0.0,0.0,0.0
1 0700.201.01.337.20 2018,,315.0,EDIFICIOS Y OTRAS CONSTRUCCIONES,2000.0,2000.0,0.0,2000.0,0.0,2000.0,2000.0,2000.0,2000.0
1 0700.202.01.334.40 2018,,279.0,"MAQUINARIA, INSTALACIONES Y UTILLAJE",500.0,500.0,0.0,813.85,-313.85,813.85,0.0,0.0,0.0
1 0700.212.01.332.10 2018,,216.0,"MAQUINARIA, INSTALACIONES Y UTILLAJE",4150.0,4150.0,0.0,3611.01,538.99,3611.01,3611.01,3611.01,3611.01
1 0700.212.01.332.10 2017,,1128.0,"MAQUINARIA, INSTALACIONES Y UTILLAJE",0.0,162.35,0.0,162.35,0.0,162.35,0.0,0.0,0.0
1 0700.212.01.337.20 2018,,316.0,"MAQUINARIA, INSTALACIONES Y UTILLAJE",500.0,500.0,0.0,0.0,500.0,0.0,0.0,0.0,0.0
1 0700.215.02.333.10 2018,,227.0,MANTENIMIENTO DE APLICACIONES,5000.0,5000.0,0.0,1730.17,3269.83,1730.17,1730.17,1315.48,1315.48
1 0700.215.02.333.10 2017,,1129.0,MANTENIMIENTO DE APLICACIONES,0.0,87.84,0.0,87.84,0.0,87.84,47.64,47.64,47.64
1 0700.219.01.333.30 2018,,241.0,OTROS MANTENIMIENTOS,10250.0,10250.0,0.0,7641.35,2608.65,7641.35,7007.9,6778.0,6778.0
1 0700.220.01.333.30 2018,,242.0,ORDINARIO NO INVENTARIABLE,10000.0,10000.0,0.0,5660.75,4339.25,5660.75,1450.61,1450.61,1450.61
1 0700.220.01.333.30 2017,,1130.0,ORDINARIO NO INVENTARIABLE,0.0,414.06,0.0,414.06,0.0,414.06,0.0,0.0,0.0
1 0700.220.02.332.10 2018,,217.0,PRENSA/REVISTAS/LIBROS/OTRAS PUBLIC.,28000.0,28000.0,0.0,25637.86,2362.14,25637.86,24065.74,23769.82,23370.79
1 0700.220.02.332.10 2017,,1131.0,PRENSA/REVISTAS/LIBROS/OTRAS PUBLIC.,0.0,501.55,0.0,501.55,0.0,501.55,373.76,373.76,373.76
1 0700.221.09.333.10 2018,,230.0,PRODUCTOS DE LIMPIEZA Y ASEO,850.0,850.0,0.0,1116.77,-266.77,1116.77,853.96,853.96,853.96
1 0700.221.99.332.10 2018,,218.0,OTROS SUMINISTROS,7000.0,7000.0,0.0,3286.91,3713.09,3286.91,2868.56,2868.56,2855.07
1 0700.221.99.332.10 2017,,1132.0,OTROS SUMINISTROS,0.0,178.12,0.0,178.12,0.0,178.12,0.0,0.0,0.0
1 0700.221.99.333.10 2018,,231.0,OTROS SUMINISTROS,2500.0,2500.0,0.0,3096.73,-596.73,3096.73,2607.42,2607.42,2607.42
1 0700.221.99.333.10 2017,,1133.0,OTROS SUMINISTROS,0.0,316.14,0.0,316.14,0.0,316.14,287.27,287.27,287.27
1 0700.221.99.334.30 2018,,271.0,OTROS SUMINISTROS,5000.0,5000.0,0.0,5495.71,-495.71,5495.71,2841.17,2841.17,2841.17
1 0700.221.99.334.30 2017,,1134.0,OTROS SUMINISTROS,0.0,329.81,0.0,329.81,0.0,329.81,0.0,0.0,0.0
1 0700.221.99.338.00 2018,,324.0,OTROS SUMINISTROS,31600.0,73431.2,0.0,102248.92,-28817.72,100978.42,62315.36,62315.36,62315.36
1 0700.221.99.338.00 2017,,1135.0,OTROS SUMINISTROS,0.0,3096.38,0.0,3096.38,0.0,3096.38,0.0,0.0,0.0
1 0700.224.99.334.30 2018,,272.0,OTROS RIESGOS.SEGURO ALUMNOS,3090.0,3090.0,0.0,0.0,3090.0,0.0,0.0,0.0,0.0
1 0700.226.01.334.10 2018,,249.0,CANONES,4000.0,4000.0,0.0,3617.68,382.32,3617.68,3617.68,1891.75,1891.75
1 0700.226.01.334.10 2017,,1136.0,CANONES,0.0,270.62,0.0,270.62,0.0,270.62,141.72,141.72,141.72
1 0700.226.01.334.21 2018,,256.0,CANONES,5000.0,5000.0,0.0,450.27,4549.73,450.27,450.27,450.27,450.27
1 0700.226.01.334.21 2017,,1137.0,CANONES,0.0,66.35,0.0,66.35,0.0,66.35,63.8,63.8,63.8
1 0700.226.01.334.22 2018,,261.0,CANONES,6800.0,6800.0,0.0,5279.75,1520.25,5279.75,5279.75,5279.75,5279.75
1 0700.226.01.334.40 2018,,280.0,CANONES,300.0,300.0,0.0,0.0,300.0,0.0,0.0,0.0,0.0
1 0700.226.01.338.00 2018,,325.0,CANONES S.G.A.E.,2000.0,2000.0,0.0,0.0,2000.0,0.0,0.0,0.0,0.0
1 0700.226.02.332.10 2018,,219.0,ATENCIONES PROTOCOL/REPRESENTATIVAS,500.0,500.0,0.0,288.59,211.41,288.59,288.59,288.59,288.59
1 0700.226.02.338.00 2018,,326.0,ATENCIONES PROTOCOL/REPRESENTATIVAS,3090.0,3090.0,0.0,5436.15,-2346.15,5436.15,5436.15,5306.15,4470.49
1 0700.226.02.338.00 2017,,1138.0,ATENCIONES PROTOCOL/REPRESENTATIVAS,0.0,300.38,0.0,300.38,0.0,300.38,0.0,0.0,0.0
1 0700.226.03.330.00 2018,,208.0,"PUBLICACIONES, PUBLICIDAD Y PROPAGANDA",39000.0,39000.0,0.0,39380.61,-380.61,39380.61,24231.55,24231.55,24231.55
1 0700.226.03.330.00 2017,,1139.0,"PUBLICACIONES, PUBLICIDAD Y PROPAGANDA",0.0,1092.0,0.0,1092.0,0.0,1092.0,988.0,988.0,988.0
1 0700.226.03.332.10 2018,,220.0,"PUBLICACIONES, PUBLICIDAD Y PROPAGANDA",400.0,400.0,0.0,0.0,400.0,0.0,0.0,0.0,0.0
1 0700.226.03.333.30 2018,,243.0,"PUBLICACIONES, PUBLICIDAD Y PROPAGANDA",8000.0,8000.0,0.0,7858.13,141.87,7858.13,7858.13,7858.13,6950.63
1 0700.226.03.333.30 2017,,1140.0,"PUBLICACIONES, PUBLICIDAD Y PROPAGANDA",0.0,1028.5,0.0,1028.5,0.0,1028.5,544.5,544.5,544.5
1 0700.226.03.334.10 2018,,250.0,"PUBLICACIONES, PUBLICIDAD Y PROPAGANDA",500.0,500.0,0.0,3692.92,-3192.92,3692.92,1118.04,1118.04,1118.04
1 0700.226.03.334.21 2018,,257.0,"PUBLICACIONES, PUBLICIDAD Y PROPAGANDA",1545.0,1545.0,0.0,3808.61,-2263.61,3808.61,1671.86,1671.86,1671.86
1 0700.226.03.334.22 2018,,262.0,"PUBLICACIONES, PUBLICIDAD Y PROPAGANDA",7500.0,7500.0,0.0,11705.54,-4205.54,11705.54,11705.54,11705.54,11705.54
1 0700.226.03.334.30 2018,,273.0,"PUBLICACIONES, PUBLICIDAD Y PROPAGANDA",1000.0,1000.0,0.0,605.0,395.0,605.0,605.0,605.0,605.0
1 0700.226.03.334.40 2018,,281.0,"PUBLICACIONES, PUBLICIDAD Y PROPAGANDA",1000.0,1000.0,0.0,555.96,444.04,555.96,477.85,477.85,477.85
1 0700.226.03.338.00 2018,,327.0,"PUBLICACIONES, PUBLICIDAD Y PROPAGANDA",4075.0,4075.0,0.0,5856.53,-1781.53,5856.53,4471.08,4471.08,4471.08
1 0700.226.05.332.10 2018,,221.0,REUNIONES Y CONFERENCIAS,1500.0,1500.0,0.0,1120.0,380.0,1120.0,640.0,640.0,640.0
1 0700.226.05.332.10 2017,,1144.0,REUNIONES Y CONFERENCIAS,0.0,160.0,0.0,160.0,0.0,160.0,0.0,0.0,0.0
1 0700.226.05.333.30 2018,,244.0,REUNIONES Y CONFERENCIAS,2000.0,2000.0,0.0,1188.35,811.65,1188.35,858.35,858.35,858.35
1 0700.226.05.334.30 2018,,274.0,REUNIONES Y CONFERENCIAS,8700.0,8700.0,0.0,11227.99,-2527.99,11227.99,9537.75,9537.75,9537.75
1 0700.226.05.334.30 2017,,1145.0,REUNIONES Y CONFERENCIAS,0.0,2231.47,0.0,2231.47,0.0,2231.47,82.35,82.35,82.35
1 0700.226.06.334.30 2018,,275.0,ACTIVIDADES SOCIO-CULTURALES,500.0,500.0,0.0,330.0,170.0,330.0,330.0,330.0,330.0
1 0700.226.06.337.20 2018,,317.0,ACTIVIDADES SOCIO-CULTURALES,43874.36,43874.36,0.0,32233.9,11640.46,32229.9,26610.56,26610.56,26610.56
1 0700.226.06.337.20 2017,,1146.0,ACTIVIDADES SOCIO-CULTURALES,0.0,254.08,0.0,254.08,0.0,254.08,0.0,0.0,0.0
1 0700.226.06.338.00 2018,,328.0,ACTIVIDADES SOCIO-CULTURALES,106504.0,135804.0,0.0,73108.53,62695.47,73108.53,66732.88,60226.03,60226.03
1 0700.226.06.338.00 2017,,1147.0,ACTIVIDADES SOCIO-CULTURALES,0.0,1214.79,0.0,1214.79,0.0,1214.79,0.0,0.0,0.0
1 0700.226.81.337.20 2018,,318.0,OTROS GASTOS DIV.OFICINA INFORM.JUVENIL,2000.0,2000.0,0.0,0.0,2000.0,0.0,0.0,0.0,0.0
1 0700.226.92.337.20 2018,,319.0,GASTOS ALBERGUE.COLONIA ARRATE,12000.0,12000.0,0.0,12000.0,0.0,12000.0,8000.0,8000.0,7000.0
1 0700.226.99.330.00 2017,,1148.0,OTR. GASTOS DIVERSOS. MOQUETA CULTURA,0.0,4220.09,0.0,4220.09,0.0,4220.09,4220.09,4220.09,4220.09
1 0700.226.99.333.30 2018,,488.0,CENTRO INTERPR.GUERRA CIVIL EN EIBAR,20000.0,20000.0,0.0,1506.45,18493.55,1506.45,1506.44,1506.44,1506.44
1 0700.226.99.333.30 2017,,1149.0,CENTRO INTERPR.GUERRA CIVIL EN EIBAR,0.0,210.0,0.0,210.0,0.0,210.0,0.0,0.0,0.0
1 0700.226.99.337.20 2018,,1240.0,OTROS GASTOS DIVERSOS,0.0,6800.0,0.0,6149.23,650.77,6149.23,2278.29,2278.29,0.0
1 0700.227.04.332.10 2018,,222.0,CONTRATOS SOCIO-CULTURALES,11570.0,11570.0,0.0,13174.45,-1604.45,13174.45,8440.85,8440.85,8440.85
1 0700.227.04.334.10 2018,,251.0,CONTRATOS SOCIO-CULTURALES,38115.0,38115.0,6000.0,32287.3,-172.3,32287.3,28751.49,21193.04,21193.04
1 0700.227.04.334.10 2017,,1150.0,CONTRATOS SOCIO-CULTURALES,0.0,4621.0,0.0,4621.0,0.0,4621.0,4621.0,4621.0,4621.0
1 0700.227.04.334.21 2018,,258.0,CONTRATOS SOCIO-CULTURALES,46350.0,46350.0,7540.72,59370.53,-20561.25,59370.53,41882.53,41882.53,41882.53
1 0700.227.04.334.21 2017,,1151.0,CONTRATOS SOCIO-CULTURALES,0.0,2334.18,0.0,2334.18,0.0,2334.18,2187.03,2187.03,2187.03
1 0700.227.04.334.22 2018,,263.0,CONTRATOS SOCIO-CULTURALES,124146.0,124146.0,0.0,134654.16,-10508.16,134654.16,134529.12,134529.12,134529.12
1 0700.227.04.334.30 2018,,276.0,CONTRATOS SOCIO-CULTURALES,8775.0,8775.0,0.0,5437.74,3337.26,5437.74,3709.86,3709.86,3709.86
1 0700.227.04.334.40 2018,,282.0,CONTRATOS SOCIO-CULTURALES,5400.0,5400.0,0.0,11077.55,-5677.55,11077.55,9383.55,9383.55,9383.55
1 0700.227.04.337.20 2018,,321.0,CONTRATOS SOCIO-CULTURALES,3605.0,3605.0,0.0,1276.55,2328.45,1276.55,1276.55,1276.55,1276.55
1 0700.227.04.338.00 2018,,329.0,CONTRATOS SOCIO-CULTURALES,153000.0,170400.0,0.0,183025.97,-12625.97,183025.97,176158.62,173133.62,168610.77
1 0700.227.04.338.00 2017,,1153.0,CONTRATOS SOCIO-CULTURALES,0.0,4093.33,0.0,4093.33,0.0,4093.33,0.0,0.0,0.0
1 0700.227.07.337.20 2018,,1221.0,ESTUDIOS Y TRABAJOS TECNICOS,35000.0,35000.0,0.0,0.0,35000.0,0.0,0.0,0.0,0.0
1 0700.227.90.333.10 2018,,232.0,TRABAJOS EXTERNOS,215338.98,215338.98,0.0,215338.98,0.0,215338.98,117485.13,117485.13,117485.13
1 0700.227.90.333.30 2018,,245.0,TRABAJOS EXTERNOS,30950.0,30950.0,0.0,19443.6,11506.4,19443.6,4036.28,4036.28,4036.28
1 0700.227.90.333.30 2017,,1155.0,TRABAJOS EXTERNOS,0.0,444.95,0.0,444.95,0.0,444.95,387.2,387.2,387.2
1 0700.227.90.334.10 2018,,252.0,CONTRATOS A TAQUILLA,35000.0,35000.0,0.0,14912.1,20087.9,14912.1,5439.6,5439.6,5439.6
1 0700.227.90.334.22 2018,,264.0,TRABAJOS EXTERNOS.UNI KULTUR ELKARTEA,15000.0,15000.0,0.0,15000.0,0.0,15000.0,15000.0,15000.0,15000.0
1 0700.227.90.337.20 2018,,1222.0,TRABAJOS EXTERNOS,16350.0,16350.0,0.0,10061.34,6288.66,10061.34,8641.34,8641.34,8641.34
1 0700.227.99.333.30 2018,,246.0,OTROS TRABAJOS EXTERIORES,44100.0,44100.0,0.0,39698.0,4402.0,39698.0,28180.41,28180.41,28180.41
1 0700.227.99.333.30 2017,,1156.0,OTROS TRABAJOS EXTERIORES,0.0,844.23,0.0,844.23,0.0,844.23,0.0,0.0,0.0
1 0700.227.99.334.10 2018,,253.0,OTROS TRAB.EXTERIORES.CONTRATOS BANDAS,100005.0,100005.0,0.0,99994.0,11.0,99994.0,68184.0,63502.0,63502.0
1 0700.227.99.334.21 2018,,259.0,CONTRATOS A TAQUILLA,45000.0,45000.0,0.0,21732.86,23267.14,21732.86,8102.86,8102.86,8102.86
1 0700.227.99.334.21 2017,,1157.0,CONTRATOS A TAQUILLA,0.0,13673.0,0.0,8619.01,5053.99,8619.01,7042.77,7042.77,6441.01
1 0700.227.99.334.40 2018,,815.0,OTROS TRABAJOS EXTERIORES,50000.0,50000.0,0.0,50000.0,0.0,50000.0,4385.5,4385.5,4385.5
1 0700.227.99.337.20 2018,,322.0,OTROS TRABAJOS EXTERIORES,257829.35,257829.35,0.0,257829.35,0.0,257829.35,197222.55,197222.55,194882.55
1 0700.230.01.330.00 2018,,209.0,DIETAS/LOCOMOC/TRASLADO PERSONAL,100.0,100.0,0.0,187.18,-87.18,187.18,187.18,187.18,187.18
1 0700.230.01.332.10 2018,,223.0,DIETAS/LOCOMOC/TRASLADO PERSONAL,100.0,100.0,0.0,52.52,47.48,52.52,52.52,52.52,52.52
1 0700.230.01.333.30 2018,,247.0,DIETAS/LOCOMOC/TRASLADO PERSONAL,100.0,100.0,0.0,103.72,-3.72,103.72,103.72,103.72,103.72
1 0700.230.01.334.30 2018,,277.0,DIETAS/LOCOMOC/TRASLADO PERSONAL,100.0,100.0,0.0,31.5,68.5,31.5,31.5,31.5,31.5
1 0700.431.01.326.10 2018,,201.0,ORGANISMOS AUTONOMOS,252790.66,252790.66,0.0,155000.0,97790.66,155000.0,155000.0,155000.0,155000.0
1 0700.471.01.334.40 2017,,1159.0,A OTRAS EMPRESAS. LUANMA FILMS,0.0,10082.91,0.0,10082.91,0.0,10082.91,10082.91,10082.91,10082.91
1 0700.480.01.334.40 2018,,283.0,A FAMILIAS,5500.0,5500.0,0.0,0.0,5500.0,0.0,0.0,0.0,0.0
1 0700.480.01.338.00 2018,,330.0,A FAMILIAS.CONCURSO CARTELES FIESTAS,2670.0,2670.0,0.0,2280.0,390.0,2280.0,2280.0,2280.0,2280.0
1 0700.481.01.330.00 2018,,210.0,A INSTITUCIONES SIN FINES DE LUCRO,10680.0,10680.0,0.0,10680.0,0.0,10680.0,5613.6,5613.6,5613.6
1 0700.481.01.330.00 2017,,1160.0,A INSTITUCIONES SIN FINES DE LUCRO,0.0,7800.0,0.0,7800.0,0.0,7800.0,4322.36,4322.36,4322.36
1 0700.481.01.332.10 2018,,224.0,A INSTITUCIONES SIN FINES DE LUCRO,1350.0,1350.0,0.0,1350.0,0.0,1350.0,0.0,0.0,0.0
1 0700.481.01.332.10 2017,,1161.0,A INSTITUCIONES SIN FINES DE LUCRO,0.0,1350.0,0.0,1350.0,0.0,1350.0,1350.0,1350.0,1350.0
1 0700.481.01.334.10 2018,,254.0,A INSTITUCIONES SIN FINES DE LUCRO,745.0,745.0,0.0,745.0,0.0,745.0,0.0,0.0,0.0
1 0700.481.01.334.10 2017,,1162.0,A INSTITUCIONES SIN FINES DE LUCRO,0.0,675.0,0.0,675.0,0.0,675.0,675.0,675.0,675.0
1 0700.481.01.334.30 2018,,278.0,A INSTITUCIONES SIN FINES DE LUCRO,7180.0,7180.0,0.0,7180.0,0.0,7180.0,2105.0,2105.0,2105.0
1 0700.481.01.334.30 2017,,1163.0,A INSTITUCIONES SIN FINES DE LUCRO,0.0,3262.5,0.0,3262.5,0.0,3262.5,3262.5,3262.5,3262.5
1 0700.481.01.334.40 2018,,284.0,A INSTITUCIONES SIN FINES DE LUCRO,1000.0,1000.0,0.0,1000.0,0.0,1000.0,0.0,0.0,0.0
1 0700.481.01.334.40 2017,,1164.0,A INSTITUCIONES SIN FINES DE LUCRO,0.0,900.0,0.0,900.0,0.0,900.0,900.0,900.0,900.0
1 0700.481.02.334.10 2018,,255.0,TRANSF. A ENTIDADES. CONV. COLABORACION,6140.0,6140.0,0.0,6140.0,0.0,6140.0,3070.0,3070.0,3070.0
1 0700.481.02.334.10 2017,,1165.0,TRANSF.A ENTID.CONV.COLAB.,0.0,2790.0,0.0,2790.0,0.0,2790.0,2790.0,2790.0,2790.0
1 0700.481.02.334.21 2018,,260.0,TRANSF.A ENTID.CONV.COLAB.,24000.0,24000.0,0.0,24000.0,0.0,24000.0,19200.0,19200.0,19200.0
1 0700.481.02.334.21 2017,,1166.0,TRANSF.A ENTID.CONV.COLAB.,0.0,5580.0,0.0,5580.0,0.0,5580.0,5580.0,5580.0,5580.0
1 0700.481.02.334.40 2018,,285.0,TRANSF.A ENTID.CONV.COLAB.,3850.0,3850.0,0.0,3850.0,0.0,3850.0,0.0,0.0,0.0
1 0700.481.02.337.20 2018,,323.0,TRANSF.A ENTID.CONV.COLAB.,2130.0,2130.0,0.0,1238.0,892.0,1238.0,0.0,0.0,0.0
1 0700.481.02.337.20 2017,,1167.0,TRANSF.A ENTID.CONV.COLAB.,0.0,1125.0,0.0,1125.0,0.0,1125.0,1125.0,1125.0,1125.0
1 0700.481.18.338.00 2018,,331.0,A INSTITUCIONES.COLECTIVOS FIESTAS,9800.0,9800.0,0.0,9800.0,0.0,9800.0,0.0,0.0,0.0
1 0700.481.18.338.00 2017,,1168.0,A INSTITUCIONES.COLECTIVOS FIESTAS,0.0,8910.0,0.0,8910.0,0.0,8910.0,8910.0,8910.0,8910.0
1 0700.626.01.332.10 2018,,1252.0,EQUIPOS NUEVAS TECNOLOGIAS,0.0,0.0,0.0,0.0,0.0,0.0,0.0,0.0,0.0
1 0800.120.01.335.10 2018,,286.0,RETRIBUCIONES BASICAS,40357.62,40357.62,0.0,11945.45,28412.17,11945.45,11945.45,11945.45,11945.45
1 0800.120.01.335.20 2018,,298.0,RETRIBUCIONES BASICAS,172615.7,172615.7,0.0,120920.83,51694.87,120920.83,120920.83,120920.83,120920.83
1 0800.121.99.335.10 2018,,287.0,COMPLEMENTOS VARIOS,53282.91,53282.91,0.0,21745.74,31537.17,21745.74,21745.74,21745.74,21745.74
1 0800.121.99.335.20 2018,,299.0,COMPLEMENTOS VARIOS,172559.59,172559.59,0.0,166544.5,6015.09,166544.5,166544.5,166544.5,166544.5
1 0800.160.01.335.10 2018,,288.0,SEGURIDAD SOCIAL,22370.67,22370.67,0.0,7575.64,14795.03,7575.64,7575.64,7575.64,7575.64
1 0800.160.01.335.20 2018,,300.0,SEGURIDAD SOCIAL,91201.68,91201.68,0.0,75631.29,15570.39,75631.29,75631.29,75631.29,75631.29
1 0800.160.04.335.10 2018,,289.0,CUOTAS ELKARKIDETZA,2833.6,2833.6,0.0,910.8,1922.8,910.8,910.8,910.8,910.8
1 0800.160.04.335.20 2018,,301.0,CUOTAS ELKARKIDETZA,11079.74,11079.74,0.0,8033.49,3046.25,8033.49,8033.49,8033.49,8033.49
1 0800.211.01.335.20 2018,,302.0,EDIFICIOS Y OTRAS CONSTRUCCIONES,300.0,300.0,0.0,0.0,300.0,0.0,0.0,0.0,0.0
1 0800.215.01.335.10 2018,,290.0,EQUIPOS PARA PROCESOS DE INFORMACION,824.0,824.0,0.0,0.0,824.0,0.0,0.0,0.0,0.0
1 0800.219.01.335.20 2018,,303.0,OTRO INMOVILIZADO MATERIAL,300.0,300.0,0.0,0.0,300.0,0.0,0.0,0.0,0.0
1 0800.219.01.335.20 2017,,1169.0,OTRO INMOVILIZADO MATERIAL,0.0,189.0,0.0,189.0,0.0,189.0,149.0,149.0,149.0
1 0800.221.99.335.20 2018,,304.0,OTROS SUMINISTROS,1500.0,1500.0,0.0,802.96,697.04,802.96,666.9,666.9,666.9
1 0800.221.99.335.20 2017,,1170.0,OTROS SUMINISTROS,0.0,290.14,0.0,290.14,0.0,290.14,290.14,290.14,290.14
1 0800.226.03.335.10 2018,,291.0,"PUBLICACIONES, PUBLICIDAD Y PROPAGANDA",14500.0,14500.0,0.0,6091.3,8408.7,6091.3,3141.25,3104.45,3104.45
1 0800.226.03.335.10 2017,,1171.0,"PUBLICACIONES, PUBLICIDAD Y PROPAGANDA",0.0,164.74,0.0,164.74,0.0,164.74,164.74,164.74,164.74
1 0800.226.03.335.20 2018,,306.0,"PUBLICACIONES, PUBLICIDAD Y PROPAGANDA",3000.0,3000.0,0.0,2525.25,474.75,2525.25,1719.87,1719.87,1719.87
1 0800.226.05.335.10 2018,,292.0,REUNIONES Y CONFERENCIAS,3000.0,3000.0,0.0,2010.35,989.65,2010.35,1961.95,1961.95,1961.95
1 0800.226.99.335.20 2018,,307.0,OTROS GASTOS DIVERSOS,1750.0,1750.0,0.0,1190.48,559.52,1190.48,600.0,600.0,600.0
1 0800.227.04.335.10 2018,,293.0,CONTRATOS SOCIO-CULTURALES,34741.0,34741.0,4966.5,31149.39,-1374.89,31149.39,18499.38,18499.38,18499.38
1 0800.227.04.335.10 2017,,1172.0,CONTRATOS SOCIO-CULTURALES,0.0,8906.87,0.0,8906.87,0.0,8906.87,8444.86,8444.86,8444.86
1 0800.227.87.335.10 2018,,573.0,DESARROLLO PLAN ESTRATEG.EUSKERA,48000.0,48000.0,0.0,34146.24,13853.76,34146.24,21776.27,10502.26,10502.26
1 0800.230.01.335.10 2018,,294.0,DIETAS/LOCOMOC/TRASLADO PERSONAL,100.0,100.0,0.0,26.76,73.24,26.76,26.76,26.76,26.76
1 0800.230.01.335.20 2018,,308.0,DIETAS/LOCOMOC/TRASLADO PERSONAL,100.0,100.0,0.0,389.84,-289.84,389.84,389.84,389.84,389.84
1 0800.480.01.335.10 2018,,295.0,A FAMILIAS,1000.0,1000.0,0.0,1000.0,0.0,0.0,0.0,0.0,0.0
1 0800.481.01.335.10 2018,,296.0,A INSTITUCIONES SIN FINES DE LUCRO,3121.0,3121.0,0.0,3121.0,0.0,3121.0,1872.6,1872.6,1872.6
1 0800.481.01.335.10 2017,,1173.0,A INSTITUCIONES SIN FINES DE LUCRO,0.0,1248.4,0.0,1248.4,0.0,1248.4,1248.4,1248.4,1248.4
1 0800.481.02.335.10 2018,,297.0,TRANSF.A ENTID.CONV.COLAB.,154349.0,154349.0,0.0,154349.0,0.0,154349.0,92609.4,92609.4,92609.4
1 0800.481.02.335.10 2017,,1174.0,TRANSF.A ENTID.CONV.COLAB.,0.0,61739.6,0.0,61739.6,0.0,61739.6,61739.6,61739.6,61739.6
1 0900.221.99.341.00 2018,,332.0,OTROS SUMINISTROS (TROFEOS),3000.0,3000.0,0.0,1343.77,1656.23,1343.77,1343.77,1343.77,1343.77
1 0900.226.06.341.00 2018,,333.0,ACTIVIDADES SOCIO-CULTURALES,121000.0,121000.0,0.0,121000.0,0.0,121000.0,121000.0,121000.0,121000.0
1 0900.431.01.342.10 2018,,338.0,ORGANISMOS AUTONOMOS,847536.0,847536.0,0.0,634500.0,213036.0,634500.0,634500.0,634500.0,634500.0
1 0900.481.01.341.00 2018,,335.0,A INSTITUCIONES SIN FINES DE LUCRO,37662.0,37662.0,0.0,22423.0,15239.0,22423.0,10780.0,10780.0,10780.0
1 0900.481.01.341.00 2017,,1175.0,A INSTITUCIONES SIN FINES DE LUCRO,0.0,19424.0,0.0,19424.0,0.0,19424.0,19424.0,19424.0,19424.0
1 0900.481.02.341.00 2018,,336.0,TRANSF.A ENTID.CONV.COLAB.,82500.0,82500.0,0.0,82500.0,0.0,0.0,0.0,0.0,0.0
1 0900.481.02.341.00 2017,,1176.0,TRANSF.A ENTID.CONV.COLAB.,0.0,7660.78,0.0,7660.78,0.0,7482.19,7482.19,7482.19,7482.19
1 0900.481.22.341.00 2018,,337.0,TRANSF.A ENTID.ASIST.CAMP/PRUEB.DEPORT.,1000.0,1000.0,0.0,0.0,1000.0,0.0,0.0,0.0,0.0
1 0900.731.01.342.10 2018,,1223.0,A ORGANISMOS AUTONOMOS,308000.0,308000.0,0.0,0.0,308000.0,0.0,0.0,0.0,0.0
1 1000.120.01.433.10 2018,,342.0,RETRIBUCIONES BASICAS,25554.61,25554.61,0.0,1321.66,24232.95,1321.66,1321.66,1321.66,1321.66
1 1000.120.01.493.00 2018,,370.0,RETRIBUCIONES BASICAS,16206.7,16206.7,0.0,16486.66,-279.96,16486.66,16486.66,16486.66,16486.66
1 1000.121.99.433.10 2018,,343.0,COMPLEMENTOS VARIOS,35171.69,35171.69,0.0,2642.85,32528.84,2642.85,2642.85,2642.85,2642.85
1 1000.121.99.493.00 2018,,371.0,COMPLEMENTOS VARIOS,22078.05,22078.05,0.0,27240.54,-5162.49,27240.54,27240.54,27240.54,27240.54
1 1000.131.01.241.00 2018,,181.0,LABORAL EVENTUAL,174729.91,174729.91,0.0,177483.98,-2754.07,177483.98,177483.98,177483.98,177483.98
1 1000.160.01.241.00 2018,,182.0,SEGURIDAD SOCIAL,66278.18,66278.18,0.0,57496.1,8782.08,57496.1,57496.1,57496.1,57496.1
1 1000.160.01.433.10 2018,,344.0,SEGURIDAD SOCIAL,16147.74,16147.74,0.0,1287.3,14860.44,1287.3,1287.3,1287.3,1287.3
1 1000.160.01.493.00 2018,,372.0,SEGURIDAD SOCIAL,9778.5,9778.5,0.0,12308.49,-2529.99,12308.49,12308.49,12308.49,12308.49
1 1000.160.04.493.00 2018,,373.0,CUOTAS ELKARKIDETZA,1162.14,1162.14,0.0,747.09,415.05,747.09,747.09,747.09,747.09
1 1000.201.01.431.20 2018,,340.0,EDIFICIOS Y OTRAS CONSTRUCCIONES,56100.0,56100.0,0.0,56818.18,-718.18,56818.18,42543.09,42543.09,42543.09
1 1000.201.01.433.10 2018,,810.0,EDIFCIOS Y OTR. CONSTRUCC. ALQUILER,13388.1,13388.1,0.0,7620.0,5768.1,7620.0,7620.0,6858.0,6096.0
1 1000.211.01.431.20 2018,,341.0,EDIFICIOS Y OTRAS CONSTRUCCIONES,1000.0,1000.0,0.0,69.67,930.33,69.67,69.67,69.67,69.67
1 1000.226.03.241.00 2018,,183.0,"PUBLICACIONES, PUBLICIDAD Y PROPAGANDA",2500.0,2500.0,0.0,0.0,2500.0,0.0,0.0,0.0,0.0
1 1000.226.03.433.10 2018,,793.0,"PUBLICACIONES, PUBLICIDAD Y PROPAGANDA",2000.0,2000.0,0.0,0.0,2000.0,0.0,0.0,0.0,0.0
1 1000.226.70.433.10 2018,,1225.0,IMPLEMENTACION PLAN DE ACCION ROBOTICA,8000.0,8000.0,0.0,0.0,8000.0,0.0,0.0,0.0,0.0
1 1000.226.80.433.10 2018,,1245.0,"OTR.GAST. LOCAL POLIG. IND. AZITAIN, 3",0.0,3500.0,0.0,2684.67,815.33,2684.67,2684.67,2684.67,2684.67
1 1000.226.99.241.00 2018,,184.0,OTROS GASTOS DIVERSOS,18500.0,18500.0,0.0,8892.0,9608.0,8892.0,5625.0,5625.0,5625.0
1 1000.226.99.241.00 2017,,1177.0,OTROS GASTOS DIVERSOS,0.0,19118.0,0.0,19118.0,0.0,19118.0,3388.0,3388.0,3388.0
1 1000.226.99.433.10 2018,,794.0,OTROS GASTOS DIVERSOS,379000.0,379000.0,0.0,180378.43,198621.57,60378.43,22847.84,22847.84,22847.84
1 1000.226.99.493.00 2018,,799.0,OTROS GASTOS DIVERSOS,600.0,600.0,0.0,0.0,600.0,0.0,0.0,0.0,0.0
1 1000.227.07.433.10 2018,,795.0,ESTUDIOS Y TRABAJOS TECNICOS,113940.0,53940.0,0.0,16335.0,37605.0,16335.0,6534.0,6534.0,0.0
1 1000.227.07.433.10 2017,,1178.0,ESTUDIOS Y TRABAJOS TECNICOS,0.0,40329.3,0.0,40329.3,0.0,40329.3,21150.8,21150.8,21150.8
1 1000.227.85.433.10 2017,,1179.0,PLAN DIRECTOR DINAMIZAC.DESARROLLO LOCAL,0.0,605.0,0.0,605.0,0.0,605.0,0.0,0.0,0.0
1 1000.227.90.241.00 2018,,487.0,TRABAJ.EXTERNOS.CONV.EMPLEO GUREAK,9871.35,9871.35,0.0,9871.35,0.0,9871.35,6634.82,6634.82,5825.71
1 1000.227.90.241.00 2017,,1180.0,TRABAJ.EXTERNOS.CONV.EMPLEO GUREAK,0.0,158.75,0.0,158.75,0.0,158.75,0.0,0.0,0.0
1 1000.227.90.433.10 2017,,1181.0,TRABAJOS EXTERNOS.,0.0,2500.01,0.0,2500.01,0.0,2500.01,0.0,0.0,0.0
1 1000.227.99.241.00 2018,,812.0,OTROS TRABAJOS EXTERIORES,133000.0,299210.63,0.0,249936.5,49274.13,201867.5,8332.5,907.5,907.5
1 1000.227.99.241.00 2017,,1182.0,OTROS TRABAJOS EXTERIORES,0.0,76597.9,0.0,76597.9,0.0,76597.9,66312.9,66312.9,66312.9
1 1000.230.01.241.00 2018,,185.0,DIETAS/LOCOMOC/TRASLADO PERSONAL,100.0,100.0,0.0,15.66,84.34,15.66,15.66,15.66,15.66
1 1000.230.01.433.10 2018,,350.0,DIETAS/LOCOMOC/TRASLADO PERSONAL,100.0,100.0,0.0,0.0,100.0,0.0,0.0,0.0,0.0
1 1000.230.01.493.00 2018,,374.0,DIETAS/LOCOMOC/TRASLADO PERSONAL,100.0,100.0,0.0,5.0,95.0,5.0,5.0,5.0,5.0
1 1000.422.02.241.00 2018,,1226.0,TRANSF. A OTR.MUNICIP. AYTO. ELGOIBAR,0.0,8146.15,0.0,8146.15,0.0,8146.15,8146.15,8146.15,8146.15
1 1000.470.01.433.10 2018,,351.0,DEBEGESA,224008.66,228508.66,0.0,224008.66,4500.0,224008.66,171263.27,152234.02,152234.02
1 1000.471.01.433.10 2018,,352.0,A OTR EMPRES.APORTAC.A PREM.T.ECHEVERRIA,45500.0,45500.0,0.0,45500.0,0.0,45500.0,21000.0,21000.0,21000.0
1 1000.471.01.433.10 2017,,1183.0,A OTR EMPRES.APORTAC.A PREM.T.ECHEVERRIA,0.0,14000.0,0.0,14000.0,0.0,14000.0,14000.0,14000.0,14000.0
1 1000.471.02.241.00 2018,,582.0,SUBVENC.A OTR.AYUDAS A EMPRENDEDORES,95000.0,95000.0,0.0,95000.0,0.0,0.0,0.0,0.0,0.0
1 1000.471.02.241.00 2017,,1184.0,SUBVENC.A OTR.AYUDAS A EMPRENDEDORES,0.0,30000.0,0.0,30000.0,0.0,30000.0,0.0,0.0,0.0
1 1000.471.03.433.10 2018,,354.0,A OTRAS EMPRESAS.RETOS TECNOLOGICOS,100000.0,100000.0,0.0,100000.0,0.0,0.0,0.0,0.0,0.0
1 1000.471.03.433.10 2017,,1185.0,A OTRAS EMPRESAS.RETOS TECNOLOGICOS,0.0,60000.0,0.0,60000.0,0.0,56110.09,56110.09,56110.09,56110.09
1 1000.471.06.241.00 2018,,813.0,A EMPRES. ACCION.MEJORA EMPLEABIL.Y CONT,134000.0,134000.0,0.0,40000.0,94000.0,0.0,0.0,0.0,0.0
1 1000.471.06.241.00 2017,,1186.0,A EMPRES. ACCION.MEJORA EMPLEABIL.Y CONT,0.0,168456.0,0.0,141922.02,26533.98,139581.84,130581.84,130581.84,130581.84
1 1000.480.12.433.10 2018,,355.0,A FAMILIAS.ESCOLARES,188800.0,188800.0,0.0,188800.0,0.0,0.0,0.0,0.0,0.0
1 1000.480.14.433.10 2018,,356.0,A FAMILIAS.AYUDAS ESTUDIANTES,70000.0,70000.0,0.0,70000.0,0.0,120.2,120.2,120.2,120.2
1 1000.480.20.241.00 2018,,814.0,SUBV. A LA FORMACION DESEMPLEADOS,30000.0,30000.0,0.0,30000.0,0.0,0.0,0.0,0.0,0.0
1 1000.480.20.241.00 2017,,1187.0,SUBV. A LA FORMACION DESEMPLEADOS,0.0,16300.0,0.0,15975.0,325.0,15101.76,13845.04,13845.04,12245.04
1 1000.481.01.433.10 2018,,357.0,SUBVENCION NOMINATIVA EKINGUNE,9920.0,9920.0,0.0,9920.0,0.0,9920.0,7440.0,7440.0,7440.0
1 1000.481.01.433.10 2017,,1188.0,SUBVENCION NOMINATIVA EKINGUNE,0.0,2480.0,0.0,2480.0,0.0,2480.0,2480.0,2480.0,2480.0
1 1000.481.03.433.10 2018,,358.0,TRANSFERENCIA A ASOCIACION COMERCIANTES,27000.0,27000.0,0.0,27000.0,0.0,27000.0,20250.0,20250.0,20250.0
1 1000.481.03.433.10 2017,,1189.0,TRANSFERENCIA A ASOCIACION COMERCIANTES,0.0,6750.0,0.0,6750.0,0.0,6750.0,6750.0,6750.0,6750.0
1 1000.481.05.433.10 2018,,359.0,TRANSF.EIBAR CTRO COM.ABIERT.PROM.CAMP.,35900.0,35900.0,0.0,35900.0,0.0,35900.0,26925.0,26925.0,26925.0
1 1000.481.05.433.10 2017,,1190.0,TRANSF.EIBAR CTRO COM.ABIERT.PROM.CAMP.,0.0,8975.0,0.0,8975.0,0.0,8975.0,8975.0,8975.0,8975.0
1 1000.481.17.433.10 2018,,360.0,"TRANSF.ASOC.""EIBAR CENTR.COMERC.ABIERTO""",64800.0,124800.0,60000.0,64800.0,0.0,64800.0,64800.0,64800.0,64800.0
1 1000.481.31.433.10 2017,,1191.0,TRANSF. A LA ASOCIAC. ARMERA EIBARRESA,0.0,20000.0,0.0,10973.35,9026.65,10973.35,10973.35,10973.35,10973.35
1 1000.481.32.241.00 2018,,1220.0,TRANS.FEDERACION MERCANTIL DE GIPUZKOA,17000.0,17000.0,0.0,17000.0,0.0,17000.0,8500.0,8500.0,8500.0
1 1000.481.32.433.10 2018,,1008.0,TRANSF. A FEDERAC. MERCANTIL DE GIPUZKOA,6000.0,6000.0,0.0,6000.0,0.0,6000.0,4500.0,4500.0,4500.0
1 1000.481.32.433.10 2017,,1192.0,TRANSF. A FEDERAC. MERCANTIL DE GIPUZKOA,0.0,1500.0,0.0,1500.0,0.0,1500.0,1500.0,1500.0,1500.0
1 1000.481.33.433.10 2017,,1193.0,TRANSF. A ASOCIACION CIENCIA EN ACCION,0.0,10250.0,0.0,4379.32,5870.68,4379.32,4379.32,4379.32,4379.32
1 1000.481.36.433.10 2018,,1243.0,"SUBVENCION NOMINATIVA ""LEHIAGUNE""",0.0,0.0,0.0,0.0,0.0,0.0,0.0,0.0,0.0
1 1100.100.01.912.00 2018,,375.0,RETRIB.BASICAS/OTRAS REMUNERACIONES,353528.28,353528.28,0.0,227038.57,126489.71,227038.57,227038.57,227038.57,227038.57
1 1100.110.01.912.00 2018,,376.0,RETRIB.BASICAS/OTRAS REMUNERACIONES,47491.47,47491.47,0.0,31045.48,16445.99,31045.48,31045.48,31045.48,31045.48
1 1100.120.01.491.00 2018,,980.0,RETRIBUCIONES BASICAS,11321.92,11321.92,0.0,8849.15,2472.77,8849.15,8849.15,8849.15,8849.15
1 1100.120.01.920.11 2018,,384.0,RETRIBUCIONES BASICAS,135708.82,135708.82,0.0,78239.79,57469.03,78239.79,78239.79,78239.79,78239.79
1 1100.120.01.920.20 2018,,406.0,RETRIBUCIONES BASICAS,81800.28,75534.8,0.0,46841.89,28692.91,46841.89,46841.89,46841.89,46841.89
1 1100.120.01.920.30 2018,,420.0,RETRIBUCIONES BASICAS,73192.1,73192.1,0.0,42126.54,31065.56,42126.54,42126.54,42126.54,42126.54
1 1100.120.01.923.10 2018,,450.0,RETRIBUCIONES BASICAS,10710.44,10710.44,0.0,6152.79,4557.65,6152.79,6152.79,6152.79,6152.79
1 1100.120.01.925.00 2018,,455.0,RETRIBUCIONES BASICAS,111811.95,111811.95,0.0,66477.61,45334.34,66477.61,66477.61,66477.61,66477.61
1 1100.121.99.491.00 2018,,981.0,COMPLEMENTOS VARIOS,20970.15,20970.15,0.0,12591.87,8378.28,12591.87,12591.87,12591.87,12591.87
1 1100.121.99.920.11 2018,,385.0,COMPLEMENTOS VARIOS,245485.33,245485.33,0.0,169138.04,76347.29,169138.04,169138.04,169138.04,169138.04
1 1100.121.99.920.20 2018,,407.0,COMPLEMENTOS VARIOS,127511.53,323302.82,0.0,91119.42,232183.4,91119.42,91119.42,91119.42,91119.42
1 1100.121.99.920.30 2018,,421.0,COMPLEMENTOS VARIOS,145566.13,145566.13,0.0,100759.15,44806.98,100759.15,100759.15,100759.15,100759.15
1 1100.121.99.923.10 2018,,451.0,COMPLEMENTOS VARIOS,19309.95,19309.95,0.0,13444.28,5865.67,13444.28,13444.28,13444.28,13444.28
1 1100.121.99.925.00 2018,,456.0,COMPLEMENTOS VARIOS,201350.77,201350.77,0.0,146053.36,55297.41,146053.36,146053.36,146053.36,146053.36
1 1100.130.03.920.11 2018,,386.0,REMUNERACIONES PERSONAL LABORAL FIJO,33199.16,33199.16,0.0,23058.89,10140.27,23058.89,23058.89,23058.89,23058.89
1 1100.130.03.920.20 2018,,408.0,REMUNERACIONES PERSONAL LABORAL FIJO,42365.84,42365.84,0.0,28733.46,13632.38,28733.46,28733.46,28733.46,28733.46
1 1100.131.01.920.11 2018,,387.0,LABORAL EVENTUAL,50006.32,50006.32,0.0,50640.37,-634.05,50640.37,50640.37,50640.37,50640.37
1 1100.160.01.491.00 2018,,979.0,SEGURIDAD SOCIAL,10177.67,10177.67,0.0,7030.44,3147.23,7030.44,7030.44,7030.44,7030.44
1 1100.160.01.912.00 2018,,377.0,SEGURIDAD SOCIAL,114057.14,114057.14,0.0,76596.69,37460.45,76596.69,76596.69,76596.69,76596.69
1 1100.160.01.920.11 2018,,388.0,SEGURIDAD SOCIAL,114675.15,114675.15,0.0,81605.79,33069.36,81605.79,81605.79,81605.79,81605.79
1 1100.160.01.920.20 2018,,409.0,SEGURIDAD SOCIAL,66710.5,111710.5,0.0,80971.44,30739.06,80971.44,80971.44,80971.44,80971.44
1 1100.160.01.920.30 2018,,422.0,SEGURIDAD SOCIAL,53784.36,53784.36,0.0,35347.77,18436.59,35347.77,35347.77,35347.77,35347.77
1 1100.160.01.923.10 2018,,452.0,SEGURIDAD SOCIAL,9512.69,9512.69,0.0,5114.53,4398.16,5114.53,5114.53,5114.53,5114.53
1 1100.160.01.925.00 2018,,457.0,SEGURIDAD SOCIAL,83117.68,83117.68,0.0,57100.49,26017.19,57100.49,57100.49,57100.49,57100.49
1 1100.160.04.491.00 2018,,982.0,CUOTAS ELKARKIDETZA,0.0,0.0,0.0,910.8,-910.8,910.8,910.8,910.8,910.8
1 1100.160.04.920.11 2018,,389.0,CUOTAS ELKARKIDETZA,12276.18,12276.18,0.0,9098.65,3177.53,9098.65,9098.65,9098.65,9098.65
1 1100.160.04.920.20 2018,,410.0,CUOTAS ELKARKIDETZA,6679.68,6679.68,0.0,5792.64,887.04,5792.64,5792.64,5792.64,5557.23
1 1100.160.04.920.30 2018,,423.0,CUOTAS ELKARKIDETZA,5810.7,5810.7,0.0,3735.45,2075.25,3735.45,3735.45,3735.45,3735.45
1 1100.160.04.923.10 2018,,453.0,CUOTAS ELKARKIDETZA,971.46,971.46,0.0,624.51,346.95,624.51,624.51,624.51,624.51
1 1100.160.04.925.00 2018,,458.0,CUOTAS ELKARKIDETZA,9188.48,9188.48,0.0,5906.88,3281.6,5906.88,5906.88,5906.88,5906.88
1 1100.161.03.221.00 2018,,989.0,INDEMNIZAC. POR JUBILACIONES ANTICIPADAS,85230.54,85230.54,0.0,43535.76,41694.78,43535.76,43535.76,43535.76,43535.76
1 1100.162.01.920.20 2018,,412.0,FORMACION,40000.0,40000.0,498.0,31372.56,8129.44,31372.56,24191.5,24191.5,24191.5
1 1100.162.01.920.20 2017,,1194.0,FORMACION,0.0,784.08,0.0,784.08,0.0,784.08,784.08,784.08,784.08
1 1100.162.05.920.20 2018,,413.0,SEGUROS,50000.0,50000.0,0.0,45804.81,4195.19,45804.81,45804.81,45804.81,45804.81
1 1100.204.01.920.12 2018,,397.0,ARRENDAMIENTO MOBILIARIO Y EQUIPOS,18000.0,18000.0,0.0,20000.0,-2000.0,20000.0,9742.5,9742.5,9742.5
1 1100.212.01.920.12 2018,,398.0,"MAQUINARIA,INSTALACIONES Y UTILLAJE",17000.0,17000.0,0.0,17579.19,-579.19,17579.19,8843.07,8817.66,8320.21
1 1100.212.01.920.12 2017,,1195.0,"MAQUINARIA,INSTALACIONES Y UTILLAJE",0.0,3407.31,0.0,3407.31,0.0,3407.31,0.0,0.0,0.0
1 1100.215.01.920.30 2018,,424.0,EQUIPOS PARA PROCESOS DE INFORM.MANTTO,26114.0,26114.0,0.0,22013.86,4100.14,22013.86,18080.45,18080.45,9879.54
1 1100.215.01.920.30 2017,,1196.0,EQUIPOS PARA PROCESOS DE INFORM.MANTTO,0.0,981.24,0.0,981.24,0.0,981.24,981.24,981.24,981.24
1 1100.215.02.920.30 2018,,425.0,MANTENIMIENTO DE APLICACIONES,52951.0,52951.0,0.0,45901.75,7049.25,45901.75,21019.57,21019.57,19628.07
1 1100.215.02.920.30 2017,,1197.0,MANTENIMIENTO DE APLICACIONES,0.0,4448.57,0.0,4448.57,0.0,4448.57,2639.62,2639.62,2639.62
1 1100.220.01.920.11 2018,,390.0,ORDINARIO NO INVENTARIABLE,500.0,500.0,0.0,1592.48,-1092.48,1592.48,1592.48,1592.48,1592.48
1 1100.220.01.920.12 2018,,399.0,ORDINARIO NO INVENTARIABLE,50000.0,50000.0,0.0,40932.32,9067.68,35726.73,25050.28,25050.28,24827.14
1 1100.220.01.920.12 2017,,1198.0,ORDINARIO NO INVENTARIABLE,0.0,4698.8,0.0,4698.8,0.0,4698.8,2397.82,2397.82,2397.82
1 1100.220.02.920.12 2018,,400.0,PRENSA/REVISTAS/LIBROS/OTRAS PUBLIC.,15000.0,15000.0,0.0,13502.92,1497.08,13502.92,10012.71,10012.71,10012.71
1 1100.220.03.920.30 2018,,426.0,MATERIAL INFORMATICO NO INVENTARIABLE,1500.0,1500.0,0.0,1044.29,455.71,1044.29,808.46,808.46,808.46
1 1100.221.05.920.11 2018,,391.0,VESTUARIO.CONSERJE Y ORDENANZAS,1300.0,1300.0,0.0,1170.0,130.0,1170.0,1170.0,1170.0,1170.0
1 1100.222.02.920.12 2018,,401.0,GASTOS DE CORREOS,52000.0,52000.0,0.0,53108.48,-1108.48,53108.48,41908.84,41908.84,39123.09
1 1100.222.99.920.12 2018,,402.0,OTRAS COMUNIC.RECADIST/MENSAJ/OTROS,2500.0,2500.0,0.0,1292.87,1207.13,1292.87,1292.87,1292.87,1292.87
1 1100.224.99.920.11 2018,,392.0,OTROS RIESGOS.SEGURO RESPONSAB.CIVIL,60000.0,60000.0,0.0,56291.35,3708.65,56291.35,56291.16,56291.16,56291.16
1 1100.226.02.912.00 2018,,378.0,ATENCIONES PROTOCOL/REPRESENTATIVAS,26000.0,26000.0,0.0,17234.54,8765.46,17234.54,15527.67,15527.67,15527.67
1 1100.226.03.491.00 2018,,998.0,"PUBLICACIONES, PUBLICIDAD Y PROPAGANDA",1000.0,1000.0,0.0,0.0,1000.0,0.0,0.0,0.0,0.0
1 1100.226.03.491.00 2017,,1199.0,"PUBLICACIONES, PUBLICIDAD Y PROPAGANDA",0.0,2132.49,0.0,2132.49,0.0,2132.49,2132.49,2132.49,2132.49
1 1100.226.03.912.00 2018,,379.0,"PUBLICACIONES, PUBLICIDAD Y PROPAGANDA",13250.0,13250.0,0.0,17742.53,-4492.53,17742.53,13134.93,13134.93,13134.93
1 1100.226.03.912.00 2017,,1200.0,"PUBLICACIONES, PUBLICIDAD Y PROPAGANDA",0.0,4537.5,0.0,4537.5,0.0,4537.5,0.0,0.0,0.0
1 1100.226.03.920.12 2018,,403.0,PUBLIC/PROPAG.ANUNC.BOLETINES/PERIODICOS,22000.0,22000.0,0.0,16333.35,5666.65,16333.35,13837.12,13837.12,13837.12
1 1100.226.04.920.11 2018,,393.0,JURIDICOS,45000.0,45000.0,0.0,62936.23,-17936.23,62936.23,59911.23,59911.23,59911.23
1 1100.226.99.336.10 2018,,309.0,OTROS GASTOS DIVERSOS,31000.0,31000.0,0.0,22532.9,8467.1,22532.9,1668.9,1488.9,1488.9
1 1100.226.99.336.10 2017,,1201.0,OTROS GASTOS DIVERSOS,0.0,24518.38,0.0,24518.38,0.0,24518.38,24518.38,24518.38,24518.38
1 1100.226.99.920.11 2018,,394.0,INDEM.COMPENS.TERC/COBERT.OTR.RIESGOS,10000.0,50000.0,0.0,40078.02,9921.98,40078.02,40078.02,40078.02,40078.02
1 1100.227.07.920.20 2018,,414.0,ESTUD/TRABAJ.TECNICOS.SELECC.PERSONAL,10000.0,60000.0,0.0,50656.89,9343.11,50656.89,2649.38,2649.38,2649.38
1 1100.227.07.920.20 2017,,1202.0,ESTUD/TRABAJ.TECNICOS.SELECC.PERSONAL,0.0,1476.25,0.0,1476.25,0.0,1476.25,76.25,76.25,76.25
1 1100.227.20.920.30 2018,,427.0,CONVENIO IZFE,128500.0,128500.0,0.0,62864.87,65635.13,62864.87,62864.87,62864.87,62864.87
1 1100.227.92.920.20 2018,,415.0,SERVICIO DE PREVENCION DE SALUD LABORAL,23000.0,23000.0,0.0,22797.97,202.03,22797.97,14487.94,10161.19,10161.19
1 1100.227.99.491.00 2018,,999.0,OTROS TRABAJOS EXTERIORES,39459.05,39459.05,0.0,19481.0,19978.05,19481.0,13068.0,13068.0,13068.0
1 1100.227.99.912.00 2018,,669.0,OTROS TRABAJOS EXTERIORES,14520.0,14520.0,0.0,13999.7,520.3,13999.7,6999.84,6999.84,6999.84
1 1100.227.99.920.11 2018,,395.0,OTROS TRABAJOS EXTERIORES,9500.0,9500.0,0.0,2997.23,6502.77,2997.23,0.0,0.0,0.0
1 1100.227.99.920.11 2017,,1203.0,OTROS TRABAJOS EXTERIORES,0.0,2974.4,0.0,2974.4,0.0,2974.4,0.0,0.0,0.0
1 1100.227.99.920.20 2018,,416.0,OTROS TRABAJOS EXTERIORES.MEDICO EMPRESA,12000.0,12000.0,0.0,0.0,12000.0,0.0,0.0,0.0,0.0
1 1100.227.99.920.30 2018,,429.0,OTR.TRAB.EXTERIORES.ASIST.TECNIC/FORMAC.,22950.0,22950.0,0.0,13794.0,9156.0,13794.0,0.0,0.0,0.0
1 1100.227.99.920.30 2017,,1204.0,OTR.TRAB.EXTERIORES.ASIST.TECNIC/FORMAC.,0.0,10285.0,0.0,10285.0,0.0,10285.0,10285.0,10285.0,10285.0
1 1100.230.01.491.00 2018,,984.0,"DIETAS, LOCOMOCION Y TRASLADO PERSONAL",100.0,100.0,0.0,9.6,90.4,9.6,9.6,9.6,9.6
1 1100.230.01.920.11 2018,,396.0,DIETAS/LOCOMOC/TRASLADO PERSONAL,100.0,100.0,0.0,49.73,50.27,49.73,49.73,49.73,49.73
1 1100.230.01.920.20 2018,,417.0,DIETAS/LOCOMOC/TRASLADO PERSONAL,4100.0,4100.0,0.0,279.22,3820.78,279.22,279.22,279.22,279.22
1 1100.230.01.920.30 2018,,430.0,DIETAS/LOCOMOC/TRASLADO PERSONAL,100.0,100.0,0.0,0.0,100.0,0.0,0.0,0.0,0.0
1 1100.230.01.923.10 2018,,454.0,DIETAS/LOCOMOC/TRASLADO PERSONAL,100.0,100.0,0.0,0.0,100.0,0.0,0.0,0.0,0.0
1 1100.230.01.925.00 2018,,459.0,DIETAS/LOCOMOC/TRASLADO PERSONAL,100.0,100.0,0.0,0.0,100.0,0.0,0.0,0.0,0.0
1 1100.231.01.912.00 2018,,381.0,DIETAS/LOCOMOC/TRASLADO ALTOS CARGOS,2500.0,2500.0,0.0,2115.8,384.2,2115.8,2115.8,2115.8,2115.8
1 1100.231.02.912.00 2018,,382.0,DIETAS ASIST.A COMIS.ALTOS CARGOS,154748.0,154748.0,0.0,96602.0,58146.0,96602.0,96602.0,96602.0,96602.0
1 1100.409.01.922.00 2018,,448.0,OTRAS ENTIDADES PUBLICAS.FEMP,2000.0,2000.0,0.0,1541.49,458.51,1541.49,1541.49,1541.49,1541.49
1 1100.419.01.922.00 2018,,449.0,OTRAS ENTIDADES PUBLICAS.EUDEL,4700.0,4700.0,0.0,4507.59,192.41,4507.59,4507.59,4507.59,4507.59
1 1100.481.01.912.00 2018,,383.0,A INSTITUCIONES SIN FINES DE LUCRO,126972.0,126972.0,0.0,95229.0,31743.0,95229.0,95229.0,95229.0,84648.0
1 1100.481.34.922.00 2018,,1224.0,CUOTA ASOCIACION PROGRESO DIRECCION,1362.81,1362.81,0.0,0.0,1362.81,0.0,0.0,0.0,0.0
1 1100.500.01.929.00 2018,,802.0,CREDITO GLOBAL Y OTROS IMPREVISTOS,600000.0,81928.21,0.0,0.0,81928.21,0.0,0.0,0.0,0.0
1 1100.625.01.920.12 2018,,404.0,MOBILIARIO,2000.0,2000.0,0.0,2006.77,-6.77,2006.77,407.77,407.77,407.77
1 1100.625.01.920.12 2017,,1205.0,MOBILIARIO,0.0,7665.54,0.0,7665.54,0.0,7665.54,7665.54,7665.54,7665.54
1 1100.625.01.925.00 2018,,1005.0,MOBILIARIO,1500.0,1500.0,0.0,1460.47,39.53,1460.47,1460.47,1460.47,1460.47
1 1100.625.01.925.00 2017,,1206.0,MOBILIARIO,0.0,5711.2,0.0,5711.2,0.0,5711.2,5711.2,5711.2,5711.2
1 1100.625.02.920.12 2018,,405.0,EQUIPOS OFICINA,1500.0,1500.0,0.0,0.0,1500.0,0.0,0.0,0.0,0.0
1 1100.626.01.920.30 2018,,431.0,EQUIPOS PARA PROCESOS DE INFORMACION,50965.0,50965.0,0.0,23098.11,27866.89,23098.11,1419.03,1419.03,1419.03
1 1100.626.01.920.30 2017,,1207.0,EQUIPOS PARA PROCESOS DE INFORMACION,0.0,21198.93,0.0,21198.93,0.0,21198.93,21198.93,21198.93,21198.93
1 1100.644.01.491.00 2018,,1001.0,APLICACIONES INFORMATICAS,2047.32,2047.32,0.0,0.0,2047.32,0.0,0.0,0.0,0.0
1 1100.644.01.920.30 2018,,801.0,APLICACIONES INFORMATICAS,24060.0,24060.0,0.0,660.15,23399.85,660.15,660.15,660.15,660.15
1 1100.644.01.920.30 2017,,1208.0,APLICACIONES INFORMATICAS,0.0,25276.57,0.0,5057.36,20219.21,5057.36,5057.36,5057.36,5057.36
1 1100.823.01.920.20 2018,,418.0,ANTICIPOS AL PERSONAL (A CORTO PLAZO),20000.0,20000.0,0.0,8589.5,11410.5,8589.5,8589.5,8589.5,8589.5
1 1100.833.01.920.20 2018,,419.0,ANTICIPOS AL PERSONAL (A LARGO PLAZO),15000.0,15000.0,0.0,16653.01,-1653.01,16653.01,16653.01,16653.01,16653.01
1 1200.120.01.931.10 2018,,461.0,RETRIBUCIONES BASICAS,62792.4,62792.4,0.0,37492.64,25299.76,37492.64,37492.64,37492.64,37492.64
1 1200.120.01.931.20 2018,,469.0,RETRIBUCIONES BASICAS,68155.16,68155.16,0.0,38878.43,29276.73,38878.43,38878.43,38878.43,38878.43
1 1200.120.01.932.00 2018,,474.0,RETRIBUCIONES BASICAS,109127.95,109127.95,0.0,63111.24,46016.71,63111.24,63111.24,63111.24,63111.24
1 1200.120.01.934.00 2018,,480.0,RETRIBUCIONES BASICAS,25187.47,25187.47,0.0,10637.36,14550.11,10637.36,10637.36,10637.36,10637.36
1 1200.121.99.931.10 2018,,462.0,COMPLEMENTOS VARIOS,108709.19,108709.19,0.0,82094.44,26614.75,82094.44,82094.44,82094.44,82094.44
1 1200.121.99.931.20 2018,,470.0,COMPLEMENTOS VARIOS,116526.6,116526.6,0.0,80278.91,36247.69,80278.91,80278.91,80278.91,80278.91
1 1200.121.99.932.00 2018,,475.0,COMPLEMENTOS VARIOS,190788.24,190788.24,0.0,148901.29,41886.95,148901.29,148901.29,148901.29,148901.29
1 1200.121.99.934.00 2018,,481.0,COMPLEMENTOS VARIOS,50333.13,50333.13,0.0,23899.2,26433.93,23899.2,23899.2,23899.2,23899.2
1 1200.160.01.931.10 2018,,463.0,SEGURIDAD SOCIAL,39928.2,39928.2,0.0,28243.51,11684.69,28243.51,28243.51,28243.51,28243.51
1 1200.160.01.931.20 2018,,471.0,SEGURIDAD SOCIAL,39543.32,39543.32,0.0,26993.99,12549.33,26993.99,26993.99,26993.99,26993.99
1 1200.160.01.932.00 2018,,476.0,SEGURIDAD SOCIAL,72532.96,72532.96,0.0,50916.17,21616.79,50916.17,50916.17,50916.17,50916.17
1 1200.160.01.934.00 2018,,482.0,SEGURIDAD SOCIAL,14086.75,14086.75,0.0,8923.62,5163.13,8923.62,8923.62,8923.62,8923.62
1 1200.160.04.931.10 2018,,464.0,CUOTAS ELKARKIDETZA,4787.58,4787.58,0.0,3232.63,1554.95,3232.63,3232.63,3232.63,3232.63
1 1200.160.04.931.20 2018,,472.0,CUOTAS ELKARKIDETZA,4649.26,4649.26,0.0,2486.88,2162.38,2486.88,2486.88,2486.88,2486.88
1 1200.160.04.932.00 2018,,477.0,CUOTAS ELKARKIDETZA,7320.6,7320.6,0.0,4926.53,2394.07,4926.53,4926.53,4926.53,4926.53
1 1200.160.04.934.00 2018,,483.0,CUOTAS ELKARKIDETZA,1838.9,1838.9,0.0,686.47,1152.43,686.47,686.47,686.47,686.47
1 1200.226.99.931.10 2018,,1242.0,OTROS GASTOS DIV. REINTEG.SUBV. G.V.,0.0,0.0,0.0,0.0,0.0,0.0,0.0,0.0,0.0
1 1200.227.07.931.10 2018,,465.0,ESTUDIOS/TRABAJ.TECNICOS.AUDITORIA-OTROS,28350.0,28350.0,0.0,4840.0,23510.0,4840.0,1182.5,0.0,0.0
1 1200.227.07.931.10 2017,,1209.0,ESTUDIOS/TRABAJ.TECNICOS.AUDITORIA-OTROS,0.0,35776.67,0.0,35776.67,0.0,35776.67,13291.85,13291.85,13291.85
1 1200.230.01.931.10 2018,,466.0,DIETAS/LOMOMOC/TRASLADO PERSONAL,100.0,100.0,0.0,0.0,100.0,0.0,0.0,0.0,0.0
1 1200.230.01.931.20 2018,,473.0,DIETAS/LOCOMOC/TRASLADO PERSONAL,100.0,100.0,0.0,6.5,93.5,6.5,6.5,6.5,6.5
1 1200.230.01.932.00 2018,,479.0,DIETAS/LOCOMOC/TRASLADO PERSONAL,100.0,100.0,0.0,79.85,20.15,79.85,79.85,79.85,79.85
1 1200.230.01.934.00 2018,,484.0,DIETAS/LOCOMOC/TRASLADO PERSONAL,100.0,100.0,0.0,21.25,78.75,21.25,21.25,21.25,21.25
1 1200.332.01.011.00 2018,,1.0,INTERESES,25000.0,25000.0,0.0,16276.13,8723.87,16276.13,16276.13,16276.13,16276.13
1 1200.369.01.934.00 2018,,485.0,OTROS GASTOS FINANCIEROS,10000.0,10000.0,0.0,1296.21,8703.79,1296.21,1296.21,1296.21,1308.51
1 1200.369.99.934.00 2018,,486.0,DIFERENCIAS NEGATIVAS EN CAJA,100.0,100.0,0.0,0.0,100.0,0.0,0.0,0.0,0.0
1 1200.860.01.931.10 2018,,467.0,CONSTITUC.FIANZAS A CORTO PLAZO,100.0,100.0,0.0,0.0,100.0,0.0,0.0,0.0,0.0
1 1200.860.02.931.10 2018,,468.0,CONSTITUC.FIANZAS A LARGO PLAZO,100.0,100.0,0.0,0.0,100.0,0.0,0.0,0.0,0.0
1 1200.933.01.011.00 2018,,2.0,FUERA SECTOR PUBLICO,588395.36,588395.36,0.0,441296.52,147098.84,441296.52,441296.52,441296.52,441296.52
#TOTAL,,,,32357193.19,42672323.19,690357.51,29778788.71,12203176.97,27623010.83,19052021.7,18862010.98,18300584.98
