#Partida,b,c,Descripción,Behin bet aurr,Onar esk garbiak
2 112.01 2024 (1),,,LANDA ONDASUNAK,6548.22,6635.96
2 112.02 2024 (2),,,HIRI-ONDASUNAK,5275413.89,5433380.39
2 113.01 2024 (3),,,TRAKZIO MEKANIK.IBILGAILUEN GAIN.,1491826.46,1488338.75
2 114.01 2024 (4),,,HIRI-LURREN BALIO GEHIKUNTZ. GAIN.,300000.0,434502.08
2 130.01 2024 (5),,,ENPRESA JARDUERA,694661.21,766660.97
2 282.01 2024 (6),,,"ERAIKUNT., INSTAL.ETA OBREN GAIN.",300000.0,414739.12
2 310.03 2024 (9),,,UDAL HILERRIAK,27528.81,34789.49
2 310.04 2024 (10),,,AGIRIAK EGITEA,6864.74,4486.15
2 310.05 2024 (11),,,IBILGAIL.BIDE PUBLIK.JASO ETA ,60000.0,72822.69
2 310.10 2024 (1017),,,KIROLETAKO IRAKASKUNTZEN TASAK,1150000.0,1145702.57
2 310.11 2024 (112),,,IRAKASK.BEREZ.UDALERRIEN ,114013.36,146731.31
2 310.12 2024 (392),,,LAGUNT.ETA EGONALD.ETXEBIZITZA ,2000.0,0.0
2 310.15 2024 (969),,,F.A.MENDEKOTASUN PRESTAZIO ,1891.92,0.0
2 310.16 2024 (316),,,MUSEOAREN SARRERA TASAK,2912.5,6425.5
2 310.21 2024 (1019),,,ASTELENAFRONTOIAREN ALOKAIRUA,8829.14,0.0
2 310.80 2024 (615),,,ETXEZ-ETXEKO LAGUNTZA,138603.11,198378.9
2 310.82 2024 (616),,,EUSKALTEGIKO MATRIKULAK,23545.53,49586.79
2 310.90 2024 (581),,,ATESTATUAK,3550.0,5381.3
2 310.91 2024 (679),,,ENERGIA-HORNIDURA,2000.0,1746.01
2 321.02 2024 (15),,,BIDE PUBLIKOKO KIOSKOAK,6833.1,1645.92
2 321.04 2024 (16),,,"MAHAIAK, AULKIAK, TRIBUNAK, ",81352.58,84282.61
2 321.05 2024 (17),,,"POSTUAK, BARRAKAK,ETA ",39400.58,39727.07
2 321.06 2024 (773),,,"PORTADAK, ERAKUSLEIHOAK ETA ",5799.24,6067.82
2 321.09 2024 (18),,,"LURRA , LURPEA ETA HEGALKINAK ",292744.63,534205.0
2 321.91 2024 (772),,,KUTXAZAIN AUTOMATIKOAK,2223.01,2068.64
2 321.99 2024 (19),,,B.ESK.BATZ.HERRI JABARIA ,40991.86,57441.3
2 322.01 2024 (20),,,APARKAMENDUA GORDE,35534.12,35486.21
2 340.01 2024 (21),,,UDAL LOKALEN ERABILERA,110.74,0.0
2 340.02 2024 (315),,,IKUSKIZUNETARAKO SARREREN ,49455.56,71760.88
2 340.03 2024 (445),,,DIRU-SARRERAK IKASTAROENGATIK,5667.0,7883.0
2 340.04 2024 (588),,,BILDUT. DIRUAR.ARABER.KONTRAT. ,703.0,0.0
2 340.05 2024 (589),,,BILDUT.DIRUAR.ARAB.KONTRAT. ,1355.0,0.0
2 340.06 2024 (617),,,BILD. DIRUA.ARAB. ANTZERKI ,58709.0,66319.5
2 340.07 2024 (934),,,ZINEMA SARRERAK COLISEO ,60967.5,76849.51
2 341.01 2024 (87),,,ARGI INDARRAREN EKOIZPENA,30000.0,37308.95
2 380.01 2024 (22),,,ITXITAKO AURREKONTUETAKOAK,29029.92,63729.54
2 391.01 2024 (23),,,ISUNAK,231084.6,347229.35
2 392.01 2024 (24),,,"PREMIAMENDI. ERREKARGUAK, ",61404.41,80705.22
2 393.01 2024 (25),,,BERANDUTZA INTERESAK,16138.09,19186.74
2 396.01 2024 (26),,,TELEKOMUNIKAZIOET.OPERADOREAK,100000.0,96134.14
2 396.05 2024 (562),,,ORDEZKO BETEARAZPENA,50000.0,1180.01
2 399.01 2024 (33),,,BESTE HAINBAT SARRERA,83708.32,398906.2
2 399.02 2024 (34),,,PORTALEAKO DIRU-SARRERAK,593.0,458.22
2 399.04 2024 (73),,,LIBURU SALMENTAREN DIRU-,234.0,3702.1
2 399.08 2024 (264),,,DIRU SARRERAK GLLK ITZULZEAGATIK,13474.51,11132.9
2 399.99 2024 (320),,,ALDEKO DIFERENTZIAK KUTXAN,100.0,0.0
2 400.01 2024 (37),,,ITUNDU GABEKO ZERGETAKO ,44158.37,65667.77
2 400.02 2024 (861),,,GENERO INDARK.AURKA ESTATUKO ,26966.07,0.0
2 400.03 2024 (1026),,,"LURREKO, HIRIKO ETA URBA ARTEKO ",3715.05,14749.73
2 400.04 2024 (774),,,ESTAT. TRANSF. MARIA MOLINER ,2847.07,0.0
2 400.10 2024 (1062),,,TOKIKO ERAGILEAK KONTRATATZEKO ,0.0,37500.0
2 410.02 2024 (811),,,E.J. KALEKO ANTZERKIRAKO ,24919.9,30365.0
2 410.04 2024 (252),,,DROGAMENPEKOTASUNERAKO ,35221.99,0.0
2 410.05 2024 (1060),,,E.J.IRRISGARRITASUN-,0.0,0.0
2 410.06 2024 (43),,,E.J. OINARRIZKOP LANBIDE HEZIKET.,422149.8,570011.49
2 410.07 2024 (813),,,EMAKUNDE,14000.0,0.0
2 410.09 2024 (523),,,E.J. K.I.U.B. DIRULAGUNTZA,23710.11,23159.69
2 410.12 2024 (62),,,E.J. HAUR ETA GAZT.ART.IRAK..LIBUR.,2725.0,3715.0
2 410.13 2024 (127),,,E.J. LIBURUTEGI-FOND.HORNITZ.ETA ,8933.0,26984.0
2 410.14 2024 (681),,,E.J. MUSEORAKO DIRULAGUNTZA,12000.0,17842.6
2 410.16 2024 (130),,,E.J. DIRU-LAG.EUSKERA BIZ.PLAN ,8000.0,0.0
2 410.17 2024 (45),,,E. J.  GIZARTE LARR.LAGUNTZAK (G.L.,485019.0,567806.69
2 410.18 2024 (817),,,DIRU-LAGUNTZA LIBURUTEGIKO EKI,6499.0,0.0
2 410.20 2024 (939),,,SUBV.IHOBE CAMBIO CLIMATICO Y ,1828.06,4494.39
2 410.22 2024 (159),,,E.J. ETORKINEN INGURURAKO UDAL ,42230.0,38668.56
2 410.25 2024 (770),,,LANBIDE. ENPLEGU PLANA: BERTAKO ,147000.0,102911.46
2 410.27 2024 (676),,,LANBIDE. ENPLEGU PLANAK. ,106450.0,193098.5
2 410.29 2024 (1022),,,E.J. KIROL DIRU LAGUNTZAK,0.0,0.0
2 410.34 2024 (938),,,E.J. ZINEMARAKO LAGUNTZAK,14061.36,12243.41
2 410.35 2024 (632),,,E.J. KULTURA PROGRAMAT.,26000.0,0.0
2 410.38 2024 (739),,,E.J. JARDUERA FISIKOA SUSTATZ.,7638.82,5858.0
2 410.40 2024 (895),,,E.J.MUSIKA ESKOLA DIRULAGUNTZA,100000.0,167895.18
2 410.41 2024 (1023),,,E.J. GARAPEN JASANGARRIRAKO DIRU-,16092.0,99458.58
2 411.02 2024 (633),,,H.A.B.E.,268478.13,314739.7
2 412.02 2024 (518),,,EVE,10000.0,0.0
2 412.03 2024 (587),,,IVAP,10000.0,8358.32
2 412.04 2024 (1065),,,EUSKAL TRENBIDE SAREA ,0.0,186506.14
2 420.01 2024 (46),,,UDAL FINANTZAKETARAKO FORU ,24066806.0,24066805.84
2 420.02 2024 (75),,,F.A. ETXEZ ETXEKO LAGUNTZA,134441.92,294486.99
2 420.03 2024 (193),,,FORU ALDUNDIA. GAZTERIA SAILAREN ,9000.0,0.0
2 420.04 2024 (194),,,F.A. EUSKARA BIZIBERRITZEKO PLAN ,3407.59,8963.0
2 420.05 2024 (321),,,"F,A. DIRU LAGUNTZAK ",27421.0,13710.5
2 420.07 2024 (218),,,F.A. MUSEORAKO DIRU-LAGUNTZA,4000.0,0.0
2 420.09 2024 (393),,,"F.A. ANTZERKIA, MUSIKA",15053.0,9575.5
2 420.10 2024 (940),,,F.A.IRAUNKORTASUNA ETA INGUR.,0.0,98541.3
2 420.12 2024 (928),,,F.A.JATORRI.ANIZTASUNAREN ,10329.0,0.0
2 420.14 2024 (522),,,FORU ALDUNDIA. DOKUMENTU ,0.0,4272.51
2 420.15 2024 (988),,,F.A.MUGI SISTEMA DIRU LAGUNTZA,8910.0,76310.0
2 420.18 2024 (1064),,,F.A.AIRE ZABALEKO ESPAZIO ,0.0,4594.67
2 420.19 2024 (1030),,,F.A.GIZARTE BAZTERKETAKO ,0.0,15870.0
2 420.22 2024 (1057),,,F.A.MUBIKORTASUNA.,0.0,0.0
2 420.23 2024 (943),,,F.A.HIRI-HONDAKINAK KUDEATZEKO ,6084.98,11849.22
2 420.25 2024 (1056),,,F.A.BERDINTASUN-JARDUERAK ,0.0,0.0
2 420.27 2024 (579),,,FORU ALD.HERRITAR.PARTAIDETZ.,3105.48,0.0
2 420.28 2024 (771),,,F.A. TOKIKO AGENDA 21AK ,0.0,0.0
2 420.30 2024 (634),,,F.A. ANTZERKI IHARDUNAKDIAK. ,35000.0,40000.0
2 420.31 2024 (695),,,FORU A. OROIMEN HISTORIK.,0.0,1120.0
2 420.32 2024 (696),,,FORU ALD.ANIZTASUNEAN ,4243.56,9074.0
2 420.33 2024 (698),,,FORU A.TOKIKO ENERG.AURRESP.ETA ,0.0,43265.6
2 420.36 2024 (862),,,F.A BIGAR. ESKUKO MUGIKORT.,0.0,8409.38
2 420.39 2024 (1058),,,F.A.BAZTERKETA PISUAN ,15870.0,0.0
2 420.40 2024 (1063),,,F.A.GABONETAKO ARGIAK BABESTEA,0.0,0.0
2 420.99 2024 (1018),,,F.A.KIROL DIRU LAGUNTZAK,2513.48,59184.0
2 422.02 2024 (970),,,GIPUZKOAKO BESTE UDALERRI ,100000.0,109292.13
2 471.01 2024 (51),,,BEST.ENPRES.ANTZERKI IHARDUNALD.,0.0,0.0
2 471.02 2024 (986),,,BESTE EMPRE.S.JUAN PROGRAMA,3081.0,2550.0
2 490.03 2024 (1025),,,ADMINISTRAZIOAREN ,0.0,0.0
2 540.01 2024 (52),,,HIRI-FINKEN ERRENTAMEND.EMAITZA,115046.82,128764.91
2 549.01 2024 (500),,,KIROLDEGIKO GARAJEAK,36013.18,-217.53
2 550.01 2024 (971),,,ERREBALEKO KANOKAK,1000.0,0.0
2 560.01 2024 (53),,,GORDAILULEN INTERESAK,27471.94,294947.1
2 600.01 2024 (935),,,LURRENA BESTERENGANATZETIK ,1978.62,0.0
2 612.02 2024 (803),,,BESTERENG.BESTEL.ERAIKIN ETA ,708213.66,0.0
2 614.01 2024 (735),,,GARRAIO ELEMENTUENA,0.0,0.0
2 651.01 2024 (249),,,HIRIGINTZAKO APROBETXAMENDUAK,33865.11,0.0
2 700.02 2024 (989),,,BABES ZIBILEKO LARRIALDIA,89483.41,15376.04
2 700.05 2024 (1061),,,E.J IRISGARRITASUNERAKO PLAN ,0.0,2809.92
2 710.02 2024 (198),,,E.J. DIRU-LAG.ESKOLET.OBRETARAKO,31237.26,192971.97
2 710.03 2024 (936),,,EUSKO JAURLARITZA ,0.0,718861.7
2 710.04 2024 (699),,,EUSKO JAURLARITZA. HIRIGUNE,169930.69,939.5
2 710.06 2024 (812),,,E.J. TXONT ERAIKIN.BERRIZT. LANAK ,0.0,0.0
2 710.08 2024 (565),,,E.J. HAINB. INTERTSIO EGITEKO DIRUL.,500000.0,0.0
2 710.09 2024 (1028),,,NEXT GENERETION.E.J.GABILON ,0.0,494037.53
2 710.12 2024 (1029),,,NEXT GENERETION.EJ.TORREKUA ,0.0,0.0
2 710.13 2024 (470),,,E.J.LIBURUTEG.TEKNOL.BERRIAK ,4077.03,13854.0
2 710.16 2024 (1027),,,NEXT GENERETION.E.J.TXONTA ,0.0,0.0
2 712.02 2024 (741),,,E.E.E.,0.0,0.0
2 720.01 2024 (769),,,GIPUKOAKO FORU DIPUTAZIOARENA,0.0,80000.0
2 720.04 2024 (737),,,F.ALDUNDIA. LANDA BIDEENTZAKO ,25000.0,18865.0
2 720.05 2024 (1059),,,F.A.GIZARTE BAZTERKETAKO PISUA,15870.0,0.0
2 833.01 2024 (57),,,PERTSONALAREN AURRERAKINAK,14000.0,19157.27
2 860.01 2024 (58),,,FIDANTZAK ITZULTZEA EPE ,100.0,0.0
2 860.02 2024 (118),,,EPE LUZERA FIDANTZAK IZULTZEA,100.0,0.0
2 870.01 2024 (638),,,ALTXORTEGI GERAKINA. GASTU ,9023013.44,0.0
2 870.02 2024 (72),,,DIRUZ.GERAKINA GASU ,0.0,0.0
2 933.01 2024 (59),,,TOKIKO SEKTORE PUBLIKOTIK ,11629670.58,3000000.0
