#Partida,,,,Has.ko aurrek.,B. betiko aurrek.,Atxikipenak,Baimendua,Erabilgarria,Xedatua,Obligazioa,ME,Ordainketa
1 0100.120.01.130.00 2021,,3.0,OINARRIZKO ORDAINKETAK,149885.46,149885.46,0.0,44015.17,105870.29,44015.17,44015.17,44015.17,44015.17
1 0100.120.01.132.00 2021,,13.0,OINARRIZKO ORDAINKETAK,322523.35,322523.35,0.0,113955.7,208567.65,113955.7,113955.7,113955.7,113955.7
1 0100.120.01.133.10 2021,,19.0,OINARRIZKO ORDAINKETAK,232405.52,232405.52,0.0,77386.42,155019.1,77386.42,77386.42,77386.42,77386.42
1 0100.121.99.130.00 2021,,4.0,BESTE OSAGARRI BATZUK,282954.76,282954.76,0.0,75759.12,207195.64,75759.12,75759.12,75759.12,75759.12
1 0100.121.99.132.00 2021,,14.0,BESTE OSAGARRI BATZUK,628380.75,628380.75,0.0,264722.37,363658.38,264722.37,264722.37,264722.37,264722.37
1 0100.121.99.133.10 2021,,20.0,BESTE OSAGARRI BATZUK,421322.55,421322.55,0.0,173682.73,247639.82,173682.73,173682.73,173682.73,173682.73
1 0100.160.01.130.00 2021,,5.0,GIZARTE SEGURANTZA,146159.02,146159.02,0.0,39887.23,106271.79,39887.23,39887.23,39887.23,39887.23
1 0100.160.01.132.00 2021,,15.0,GIZARTE SEGURANTZA,350231.88,350231.88,0.0,120544.72,229687.16,120544.72,120544.72,120544.72,120544.72
1 0100.160.01.133.10 2021,,21.0,GIZARTE SEGURANTZA,247745.55,247745.55,0.0,81881.34,165864.21,81881.34,81881.34,81881.34,81881.34
1 0100.160.04.130.00 2021,,6.0,ELKARKIDETZAREN KUOTAK,11437.4,11437.4,0.0,3223.65,8213.75,3223.65,3223.65,3223.65,3223.65
1 0100.160.04.132.00 2021,,16.0,ELKARKIDETZAREN KUOTAK,16546.07,16546.07,0.0,7155.78,9390.29,7155.78,7155.78,7155.78,7155.78
1 0100.160.04.133.10 2021,,22.0,ELKARKIDETZAREN KUOTAK,9927.64,9927.64,0.0,4564.56,5363.08,4564.56,4564.56,4564.56,4564.56
1 0100.212.01.132.00 2021,,17.0,MAKINERIA/INSTALAZ/TRESNERIA,5000.0,5000.0,0.0,145.2,4854.8,145.2,72.6,72.6,60.5
1 0100.213.01.130.00 2021,,7.0,GARRAIO-MATERIALA,10000.0,10000.0,0.0,9195.43,804.57,9195.43,2078.27,2078.27,2073.27
1 0100.213.02.132.00 2021,,1542.0,IBILGAILUEN RENTING,35000.0,35000.0,0.0,30547.44,4452.56,30547.44,8485.4,8485.4,0.0
1 0100.221.04.130.00 2021,,8.0,ERREGAI ETA KARBURANTEAK,6000.0,6000.0,0.0,6282.61,-282.61,6282.61,2154.86,2154.86,1522.71
1 0100.221.05.130.00 2021,,9.0,ARROPAK,35000.0,55000.0,0.0,49937.02,5062.98,49937.02,2437.02,2437.02,2437.02
1 0100.221.99.130.00 2021,,10.0,BESTELAKO HORNIDURAK,8760.0,8760.0,0.0,7271.6,1488.4,7271.6,4878.75,4852.13,4840.13
1 0100.221.99.130.00 2020,,1837.0,BESTELAKO HORNIDURAK,0.0,839.29,0.0,839.29,0.0,839.29,524.69,524.69,524.69
1 0100.224.02.130.00 2021,,11.0,IBILGAILUENAK. ASEGURUAK,3000.0,3000.0,0.0,0.0,3000.0,0.0,0.0,0.0,0.0
1 0100.226.99.132.00 2021,,1814.0,BESTE HAINBAT GASTU.,1000.0,1000.0,0.0,363.0,637.0,363.0,363.0,363.0,363.0
1 0100.227.08.441.10 2021,,363.0,GARRAIO-KONTRATUAK,275000.0,275000.0,52000.0,222505.37,494.63,222505.37,66996.3,66996.3,66996.3
1 0100.227.99.133.10 2021,,24.0,KANPOKO BESTELAKO LANAK. GARABIA,125000.0,125000.0,0.0,100000.0,25000.0,100000.0,38879.93,38879.93,38879.93
1 0100.230.01.130.00 2021,,12.0,PERTSONAL.DIETAK/GARRAIOA/LEKUALDAKETA,675.0,675.0,0.0,5768.95,-5093.95,5768.95,5768.95,5768.95,5768.95
1 0100.230.01.132.00 2021,,18.0,PERTSONAL.DIETAK/GARRAIOA/LEKUALDAKETA,752.5,752.5,0.0,526.83,225.67,526.83,526.83,526.83,526.83
1 0100.230.01.133.10 2021,,25.0,PERTSONAL.DIETAK/GARRAIOA/LEKUALDAKETA,752.5,752.5,0.0,258.94,493.56,258.94,258.94,258.94,258.94
1 0100.421.03.441.10 2021,,364.0,GIPUZK.GARRAIOAREN LURRALD.AGINTARITZA,18000.0,18000.0,0.0,2451.5,15548.5,2451.5,2451.5,2451.5,2451.5
1 0100.623.99.132.00 2021,,1816.0,DEFENTSA EKIPOAK,20000.0,28000.0,0.0,25962.97,2037.03,25962.97,0.0,0.0,0.0
1 0100.624.01.132.00 2020,,1838.0,GARRAIO MATERIALA,0.0,20671.57,0.0,20671.57,0.0,20671.57,0.0,0.0,0.0
1 0100.625.01.130.00 2021,,1282.0,ALTZARIAK,1000.0,1000.0,0.0,0.0,1000.0,0.0,0.0,0.0,0.0
1 0100.625.01.132.00 2021,,1815.0,ALTZARIAK,7000.0,9000.0,0.0,8130.4,869.6,8130.4,8130.4,1388.34,0.0
1 0100.625.05.132.00 2021,,2023.0,EKIPOAK .DESFIBRILADOREAK,3500.0,7000.0,0.0,0.0,7000.0,0.0,0.0,0.0,0.0
1 0100.626.01.130.00 2021,,43.0,EKIPOAK. TETRA KOMUNIKAZIO BIDEA,1000.0,1000.0,0.0,0.0,1000.0,0.0,0.0,0.0,0.0
1 0200.120.01.151.00 2021,,32.0,OINARRIZKO ORDAINKETAK,149621.16,149621.16,0.0,54893.7,94727.46,54893.7,54893.7,54893.7,54893.7
1 0200.120.01.172.00 2021,,782.0,OINARRIZKO ORDAINKETAK,16505.52,16505.52,0.0,5880.64,10624.88,5880.64,5880.64,5880.64,5880.64
1 0200.121.99.151.00 2021,,33.0,BESTE OSAGARRI BATZUK,259148.73,259148.73,0.0,116940.39,142208.34,116940.39,116940.39,116940.39,116940.39
1 0200.121.99.172.00 2021,,783.0,BESTE OSAGARRI BATZUK,22431.4,22431.4,0.0,9724.67,12706.73,9724.67,9724.67,9724.67,9724.67
1 0200.160.01.151.00 2021,,35.0,GIZARTE SEGURANTZA,94521.83,94521.83,0.0,37944.36,56577.47,37944.36,37944.36,37944.36,37944.36
1 0200.160.01.172.00 2021,,784.0,GIZARTE SEGURANTZA,12644.99,12644.99,0.0,4738.24,7906.75,4738.24,4738.24,4738.24,4738.24
1 0200.160.04.151.00 2021,,36.0,ELKARKIDETZAREN KUOTAK,10350.02,10350.02,0.0,4348.32,6001.7,4348.32,4348.32,4348.32,4348.32
1 0200.160.04.172.00 2021,,983.0,ELKARKIDETZAREN KUOTAK,1478.55,1478.55,0.0,621.18,857.37,621.18,621.18,621.18,621.18
1 0200.201.01.152.20 2021,,1545.0,ERAIKINAK ETA BESTELAKO ERAIKUNTZAK,6000.0,6000.0,0.0,8687.3,-2687.3,8687.3,3367.66,3367.66,3367.66
1 0200.212.01.151.00 2021,,1817.0,"MAKINERIA,INSTALAZIOAK ETA TRESNERIA",15000.0,15000.0,0.0,11495.0,3505.0,11495.0,0.0,0.0,0.0
1 0200.220.01.152.20 2021,,1546.0,MATERIAL ARRUNT EZ-INBENTARIAGARRIA,2000.0,2000.0,0.0,0.0,2000.0,0.0,0.0,0.0,0.0
1 0200.221.01.152.20 2021,,1547.0,ENERGIA ELEKTRIKOA. TXONTA LOKALA,2000.0,2000.0,0.0,0.0,2000.0,0.0,0.0,0.0,0.0
1 0200.224.01.152.20 2021,,1235.0,ASEGURUAK,1500.0,1500.0,0.0,0.0,1500.0,0.0,0.0,0.0,0.0
1 0200.226.99.151.00 2021,,38.0,BESTE HAINB.GASTU.ORDEZK.BETEARAZP.,150000.0,150000.0,0.0,0.0,150000.0,0.0,0.0,0.0,0.0
1 0200.226.99.172.00 2021,,113.0,BESTE HAINBAT GASTU,12500.0,12500.0,0.0,7438.42,5061.58,7438.42,2149.76,2149.76,2149.76
1 0200.227.07.151.00 2021,,39.0,AZTERKETA ETA LAN TEKNIKOAK,36000.0,36000.0,0.0,6413.0,29587.0,6413.0,0.0,0.0,0.0
1 0200.227.07.151.00 2020,,1840.0,AZTERKETA ETA LAN TEKNIKOAK,0.0,6292.0,0.0,6292.0,0.0,6292.0,0.0,0.0,0.0
1 0200.227.07.151.00 2018,,1839.0,AZTERKETA ETA LAN TEKNIKOAK,0.0,14616.8,0.0,14616.8,0.0,14616.8,0.0,0.0,0.0
1 0200.227.07.172.00 2021,,114.0,AZITAINGO LURZORUAREN KALIT.KONTR.,30000.0,30000.0,0.0,0.0,30000.0,0.0,0.0,0.0,0.0
1 0200.227.07.172.00 2020,,1842.0,AZITAINGO LURZORUAREN KALIT.KONTR.,0.0,28799.94,0.0,28799.94,0.0,28799.94,0.0,0.0,0.0
1 0200.227.07.172.00 2019,,1841.0,AZITAINGO LURZORUAREN KALIT.KONTR.,0.0,902.05,0.0,902.05,0.0,902.05,0.0,0.0,0.0
1 0200.227.90.151.00 2021,,40.0,KANPOKO LANAK,32000.0,32000.0,0.0,0.0,32000.0,0.0,0.0,0.0,0.0
1 0200.227.90.151.00 2020,,1844.0,KANPOKO LANAK,0.0,26982.0,0.0,26982.0,0.0,26982.0,8227.52,8227.52,8227.52
1 0200.227.90.151.00 2019,,1843.0,KANPOKO LANAK,0.0,107078.0,0.0,107078.0,0.0,89298.0,0.0,0.0,0.0
1 0200.227.90.172.00 2021,,1247.0,KANPOKO LANAK,6870.38,6870.38,0.0,14157.0,-7286.62,14157.0,0.0,0.0,0.0
1 0200.227.99.151.00 2021,,41.0,KONTRATOAK KANPOKOEKIN. NEURKETAK,1500.0,1500.0,0.0,0.0,1500.0,0.0,0.0,0.0,0.0
1 0200.227.99.172.00 2021,,115.0,KANPOKO BESTELAKO LANAK,60000.0,50925.0,0.0,15215.91,35709.09,15215.91,5000.8,1165.55,0.0
1 0200.227.99.172.00 2020,,1845.0,KANPOKO BESTELAKO LANAK,0.0,3761.93,0.0,3761.93,0.0,3761.93,2420.0,2420.0,2420.0
1 0200.230.01.151.00 2021,,42.0,PERTSONAL DIETAK/GARRAIOA/LEKUALDAKETA,640.0,640.0,0.0,0.0,640.0,0.0,0.0,0.0,0.0
1 0200.230.01.172.00 2021,,986.0,"PERTSONALAREN DIETAK, GARRAIOA ETA LEK.",35.0,35.0,0.0,0.0,35.0,0.0,0.0,0.0,0.0
1 0200.480.01.152.20 2021,,44.0,FAMILIEI. KALEKO IGOGAILUEN MANTENIM.,6000.0,6000.0,0.0,0.0,6000.0,0.0,0.0,0.0,0.0
1 0200.480.01.152.30 2021,,569.0,FAMILIEI,0.0,18000.0,0.0,18000.0,0.0,0.0,0.0,0.0,0.0
1 0200.480.01.152.30 2019,,1846.0,FAMILIEI,0.0,14453.0,0.0,14453.0,0.0,600.0,0.0,0.0,0.0
1 0200.481.21.152.20 2021,,845.0,DIRU-LAG.HERRIKO KOADRILA ELKARTEARI,20000.0,2000.0,0.0,0.0,2000.0,0.0,0.0,0.0,0.0
1 0200.481.21.152.20 2018,,1847.0,DIRU-LAG.HERRIKO KOADRILA ELKARTEARI,0.0,97.5,0.0,97.5,0.0,97.5,0.0,0.0,0.0
1 0200.600.04.151.00 2021,,1544.0,LUR ONDARERAKO EROSKETAK,250000.0,250000.0,0.0,0.0,250000.0,0.0,0.0,0.0,0.0
1 0200.601.16.172.00 2021,,987.0,"BESTE LAN BATZUK, INGURUMENA",15000.0,15000.0,0.0,0.0,15000.0,0.0,0.0,0.0,0.0
1 0200.601.16.172.00 2019,,1848.0,"BESTE LAN BATZUK, INGURUMENA",0.0,151.25,0.0,151.25,0.0,151.25,0.0,0.0,0.0
1 0200.625.02.172.00 2021,,2018.0,AIREAREN KALITATEAREN NEURGAILUAK,0.0,9075.0,0.0,9075.0,0.0,9075.0,9075.0,9075.0,9075.0
1 0200.771.05.152.20 2021,,1818.0,INDUSTRIA-AURRIAK ERAISTEA LAGUNTZA,150000.0,150000.0,0.0,0.0,150000.0,0.0,0.0,0.0,0.0
1 0200.780.02.152.20 2021,,45.0,FAMIL.FATXADAK/IGOGAILUAK BIRGAITU,250000.0,250000.0,0.0,206000.0,44000.0,3338.1,3338.1,3338.1,0.0
1 0200.780.02.152.20 2020,,1849.0,FAMIL.FATXADAK/IGOGAILUAK BIRGAITU,0.0,402157.68,0.0,402157.68,0.0,0.0,0.0,0.0,0.0
1 0200.780.04.152.20 2018,,1850.0,FAMILIEI. TXONTAKO ERAIKIN. BERRIZT. LAN,0.0,1995556.74,0.0,1995556.74,0.0,767968.98,167036.09,167036.09,167036.09
1 0300.120.01.153.20 2021,,46.0,OINARRIZKO ORDAINKETAK,142515.68,142515.68,0.0,59134.43,83381.25,59134.43,59134.43,59134.43,59134.43
1 0300.121.99.153.20 2021,,47.0,BESTE OSAGARRI BATZUK,240411.24,240411.24,0.0,120268.44,120142.8,120268.44,120268.44,120268.44,120268.44
1 0300.131.01.153.20 2021,,1279.0,LABORAL EBENTUALA,41938.96,41938.96,0.0,17645.75,24293.21,17645.75,17645.75,17645.75,17645.75
1 0300.160.01.153.20 2021,,48.0,GIZARTE SEGURANTZA,100712.04,100712.04,0.0,30335.93,70376.11,30335.93,30335.93,30335.93,30335.93
1 0300.160.04.153.20 2021,,49.0,ELKARKIDETZAREN KUOTAK,9338.04,9338.04,0.0,3874.08,5463.96,3874.08,3874.08,3874.08,3874.08
1 0300.230.01.153.20 2021,,50.0,PERTSONAL.DIETAK/GARRAIOA/LEKUALDAKETA,675.0,675.0,0.0,46.84,628.16,46.84,46.84,46.84,46.84
1 0300.601.07.153.20 2021,,51.0,ERREBAL,710000.0,710000.0,0.0,80347.21,629652.79,80347.21,71065.3,65489.62,65489.62
1 0300.601.07.153.20 2020,,1851.0,ERREBAL,0.0,1760614.29,0.0,1760614.29,0.0,1760614.29,1626398.36,1626398.36,1626398.36
1 0300.601.08.153.20 2021,,52.0,HIRI INGURUEN HOBEKUNTZA-IRISGARRITASUNA,1360000.0,1360000.0,704770.27,847.0,654382.73,847.0,847.0,847.0,847.0
1 0300.601.08.153.20 2020,,1853.0,HIRI INGURUEN HOBEKUNTZA-IRISGARRITASUNA,0.0,664984.06,0.0,664984.06,0.0,590308.3,105921.87,105921.87,87583.07
1 0300.601.08.153.20 2019,,1852.0,HIRI INGURUEN HOBEKUNTZA-IRISGARRITASUNA,0.0,311996.69,0.0,311996.69,0.0,135222.17,135222.17,135222.17,135222.17
1 0300.601.14.153.20 2021,,54.0,LAN TXIKIAK,150000.0,150000.0,0.0,35552.96,114447.04,35552.96,14585.2,14585.2,14585.2
1 0300.601.14.153.20 2020,,1855.0,LAN TXIKIAK,0.0,2995.21,0.0,2995.21,0.0,2995.21,2215.63,2215.63,2215.63
1 0300.601.14.153.20 2019,,1854.0,LAN TXIKIAK,0.0,21804.0,0.0,21804.0,0.0,0.0,0.0,0.0,0.0
1 0300.601.20.153.20 2021,,1285.0,UDAL ERAIKUNTZETAN LANAK,200000.0,275000.0,0.0,74921.89,200078.11,28656.45,2502.19,2502.19,2502.19
1 0300.601.20.153.20 2020,,1856.0,UDAL ERAIKUNTZETAN LANAK,0.0,158529.75,0.0,158529.75,0.0,43684.98,42805.31,42805.31,42805.31
1 0300.601.21.323.00 2021,,198.0,LAN TXIKIAK ESKOLETAN,75000.0,110000.0,0.0,106850.56,3149.44,51701.03,25423.05,2073.27,2073.27
1 0300.601.21.323.00 2020,,1857.0,LAN TXIKIAK ESKOLETAN,0.0,3509.0,0.0,3509.0,0.0,3509.0,0.0,0.0,0.0
1 0300.601.23.153.20 2021,,55.0,ALFALTATZE-LANAK,200000.0,200000.0,0.0,0.0,200000.0,0.0,0.0,0.0,0.0
1 0300.601.37.454.00 2021,,369.0,BASERRIETAKO AZPIEGITURA,100000.0,100000.0,0.0,94613.39,5386.61,77189.22,30890.53,30890.53,30890.53
1 0300.601.37.454.00 2020,,1858.0,BASERRIETAKO AZPIEGITURA,0.0,29570.02,0.0,29570.02,0.0,29570.02,29570.02,29570.02,29570.02
1 0300.625.01.153.20 2021,,1548.0,ALTZARIAK,20000.0,20000.0,0.0,0.0,20000.0,0.0,0.0,0.0,0.0
1 0300.643.01.153.20 2021,,56.0,IKERKETA/AZTERKETA ETA PROIEKTUAK,120000.0,120000.0,0.0,7774.25,112225.75,7774.25,4416.5,4416.5,4416.5
1 0300.643.01.153.20 2020,,1860.0,IKERKETA/AZTERKETA ETA PROIEKTUAK,0.0,261722.48,0.0,261722.48,0.0,213864.42,56424.72,56424.72,56424.72
1 0400.120.01.153.40 2021,,61.0,OINARRIZKO ORDAINKETAK,75798.02,75798.02,0.0,30066.5,45731.52,30066.5,30066.5,30066.5,30066.5
1 0400.120.01.165.00 2021,,91.0,OINARRIZKO ORDAINKETAK,13993.92,13993.92,0.0,5310.12,8683.8,5310.12,5310.12,5310.12,5310.12
1 0400.121.99.153.40 2021,,62.0,BESTE OSAGARRI BATZUK,156481.49,156481.49,0.0,70794.53,85686.96,70794.53,70794.53,70794.53,70794.53
1 0400.121.99.165.00 2021,,92.0,BESTE OSAGARRI BATZUK,28037.16,28037.16,0.0,12255.1,15782.06,12255.1,12255.1,12255.1,12255.1
1 0400.130.03.153.40 2021,,63.0,ORDAINKETAK PERTSONAL LABORAL FINKOARI,353561.75,353561.75,0.0,121441.48,232120.27,121441.48,121441.48,121441.48,121441.48
1 0400.130.03.165.00 2021,,580.0,ORDAINK.PERTSONAL LABORAL FINKOARI,82766.57,82766.57,0.0,20363.41,62403.16,20363.41,20363.41,20363.41,20363.41
1 0400.130.03.171.00 2021,,102.0,ORDAINKETAK PERTSONAL LABORAL FINKOARI,33007.05,33007.05,0.0,50173.14,-17166.09,50173.14,50173.14,50173.14,50173.14
1 0400.130.03.323.00 2021,,188.0,ORDAINKETAK PERTSONAL LABORAL FINKOARI,67264.34,67264.34,0.0,24160.84,43103.5,24160.84,24160.84,24160.84,24160.84
1 0400.130.03.920.40 2021,,433.0,ORDAINKETAK PERTSONAL LABORAL FINKOARI,112017.32,112017.32,0.0,35521.41,76495.91,35521.41,35521.41,35521.41,35521.41
1 0400.131.01.153.40 2021,,64.0,LABORAL EBENTUALA,269847.04,269847.04,0.0,151991.9,117855.14,151991.9,151991.9,151991.9,151991.9
1 0400.131.01.164.00 2021,,82.0,LABORAL EBENTUALA,85076.54,85076.54,0.0,44194.67,40881.87,44194.67,44194.67,44194.67,44194.67
1 0400.131.01.165.00 2021,,1541.0,LABORAL EBENTUALA,0.0,0.0,0.0,13333.63,-13333.63,13333.63,13333.63,13333.63,13333.63
1 0400.131.01.171.00 2021,,103.0,LABORAL EBENTUALA,170980.2,170980.2,0.0,37465.61,133514.59,37465.61,37465.61,37465.61,37465.61
1 0400.131.01.323.00 2021,,643.0,LABORAL EBENTUALA,78350.38,78350.38,0.0,41340.26,37010.12,41340.26,41340.26,41340.26,41340.26
1 0400.131.01.920.40 2021,,811.0,LABORAL EBENTUALA,23020.05,23020.05,0.0,20780.05,2240.0,20780.05,20780.05,20780.05,20780.05
1 0400.160.01.153.40 2021,,65.0,GIZARTE SEGURANTZA,303119.91,303119.91,0.0,90901.67,212218.24,90901.67,90901.67,90901.67,90901.67
1 0400.160.01.164.00 2021,,83.0,GIZARTE SEGURANTZA,31321.7,31321.7,0.0,-453.25,31774.95,-453.25,-453.25,-453.25,-453.25
1 0400.160.01.165.00 2021,,94.0,GIZARTE SEGURANTZA,44047.81,44047.81,0.0,19938.34,24109.47,19938.34,19938.34,19938.34,19938.34
1 0400.160.01.171.00 2021,,104.0,GIZARTE SEGURANTZA,78303.77,78303.77,0.0,18557.53,59746.24,18557.53,18557.53,18557.53,18557.53
1 0400.160.01.323.00 2021,,189.0,GIZARTE SEGURANTZA,51139.47,51139.47,0.0,16115.11,35024.36,16115.11,16115.11,16115.11,16115.11
1 0400.160.01.920.40 2021,,434.0,GIZARTE SEGURANTZA,46620.16,46620.16,0.0,11202.92,35417.24,11202.92,11202.92,11202.92,11202.92
1 0400.160.04.153.40 2021,,66.0,ELKARKIDETZAREN KUOTAK,18354.17,18354.17,0.0,7448.87,10905.3,7448.87,7448.87,7448.87,7448.87
1 0400.160.04.164.00 2021,,84.0,ELKARKIDETZAREN KUOTAK,1013.84,1013.84,0.0,425.94,587.9,425.94,425.94,425.94,425.94
1 0400.160.04.165.00 2021,,95.0,ELKARKIDETZAREN KUOTAK,3041.51,3041.51,0.0,1277.82,1763.69,1277.82,1277.82,1277.82,1277.82
1 0400.160.04.171.00 2021,,105.0,ELKARKIDETZAREN KUOTAK,2027.67,2027.67,0.0,709.9,1317.77,709.9,709.9,709.9,709.9
1 0400.160.04.323.00 2021,,190.0,ELKARKIDETZAREN KUOTAK,4055.35,4055.35,0.0,1490.79,2564.56,1490.79,1490.79,1490.79,1490.79
1 0400.160.04.920.40 2021,,435.0,ELKARKIDETZAREN KUOTAK,4055.35,4055.35,0.0,1277.82,2777.53,1277.82,1277.82,1277.82,1277.82
1 0400.210.01.153.40 2021,,67.0,AZPIEGITURA ETA ONDASUN NATURALAK,90000.0,119804.53,0.0,102180.32,17624.21,102180.32,67924.33,66585.93,64329.98
1 0400.210.01.153.40 2020,,1862.0,AZPIEGITURA ETA ONDASUN NATURALAK,0.0,7253.9,0.0,7253.9,0.0,7253.9,4656.09,4656.09,4656.09
1 0400.210.01.454.00 2021,,367.0,AZPIEGITURA ETA ONDASUN NATURALAK,68000.0,68000.0,0.0,53950.3,14049.7,53950.3,23418.66,23418.66,23418.66
1 0400.210.01.454.00 2020,,1863.0,AZPIEGITURA ETA ONDASUN NATURALAK,0.0,12259.72,0.0,12259.72,0.0,12259.72,12259.72,12259.72,12259.72
1 0400.211.01.323.00 2021,,191.0,ERAIKIN/BESTEL.ERAIK.MANTENIMEND.,121751.0,166442.68,0.0,131125.08,35317.6,131125.08,24715.61,24594.32,20860.02
1 0400.211.01.323.00 2020,,1864.0,ERAIKIN/BESTEL.ERAIK.MANTENIMEND.,0.0,433.85,0.0,417.85,16.0,417.85,0.0,0.0,0.0
1 0400.211.01.333.10 2021,,226.0,ERAIKINAK ETA BESTELAKO ERAIKUNTZAK,49741.92,58937.92,0.0,15963.27,42974.65,15963.27,5491.89,5491.89,5312.81
1 0400.211.01.333.20 2021,,233.0,ERAIKINAK ETA BESTELAKO ERAIKUNTZAK,53936.0,58134.7,0.0,7863.12,50271.58,7863.12,3536.11,3536.11,196.51
1 0400.211.01.333.20 2020,,1865.0,ERAIKINAK ETA BESTELAKO ERAIKUNTZAK,0.0,7757.43,0.0,7757.43,0.0,7757.43,0.0,0.0,0.0
1 0400.211.01.334.50 2021,,1751.0,ERAIKINAK ETA BESTELAKO ERAIKUNTZAK,19000.0,19000.0,0.0,11011.0,7989.0,11011.0,7623.0,5929.0,5929.0
1 0400.211.01.920.40 2021,,436.0,ERAIKINAK ETA BESTELAKO ERAIKUNTZAK,140088.25,163147.77,0.0,97954.58,65193.19,97954.58,59178.67,58900.71,52517.65
1 0400.211.01.920.40 2020,,1867.0,ERAIKINAK ETA BESTELAKO ERAIKUNTZAK,0.0,2636.6,0.0,2636.6,0.0,2636.6,1337.95,1337.95,1337.95
1 0400.212.01.134.00 2021,,28.0,MAKINERIA/INSTALAZ/TRESNERIA. MANTENIM.,529454.5,529454.5,0.0,447733.39,81721.11,447733.39,160238.58,118237.88,117737.89
1 0400.212.01.134.00 2020,,1868.0,MAKINERIA/INSTALAZ/TRESNERIA. MANTENIM.,0.0,2145.05,0.0,2145.05,0.0,2145.05,0.0,0.0,0.0
1 0400.212.01.163.00 2021,,77.0,MAKINERIA/INSTALAZ/TRESNERIA,1000.0,1000.0,0.0,0.0,1000.0,0.0,0.0,0.0,0.0
1 0400.212.01.164.00 2021,,85.0,MAKIN/INSTALAZ/TRESNERIA.MANTENIM.,8000.0,8000.0,0.0,2442.05,5557.95,2442.05,1613.2,1564.87,1295.52
1 0400.212.01.164.00 2020,,1869.0,MAKIN/INSTALAZ/TRESNERIA.MANTENIM.,0.0,1574.21,0.0,1574.21,0.0,1574.21,1073.27,1073.27,1073.27
1 0400.212.01.165.00 2021,,96.0,MAKINERIA/INSTALAZ/TRESNERIA,50000.0,50000.0,0.0,25356.63,24643.37,25356.63,13272.23,13272.23,11889.45
1 0400.212.01.165.00 2020,,1870.0,MAKINERIA/INSTALAZ/TRESNERIA,0.0,968.83,0.0,968.83,0.0,968.83,37.55,37.55,37.55
1 0400.212.01.171.00 2021,,106.0,MAKINERIA/INSTALAZ/TRESNERIA,7000.0,7000.0,0.0,5931.43,1068.57,5931.43,3019.4,2206.34,2206.34
1 0400.212.01.323.00 2021,,192.0,"MAKINERIA, INSTALAZIOAK ETA TRESNERIA",20129.21,20129.21,0.0,26801.38,-6672.17,26801.38,9453.29,8810.31,7339.65
1 0400.212.01.323.00 2020,,1872.0,"MAKINERIA, INSTALAZIOAK ETA TRESNERIA",0.0,9154.58,0.0,9154.58,0.0,9154.58,232.32,232.32,232.32
1 0400.212.01.333.10 2021,,787.0,"MAKINERIA, INSTALAZIOAK ETA TRESNERIA",10000.0,10000.0,0.0,26220.86,-16220.86,26220.86,24439.67,24439.67,23794.36
1 0400.212.01.333.10 2020,,1873.0,"MAKINERIA, INSTALAZIOAK ETA TRESNERIA",0.0,781.24,0.0,781.24,0.0,781.24,266.99,266.99,266.99
1 0400.212.01.333.20 2021,,993.0,"MAKINERIA, INSTALAZIOAK ETA TRESNERIA",20000.0,20000.0,0.0,13624.79,6375.21,13624.79,5936.54,5936.54,5521.51
1 0400.212.01.333.20 2020,,1874.0,"MAKINERIA, INSTALAZIOAK ETA TRESNERIA",0.0,266.99,0.0,266.99,0.0,266.99,266.99,266.99,266.99
1 0400.212.01.334.50 2021,,1752.0,"MAKINERIA, INSTALAZAIOAK ETA TRESNERIA",20000.0,20000.0,0.0,8981.95,11018.05,8981.95,0.0,0.0,0.0
1 0400.212.01.920.40 2021,,437.0,"MAKINERIA,INSTALAZIOAK ETA TRESNERIA",30350.0,30350.0,0.0,29714.01,635.99,29714.01,11058.03,9633.62,8598.04
1 0400.212.01.920.40 2020,,1875.0,"MAKINERIA,INSTALAZIOAK ETA TRESNERIA",0.0,25493.26,0.0,25493.26,0.0,25493.26,3233.46,3233.46,3233.46
1 0400.213.01.153.40 2021,,68.0,GARRAIO-MATERIALA. MANTENIMENDUA,17000.0,17000.0,0.0,16320.98,679.02,16320.98,10320.34,10043.64,9181.94
1 0400.213.01.153.40 2020,,1876.0,GARRAIO-MATERIALA. MANTENIMENDUA,0.0,478.02,0.0,478.02,0.0,478.02,478.02,478.02,478.02
1 0400.221.01.134.00 2021,,29.0,ENERGIA ELEKTRIKOA,65000.0,65000.0,0.0,25174.37,39825.63,25174.37,25174.37,25174.37,25174.37
1 0400.221.01.165.00 2021,,97.0,ENERGIA ELEKTRIKOA,215000.0,215000.0,0.0,86709.91,128290.09,86709.91,86709.91,86709.91,86709.91
1 0400.221.01.323.00 2021,,193.0,ENERGIA ELEKTRIKOA,87000.0,87000.0,0.0,42480.09,44519.91,42480.09,30130.09,30130.09,30130.09
1 0400.221.01.323.00 2020,,1877.0,ENERGIA ELEKTRIKOA,0.0,8386.42,0.0,8386.42,0.0,8386.42,2417.76,2417.76,2417.76
1 0400.221.01.333.10 2021,,228.0,ENERGIA ELEKTRIKOA,16000.0,16000.0,0.0,0.0,16000.0,0.0,0.0,0.0,0.0
1 0400.221.01.333.20 2021,,234.0,ENERGIA ELEKTRIKOA,47000.0,47000.0,0.0,12943.68,34056.32,12943.68,12943.68,12943.68,12943.68
1 0400.221.01.334.50 2021,,1753.0,ENERGIA ELEKTRIKOA.,30000.0,30000.0,0.0,0.0,30000.0,0.0,0.0,0.0,0.0
1 0400.221.01.920.40 2021,,438.0,ENERGIA ELEKTRIKOA,65000.0,65000.0,0.0,34929.67,30070.33,34929.67,32833.54,32833.54,32833.54
1 0400.221.02.920.40 2021,,439.0,URA,78000.0,78000.0,0.0,16353.4,61646.6,16353.4,16353.4,16353.4,16353.4
1 0400.221.04.153.40 2021,,69.0,ERREGAI ETA KARBURANTEAK,22000.0,22000.0,0.0,16000.0,6000.0,16000.0,5959.29,5959.29,3304.91
1 0400.221.04.153.40 2020,,1878.0,ERREGAI ETA KARBURANTEAK,0.0,6000.0,0.0,6000.0,0.0,6000.0,0.0,0.0,0.0
1 0400.221.04.163.00 2021,,78.0,ERREGAI ETA KARBURANTEAK,3000.0,3000.0,0.0,0.0,3000.0,0.0,0.0,0.0,0.0
1 0400.221.04.163.00 2020,,1879.0,ERREGAI ETA KARBURANTEAK,0.0,657.9,0.0,657.9,0.0,657.9,0.0,0.0,0.0
1 0400.221.04.323.00 2021,,194.0,ERREGAI ETA KARBURANTEAK,94000.0,94000.0,0.0,137632.26,-43632.26,137632.26,45717.14,45717.14,45434.7
1 0400.221.04.323.00 2020,,1880.0,ERREGAI ETA KARBURANTEAK,0.0,15735.49,0.0,15735.49,0.0,15735.49,0.0,0.0,0.0
1 0400.221.04.333.10 2021,,229.0,ERREGAI ETA KARBURANTEAK,13500.0,13500.0,0.0,12500.0,1000.0,12500.0,6190.84,6190.84,6190.84
1 0400.221.04.333.20 2021,,235.0,ERREGAI ETA KARBURANTEAK,22000.0,22000.0,0.0,21000.0,1000.0,21000.0,14860.29,14402.74,14402.74
1 0400.221.04.334.50 2021,,1768.0,ERREGAI ETA KARBURANTEAK,15000.0,15000.0,0.0,0.0,15000.0,0.0,0.0,0.0,0.0
1 0400.221.04.920.40 2021,,440.0,ERREGAI ETA KARBURANTEAK,27000.0,27000.0,0.0,29273.95,-2273.95,29273.95,17318.97,16979.4,16795.81
1 0400.221.04.920.40 2020,,1881.0,ERREGAI ETA KARBURANTEAK,0.0,4700.0,0.0,4700.0,0.0,4700.0,0.0,0.0,0.0
1 0400.221.05.153.40 2021,,70.0,ARROPAK,16000.0,16000.0,0.0,2438.89,13561.11,2438.89,1443.01,1443.01,1443.01
1 0400.221.05.153.40 2020,,1882.0,ARROPAK,0.0,2490.12,0.0,0.0,2490.12,0.0,0.0,0.0,0.0
1 0400.221.05.164.00 2021,,86.0,ARROPAK,1000.0,1000.0,0.0,0.0,1000.0,0.0,0.0,0.0,0.0
1 0400.221.05.171.00 2021,,432.0,ARROPAK,4500.0,4500.0,0.0,2178.0,2322.0,2178.0,668.65,668.65,668.65
1 0400.221.05.323.00 2021,,195.0,ARROPAK,1500.0,1500.0,0.0,364.82,1135.18,364.82,364.82,364.82,364.82
1 0400.221.05.920.40 2021,,441.0,ARROPAK,1500.0,1500.0,0.0,259.09,1240.91,259.09,259.09,259.09,222.29
1 0400.221.09.920.40 2021,,442.0,GARBIKETA/TXUKUNKETA PRODUKTUAK,8500.0,8500.0,0.0,5365.9,3134.1,5365.9,5182.08,5182.08,4745.17
1 0400.221.96.153.30 2021,,58.0,HERRIKO MANTENIMENDU NAGUSIA,57221.76,57221.76,0.0,44244.43,12977.33,44244.43,19915.74,19915.74,16850.18
1 0400.221.96.153.30 2020,,1883.0,HERRIKO MANTENIMENDU NAGUSIA,0.0,3668.82,0.0,3668.82,0.0,3668.82,2322.33,2322.33,1320.16
1 0400.221.96.442.00 2021,,365.0,MANTENIMENDUA.MARKESINAK,1500.0,1500.0,0.0,0.0,1500.0,0.0,0.0,0.0,0.0
1 0400.221.99.133.20 2021,,26.0,BESTELAK.HORNID.(SEMAFOR/SEINALEAK),23000.0,23000.0,0.0,6951.13,16048.87,6951.13,5678.73,5575.88,5431.77
1 0400.221.99.171.00 2021,,107.0,BESTELAKO HORNIDURAK,61000.0,61000.0,0.0,49687.85,11312.15,49687.85,28718.37,26672.37,6283.1
1 0400.222.01.920.40 2021,,443.0,TELEFONO BIDEZKOAK,45000.0,45000.0,0.0,25019.0,19981.0,25019.0,18780.6,18780.6,15327.11
1 0400.222.01.920.40 2020,,1885.0,TELEFONO BIDEZKOAK,0.0,6650.18,0.0,6650.18,0.0,6650.18,5080.94,5080.94,5080.94
1 0400.224.01.920.40 2021,,444.0,ERAIKIN ETA LOKALENAK.ASEGURUAK,65000.0,65000.0,0.0,58041.71,6958.29,58041.71,58041.71,58041.71,58041.71
1 0400.224.02.153.40 2021,,71.0,IBILGAILUENAK. ASEGURUAK,7500.0,7500.0,0.0,10000.0,-2500.0,10000.0,6683.85,6683.85,6683.85
1 0400.225.02.425.00 2021,,339.0,LURRALDE HISTORIKOKO ZERGAK,3000.0,3000.0,0.0,0.0,3000.0,0.0,0.0,0.0,0.0
1 0400.226.99.153.40 2021,,72.0,BESTE HAINBAT GASTU,15000.0,15000.0,0.0,4087.48,10912.52,4087.48,2141.06,2141.06,1995.62
1 0400.226.99.165.00 2021,,98.0,HAINB.GASTU.KONTROL.ERAKUND.IKUSKAP.,15000.0,15000.0,0.0,5252.92,9747.08,5252.92,2585.26,2585.26,2585.26
1 0400.226.99.165.00 2020,,1887.0,HAINB.GASTU.KONTROL.ERAKUND.IKUSKAP.,0.0,591.26,0.0,591.26,0.0,591.26,0.0,0.0,0.0
1 0400.226.99.171.00 2021,,108.0,EZPOND.BELAR-SASTR.GARBITZ.,60000.0,60000.0,0.0,60423.5,-423.5,60423.5,0.0,0.0,0.0
1 0400.226.99.171.00 2020,,1888.0,EZPOND.BELAR-SASTR.GARBITZ.,0.0,14996.84,0.0,14996.84,0.0,14996.84,0.0,0.0,0.0
1 0400.227.01.134.00 2021,,30.0,GARBIKETA,184554.14,184554.14,0.0,161279.55,23274.59,161279.55,61001.93,61001.93,58348.7
1 0400.227.01.153.30 2021,,59.0,GARBIKETA,34131.41,34131.41,0.0,30490.68,3640.73,30490.68,13471.96,13471.96,13471.96
1 0400.227.01.163.00 2021,,79.0,GARBIKETA,111130.0,111130.0,0.0,108095.69,3034.31,108095.69,19243.66,11534.97,11534.97
1 0400.227.01.163.00 2020,,1891.0,GARBIKETA,0.0,7073.06,0.0,7073.06,0.0,7073.06,3141.16,3141.16,3141.16
1 0400.227.01.164.00 2021,,87.0,GARBIKETA,1500.0,1500.0,0.0,319.0,1181.0,319.0,319.0,319.0,319.0
1 0400.227.01.164.00 2020,,1892.0,GARBIKETA,0.0,324.5,0.0,0.0,324.5,0.0,0.0,0.0,0.0
1 0400.227.01.323.00 2021,,196.0,GARBIKETA,806284.24,806284.24,0.0,731709.83,74574.41,731709.83,401333.41,401333.41,394486.56
1 0400.227.01.323.00 2020,,1893.0,GARBIKETA,0.0,38548.99,0.0,38548.99,0.0,38548.99,35500.16,35500.16,30760.03
1 0400.227.01.333.20 2021,,236.0,GARBIKETA,204549.63,204549.63,0.0,190993.58,13556.05,190993.58,89396.27,89396.27,88079.57
1 0400.227.01.333.20 2020,,1894.0,GARBIKETA,0.0,17146.15,0.0,17146.15,0.0,17146.15,14359.03,14359.03,14359.03
1 0400.227.01.334.50 2021,,1754.0,GARBIKETA,46200.0,31200.0,0.0,3450.17,27749.83,3450.17,2300.12,2300.12,2300.12
1 0400.227.01.442.00 2021,,366.0,GARBIKETA. MARKESINAK,5105.23,5105.23,0.0,4580.91,524.32,4580.91,2101.43,2101.43,2101.43
1 0400.227.01.920.40 2021,,445.0,GARBIKETA,75100.0,75100.0,0.0,78493.11,-3393.11,78493.11,43084.84,43084.84,43084.84
1 0400.227.01.920.40 2020,,1895.0,GARBIKETA,0.0,693.48,0.0,693.48,0.0,693.48,0.0,0.0,0.0
1 0400.227.99.133.20 2021,,27.0,KANPOKO BESTELAKO LANAK,66176.1,66176.1,0.0,74209.23,-8033.13,74209.23,17689.87,17689.87,17689.87
1 0400.227.99.133.20 2020,,1896.0,KANPOKO BESTELAKO LANAK,0.0,3581.6,0.0,3581.6,0.0,3581.6,3581.6,3581.6,3581.6
1 0400.227.99.153.40 2021,,248.0,KANPOKO BESTELAKO LANAK,10000.0,10000.0,0.0,7843.0,2157.0,7843.0,2249.5,2249.5,2249.5
1 0400.227.99.153.40 2020,,1897.0,KANPOKO BESTELAKO LANAK,0.0,5601.75,0.0,907.5,4694.25,907.5,0.0,0.0,0.0
1 0400.227.99.311.70 2021,,187.0,KANP.BEST.LANAK.ARRATOIG/NEURRI BEREZIAK,19410.0,19410.0,0.0,17409.99,2000.01,17409.99,2695.0,2695.0,2695.0
1 0400.230.01.153.40 2021,,73.0,PERTSONAL.DIETAK/GARRAIOA/LEKUALDAKETA,910.0,910.0,0.0,0.0,910.0,0.0,0.0,0.0,0.0
1 0400.230.01.164.00 2021,,88.0,PERTSONAL.DIETAK/GARRAIOA/LEKUALDAKETA,140.0,140.0,0.0,0.0,140.0,0.0,0.0,0.0,0.0
1 0400.230.01.165.00 2021,,99.0,PERTSONAL.DIETAK/GARRAIOA/LEKUALDAKETA,105.0,105.0,0.0,0.0,105.0,0.0,0.0,0.0,0.0
1 0400.230.01.171.00 2021,,109.0,PERSONAL.DIETAK/GARRAIOA/LEKUALDAKETA,245.0,245.0,0.0,0.0,245.0,0.0,0.0,0.0,0.0
1 0400.230.01.323.00 2021,,197.0,PERTSONAL.DIETAK/GARRAIOA/LEKUALDAKETA,210.0,210.0,0.0,0.0,210.0,0.0,0.0,0.0,0.0
1 0400.230.01.920.40 2021,,446.0,PERTSONAL.DIETAK/GARRAIOA/LEKUALDAKETA,175.0,175.0,0.0,0.0,175.0,0.0,0.0,0.0,0.0
1 0400.421.01.163.00 2021,,80.0,MANKOMUNITATE,1616982.25,1616982.25,0.0,1616982.25,0.0,1616982.25,808491.12,808491.12,808491.12
1 0400.422.01.454.00 2021,,368.0,DEBEMEN,41752.34,41752.34,0.0,36293.47,5458.87,36293.47,36293.47,36293.47,36293.47
1 0400.601.11.171.00 2021,,110.0,ITURRIAK ETA LORATEGIAK HOBETZEA,20000.0,20000.0,0.0,0.0,20000.0,0.0,0.0,0.0,0.0
1 0400.601.14.920.40 2021,,1002.0,LAN TXIKIAK,30000.0,30000.0,0.0,5364.43,24635.57,5364.43,5364.43,5364.43,5364.43
1 0400.601.14.920.40 2020,,1898.0,LAN TXIKIAK,0.0,12000.78,0.0,12000.78,0.0,12000.78,0.0,0.0,0.0
1 0400.601.33.164.00 2021,,428.0,HILERRIAN HOBEKUNTZAREN LANAK,60000.0,60000.0,0.0,10340.91,49659.09,10340.91,0.0,0.0,0.0
1 0400.623.01.153.40 2021,,75.0,MAKINERIA,5000.0,5000.0,0.0,434.39,4565.61,434.39,434.39,434.39,434.39
1 0400.623.01.171.00 2021,,111.0,MAKINERIA,5000.0,5000.0,0.0,4600.01,399.99,4600.01,4600.01,4600.01,4600.01
1 0400.623.01.334.50 2021,,2025.0,MAKINARIA,0.0,15000.0,0.0,14272.95,727.05,14272.95,0.0,0.0,0.0
1 0400.623.02.165.00 2021,,100.0,ARGITERIA PUBLIKOKO INSTALAZIO BERRIAK,20000.0,20000.0,17500.0,0.0,2500.0,0.0,0.0,0.0,0.0
1 0400.625.02.920.40 2021,,2029.0,BULEGOKO EKIPOAK,0.0,0.0,0.0,0.0,0.0,0.0,0.0,0.0,0.0
1 0400.625.08.323.00 2021,,2028.0,ELEKTRODOMESTIKOAK,0.0,0.0,0.0,0.0,0.0,0.0,0.0,0.0,0.0
1 0400.629.01.165.00 2021,,101.0,ARGIT.PUBL.ENERG.AURREZT.NEURR.,30000.0,30000.0,0.0,30000.0,0.0,30000.0,0.0,0.0,0.0
1 0400.629.01.920.40 2021,,1003.0,BESTELAKO INBERT.ARGITER.ENERG. ASURREZ.,1000.0,1000.0,0.0,0.0,1000.0,0.0,0.0,0.0,0.0
1 0400.629.03.153.30 2021,,60.0,HIRI-ALTZARITZA,18000.0,43115.06,28000.0,11231.22,3883.84,11231.22,0.0,0.0,0.0
1 0500.120.01.230.10 2021,,119.0,OINARRIZKO ORDAINKETAK,186483.8,186483.8,0.0,69923.33,116560.47,69923.33,69923.33,69923.33,69923.33
1 0500.120.01.231.10 2021,,1051.0,OINARRIZKO ORDAINKETAK,11809.9,11809.9,0.0,5218.68,6591.22,5218.68,5218.68,5218.68,5218.68
1 0500.120.01.231.50 2021,,156.0,OINARRIZKO ORDAINKETAK,38820.19,38820.19,0.0,14561.06,24259.13,14561.06,14561.06,14561.06,14561.06
1 0500.120.01.231.70 2021,,168.0,OINARRIZKO ORDAINKETAK,10862.99,10862.99,0.0,4074.2,6788.79,4074.2,4074.2,4074.2,4074.2
1 0500.120.01.231.80 2021,,175.0,OINARRIZKO ORDAINKETAK,16829.03,16829.03,0.0,6195.63,10633.4,6195.63,6195.63,6195.63,6195.63
1 0500.121.99.230.10 2021,,120.0,BESTE OSAGARRI BATZUK,266965.48,266965.48,0.0,120750.51,146214.97,120750.51,120750.51,120750.51,120750.51
1 0500.121.99.231.10 2021,,1052.0,BESTE OSAGARRI BATZUK,19424.5,19424.5,0.0,10043.54,9380.96,10043.54,10043.54,10043.54,10043.54
1 0500.121.99.231.50 2021,,157.0,BESTE OSAGARRI BATZUK,46705.04,46705.04,0.0,21521.84,25183.2,21521.84,21521.84,21521.84,21521.84
1 0500.121.99.231.70 2021,,169.0,BESTE OSAGARRI BATZUK,16476.26,16476.26,0.0,7454.06,9022.2,7454.06,7454.06,7454.06,7454.06
1 0500.121.99.231.80 2021,,176.0,BESTE OSAGARRI BATZUK,22254.99,22254.99,0.0,10157.07,12097.92,10157.07,10157.07,10157.07,10157.07
1 0500.130.03.231.10 2021,,140.0,ORDAINKETAK PERTSONAL LABORAL FINKOARI,95350.24,95350.24,0.0,46123.96,49226.28,46123.96,46123.96,46123.96,46123.96
1 0500.131.01.230.10 2021,,121.0,LABORAL EBENTUALA,0.0,0.0,0.0,0.0,0.0,0.0,0.0,0.0,0.0
1 0500.131.01.231.10 2021,,141.0,LABORAL EBENTUALA,0.0,0.0,0.0,0.0,0.0,0.0,0.0,0.0,0.0
1 0500.160.01.230.10 2021,,122.0,GIZARTE SEGURANTZA,130967.51,130967.51,0.0,43041.67,87925.84,43041.67,43041.67,43041.67,43041.67
1 0500.160.01.231.10 2021,,142.0,GIZARTE SEGURANTZA,39495.33,39495.33,0.0,18657.81,20837.52,18657.81,18657.81,18657.81,18657.81
1 0500.160.01.231.50 2021,,158.0,GIZARTE SEGURANTZA,23188.76,23188.76,0.0,9540.95,13647.81,9540.95,9540.95,9540.95,9540.95
1 0500.160.01.231.70 2021,,170.0,GIZARTE SEGURANTZA,6070.95,6070.95,0.0,2485.45,3585.5,2485.45,2485.45,2485.45,2485.45
1 0500.160.01.231.80 2021,,177.0,GIZARTE SEGURANTZA,12726.6,12726.6,0.0,5211.17,7515.43,5211.17,5211.17,5211.17,5211.17
1 0500.160.04.230.10 2021,,123.0,ELKARKIDETZAREN KUOTAK,11161.84,11161.84,0.0,2830.8,8331.04,2830.8,2830.8,2830.8,2830.8
1 0500.160.04.231.10 2021,,143.0,ELKARKIDETZAREN KUOTAK,3506.23,3506.23,0.0,1899.0,1607.23,1899.0,1899.0,1899.0,1899.0
1 0500.160.04.231.50 2021,,159.0,ELKARKIDETZAREN KUOTAK,1478.55,1478.55,0.0,621.18,857.37,621.18,621.18,621.18,621.18
1 0500.160.04.231.70 2021,,171.0,ELKARKIDETZAREN KUOTAK,739.28,739.28,0.0,310.56,428.72,310.56,310.56,310.56,310.56
1 0500.160.04.231.80 2021,,1246.0,ELKARKIDETZA KUOTAK,1478.55,1478.55,0.0,621.18,857.37,621.18,621.18,621.18,621.18
1 0500.201.01.231.40 2021,,150.0,ERAIKINAK ETA BESTELAKO ERAIKUNTZAK,15000.0,15000.0,0.0,13794.0,1206.0,13794.0,6897.0,6897.0,6897.0
1 0500.201.01.337.10 2021,,310.0,ERAIKINAK ETA BESTELAKO ERAIKUNTZAK,3800.0,3800.0,0.0,3755.16,44.84,3755.16,1877.58,1877.58,1877.58
1 0500.211.01.231.40 2021,,151.0,ERAIKINAK ETA BESTELAKO ERAIKUNTZAK,8000.0,8000.0,0.0,1331.28,6668.72,1331.28,602.8,602.8,602.8
1 0500.211.01.231.90 2021,,1776.0,ERAIKINAK ETA BESTELAKO ERAIKUNTZAK,57553.31,57553.31,0.0,2137.54,55415.77,2137.54,1303.58,1303.58,1303.58
1 0500.211.01.337.10 2021,,311.0,ERAIKINAK ETA BESTELAKO ERAIKUNTZAK,20000.0,20000.0,0.0,10631.23,9368.77,10631.23,3783.6,3730.51,2699.38
1 0500.221.01.231.40 2021,,152.0,ENERGIA ELEKTRIKOA,6500.0,6500.0,0.0,3568.88,2931.12,3568.88,3568.88,3568.88,3568.88
1 0500.221.01.337.10 2021,,312.0,ENERGIA ELEKTRIKOA,25029.0,25029.0,0.0,6496.93,18532.07,6496.93,6496.93,6496.93,6496.93
1 0500.221.04.231.40 2021,,153.0,ERREGAI ETA KARBURANTEAK,500.0,500.0,0.0,200.0,300.0,200.0,103.49,103.49,43.63
1 0500.221.04.337.10 2021,,313.0,ERREGAI ETA KARBURANTEAK,16480.0,16480.0,0.0,10000.0,6480.0,10000.0,6085.7,6085.7,5601.75
1 0500.221.05.231.10 2021,,144.0,ARROPAK,500.0,500.0,0.0,0.0,500.0,0.0,0.0,0.0,0.0
1 0500.221.90.231.50 2021,,1739.0,BESTE HAINBAT GASTU.ANDREETXE BERRIA,21250.0,21250.0,0.0,0.0,21250.0,0.0,0.0,0.0,0.0
1 0500.221.99.231.50 2021,,160.0,BESTELAKO HORNIDURAK,2550.0,2550.0,0.0,4433.58,-1883.58,4433.58,195.0,195.0,195.0
1 0500.226.02.230.20 2021,,135.0,HONDAMENDI NATURALETARAKO DIRU-EMAITZAK,6000.0,6000.0,0.0,2000.0,4000.0,2000.0,2000.0,2000.0,2000.0
1 0500.226.04.230.10 2021,,37.0,JURIDIKOAK,500.0,500.0,0.0,0.0,500.0,0.0,0.0,0.0,0.0
1 0500.226.04.337.10 2021,,1760.0,JURIDIKOAK,1500.0,1500.0,0.0,1485.0,15.0,1485.0,0.0,0.0,0.0
1 0500.226.54.230.10 2021,,2027.0,"COVID-19 EZOHIKO FUNTSA, NEGUKO GAILU",0.0,0.0,0.0,0.0,0.0,0.0,0.0,0.0,0.0
1 0500.226.56.230.10 2021,,1775.0,BESTE GASTUAK.MASKARILLAK,25000.0,72479.0,0.0,72479.0,0.0,72479.0,0.0,0.0,0.0
1 0500.226.56.230.10 2020,,1900.0,COVID-19 GASTUAK,0.0,27652.51,0.0,27652.51,0.0,27652.51,27652.51,27652.51,27652.51
1 0500.226.58.230.10 2021,,124.0,BESTE HAINBAT GASTU. IRAGATZAZKOAK,5060.0,5060.0,0.0,1852.5,3207.5,1852.5,475.5,475.5,475.5
1 0500.226.64.231.60 2021,,165.0,ESKU-HARTZ.OROK.GIZART.ZAILT.KOLEKT.,50400.0,50400.0,10000.0,52852.5,-12452.5,52852.5,25756.68,25756.68,25756.68
1 0500.226.69.230.10 2021,,126.0,USTEGABEKO GASTUAK,13000.0,23000.0,0.0,25871.84,-2871.84,25871.84,24207.7,19422.7,16587.73
1 0500.226.90.337.10 2021,,1831.0,PERTSONA NAGUSIEEI JARRAPEINA ETA LAGUNT,50000.0,50000.0,0.0,0.0,50000.0,0.0,0.0,0.0,0.0
1 0500.226.96.337.10 2021,,1761.0,B.GASTUAK.ADINEKO PERTS.DIAG.ETA ESKU,18000.0,18000.0,0.0,0.0,18000.0,0.0,0.0,0.0,0.0
1 0500.226.99.230.11 2021,,1734.0,BESTE HAINBAT GASTU,5000.0,5000.0,0.0,0.0,5000.0,0.0,0.0,0.0,0.0
1 0500.226.99.230.20 2021,,1737.0,BESTE HAINBAT GASTU,3000.0,3000.0,0.0,0.0,3000.0,0.0,0.0,0.0,0.0
1 0500.226.99.230.20 2020,,1902.0,BESTE HAINBAT GASTU,0.0,1499.99,0.0,1499.99,0.0,1499.99,0.0,0.0,0.0
1 0500.226.99.231.50 2021,,161.0,BESTE HAINBAT GASTU,86700.0,86700.0,0.0,30696.93,56003.07,30696.93,21645.82,19422.94,13634.99
1 0500.226.99.231.50 2020,,1903.0,BESTE HAINBAT GASTU,0.0,15698.38,0.0,15698.38,0.0,15698.38,13212.01,13212.01,13212.01
1 0500.226.99.231.60 2021,,1219.0,BESTE HAINBAT GASTU,20000.0,20000.0,0.0,2398.7,17601.3,2398.7,620.0,620.0,150.0
1 0500.226.99.231.60 2020,,1904.0,BESTE HAINBAT GASTU,0.0,5354.0,0.0,5354.0,0.0,5354.0,2784.0,2784.0,2784.0
1 0500.226.99.231.70 2021,,172.0,BESTE HAINBAT GASTU,28000.0,28000.0,0.0,13699.87,14300.13,13699.87,9009.87,9009.87,7939.87
1 0500.226.99.231.70 2020,,1905.0,BESTE HAINBAT GASTU,0.0,302.5,0.0,302.5,0.0,302.5,0.0,0.0,0.0
1 0500.226.99.231.80 2021,,178.0,BESTE HAINBAT GASTU,45000.0,45000.0,0.0,17326.92,27673.08,17326.92,10287.28,10287.28,7787.28
1 0500.226.99.231.80 2020,,1906.0,BESTE HAINBAT GASTU,0.0,10938.31,0.0,10938.31,0.0,10938.31,4289.36,4289.36,4289.36
1 0500.226.99.337.10 2021,,1762.0,BESTE HAINBAT GASTU LAGUNTZA PRODUKTOA,10000.0,10000.0,0.0,3220.0,6780.0,3220.0,535.0,535.0,535.0
1 0500.227.01.231.40 2021,,154.0,GARBIKETA,100.0,100.0,0.0,364.39,-264.39,364.39,0.0,0.0,0.0
1 0500.227.04.231.60 2021,,166.0,KONTR.SOZIOKULTUR.INGURUG.ZABALA/IREKIA,197500.0,197500.0,0.0,190740.0,6760.0,190740.0,30374.85,30374.85,13809.95
1 0500.227.07.231.50 2021,,572.0,AZTERKETA ETA LAN TEKNIKOAK,9000.0,9000.0,0.0,7901.3,1098.7,7901.3,0.0,0.0,0.0
1 0500.227.07.231.50 2020,,1908.0,AZTERKETA ETA LAN TEKNIKOAK,0.0,9026.6,0.0,9026.6,0.0,9026.6,9026.6,9026.6,9026.6
1 0500.227.90.231.10 2021,,145.0,KANPOKO LANAK,900000.0,900000.0,0.0,823076.4,76923.6,410576.4,317844.08,317844.08,245033.32
1 0500.227.90.231.10 2020,,1909.0,KANPOKO LANAK,0.0,177054.41,0.0,177054.41,0.0,177054.41,56320.49,56320.49,56320.49
1 0500.227.99.230.10 2021,,130.0,KANPOKO BESTELAKO LANAK,515.0,515.0,0.0,600.0,-85.0,600.0,0.0,0.0,0.0
1 0500.227.99.230.20 2021,,136.0,KANPOKO BESTELAKO LANAK,6000.0,6000.0,0.0,0.0,6000.0,0.0,0.0,0.0,0.0
1 0500.227.99.230.20 2020,,1910.0,KANPOKO BESTELAKO LANAK,0.0,600.0,0.0,600.0,0.0,600.0,0.0,0.0,0.0
1 0500.227.99.230.20 2019,,2020.0,KANPOKO BESTELAKO LANAK,0.0,600.0,0.0,0.0,600.0,0.0,0.0,0.0,0.0
1 0500.227.99.231.50 2021,,162.0,KANPOKO BESTELAKO LANAK,412.0,412.0,0.0,0.0,412.0,0.0,0.0,0.0,0.0
1 0500.230.01.230.10 2021,,131.0,PERTSONAL.DIETAK/GARRAIOA/LEKUALDAKETA,1140.0,1140.0,0.0,42.74,1097.26,42.74,42.74,42.74,42.74
1 0500.230.01.231.10 2021,,146.0,PERTSONAL.DIETAK/GARRAIOA/LEKUALDAKETA,140.0,140.0,0.0,0.0,140.0,0.0,0.0,0.0,0.0
1 0500.230.01.231.50 2021,,163.0,PERTSONAL.DIETAK/GARRAIOA/LEKUALDAKETA,70.0,70.0,0.0,5.86,64.14,5.86,5.86,5.86,5.86
1 0500.230.01.231.70 2021,,173.0,PERTSONAL.DIETAK/GARRAIOA/LEKUALDAKETA,35.0,35.0,0.0,0.0,35.0,0.0,0.0,0.0,0.0
1 0500.230.01.231.80 2021,,179.0,PERTSONAL DIETAKA/GARRAIOA/LEKUALDAKETA,35.0,35.0,0.0,154.25,-119.25,154.25,154.25,154.25,154.25
1 0500.422.03.230.11 2021,,1736.0,TRANSFERTZ.GIPUZKOAKO BESTE UDAL BATZUEI,20000.0,20000.0,0.0,0.0,20000.0,0.0,0.0,0.0,0.0
1 0500.480.01.230.20 2021,,137.0,FAMILIEI.ELKARTASUN BEKAK,3000.0,3000.0,0.0,0.0,3000.0,0.0,0.0,0.0,0.0
1 0500.480.01.230.20 2020,,1911.0,FAMILIEI.ELKARTASUN BEKAK,0.0,3000.0,0.0,3000.0,0.0,3000.0,0.0,0.0,0.0
1 0500.480.02.231.60 2021,,587.0,FAMIL.GIZARTE BARNERATZE ZENTROET.JOAN-E,1000.0,1000.0,0.0,1000.0,0.0,0.0,0.0,0.0,0.0
1 0500.480.03.231.30 2021,,148.0,FAMILIEI.G.L.L.,700000.0,700000.0,0.0,521927.64,178072.36,521927.64,216475.47,216475.47,186434.59
1 0500.480.03.231.30 2020,,1913.0,FAMILIEI.G.L.L.,0.0,36475.89,0.0,6575.35,29900.54,6575.35,5341.65,5341.65,5004.1
1 0500.480.03.231.30 2019,,1912.0,FAMILIEI.G.L.L.,0.0,1290.02,0.0,1290.02,0.0,1290.02,925.0,925.0,925.0
1 0500.480.04.231.70 2021,,174.0,FAMILIEI. DROGAMENPEKOTASUNA,2500.0,2500.0,0.0,2500.0,0.0,0.0,0.0,0.0,0.0
1 0500.480.12.231.30 2021,,1819.0,FAMILIEI. ESKOLA UMEAK PLUS,62500.0,0.0,0.0,0.0,0.0,0.0,0.0,0.0,0.0
1 0500.480.14.231.30 2021,,1820.0,A FAMILIAS. LAGUNTZAK IKASKEEI PLUS,62500.0,0.0,0.0,0.0,0.0,0.0,0.0,0.0,0.0
1 0500.480.16.231.30 2021,,149.0,BALIAB.EKONOM.GUTXIK.LANGAB/PENTSIOD.,146800.0,146800.0,146800.0,0.0,0.0,0.0,0.0,0.0,0.0
1 0500.480.19.231.30 2021,,571.0,RGI LAG.DUTEN FAMIL.HAURR.EKINT.EGIT.,20000.0,20000.0,20000.0,0.0,0.0,0.0,0.0,0.0,0.0
1 0500.480.19.231.30 2020,,1917.0,RGI LAG.DUTEN FAMIL.HAURR.EKINT.EGIT.,0.0,2942.0,0.0,2942.0,0.0,300.0,0.0,0.0,0.0
1 0500.481.01.230.10 2021,,133.0,IRABAZIZKO XEDERIK GABEKO ERAKUNDEEI,40000.0,40000.0,0.0,40000.0,0.0,30627.33,22970.49,22970.49,22970.49
1 0500.481.01.230.10 2020,,1919.0,IRABAZIZKO XEDERIK GABEKO ERAKUNDEEI,0.0,19307.13,0.0,19229.54,77.59,6820.04,6820.04,6820.04,6820.04
1 0500.481.01.230.10 2019,,1918.0,IRABAZIZKO XEDERIK GABEKO ERAKUNDEEI,0.0,8320.51,0.0,8320.51,0.0,375.51,0.0,0.0,0.0
1 0500.481.01.231.50 2021,,164.0,IRABAZIZKO XEDERIK GABEKO ERAKUNDEEI,8500.0,8500.0,0.0,8500.0,0.0,8500.0,8500.0,8500.0,8500.0
1 0500.481.02.337.10 2021,,1763.0,ENITATEEI EGITEN ZAIZKIEN TRANSF.BIZTU,3850.0,3850.0,0.0,3850.0,0.0,3850.0,0.0,0.0,0.0
1 0500.481.02.337.10 2020,,1921.0,ENITATEEI EGITEN ZAIZKIEN TRANSF.BIZTU,0.0,616.0,0.0,616.0,0.0,616.0,0.0,0.0,0.0
1 0500.481.07.337.10 2021,,314.0,INSTITUZIOEI. NAGUSIEN ETXEAK,49750.0,49750.0,0.0,29983.51,19766.49,29983.51,6170.51,6170.51,6170.51
1 0500.481.07.337.10 2020,,1922.0,INSTITUZIOEI. NAGUSIEN ETXEAK,0.0,5372.16,0.0,2344.89,3027.27,2344.89,2344.89,2344.89,2344.89
1 0500.481.08.230.20 2021,,138.0,GARAPENERAKO NAZIOARTEKO LANKIDETZA,375753.65,375753.65,0.0,0.0,375753.65,0.0,0.0,0.0,0.0
1 0500.481.08.230.20 2020,,1924.0,GARAPENERAKO NAZIOARTEKO LANKIDETZA,0.0,45794.62,0.0,45794.62,0.0,45794.62,1000.0,1000.0,1000.0
1 0500.481.08.230.20 2019,,1923.0,GARAPENERAKO NAZIOARTEKO LANKIDETZA,0.0,31371.8,0.0,31371.8,0.0,31371.8,13571.8,13571.8,13571.8
1 0500.481.14.230.20 2021,,1738.0,ENTITATEI TRANSFERENTZIA.EIBAR-SAHARA,4400.0,4400.0,0.0,0.0,4400.0,0.0,0.0,0.0,0.0
1 0500.481.29.230.20 2021,,139.0,ERAKUND.TRANSF.SENTSIBILIZAZIO PROGRAMA,25000.0,25000.0,0.0,0.0,25000.0,0.0,0.0,0.0,0.0
1 0500.481.29.230.20 2020,,1926.0,ERAKUND.TRANSF.SENTSIBILIZAZIO PROGRAMA,0.0,3600.0,0.0,3600.0,0.0,3600.0,0.0,0.0,0.0
1 0500.481.29.230.20 2019,,1925.0,ERAKUND.TRANSF.SENTSIBILIZAZIO PROGRAMA,0.0,2360.0,0.0,2360.0,0.0,2360.0,2360.0,2360.0,2360.0
1 0500.481.30.230.10 2021,,990.0,GURUTZE GORRIARI TRANSFER. JANARI BANKUA,80000.0,70000.0,0.0,0.0,70000.0,0.0,0.0,0.0,0.0
1 0500.481.30.230.10 2020,,1927.0,GURUTZE GORRIARI TRANSFER. JANARI BANKUA,0.0,13000.0,0.0,13000.0,0.0,13000.0,3000.0,3000.0,0.0
1 0500.625.01.230.10 2021,,1501.0,ALTZARIAK,0.0,0.0,0.0,0.0,0.0,0.0,0.0,0.0,0.0
1 0500.625.01.231.40 2021,,1821.0,ALTZARIAK,5000.0,5000.0,0.0,1085.29,3914.71,1085.29,1085.29,1085.29,1085.29
1 0600.226.99.324.10 2021,,199.0,BESTE HAINBAT GASTU,90000.0,90000.0,0.0,54514.96,35485.04,54514.96,48535.96,48535.96,45295.35
1 0600.226.99.324.10 2020,,1928.0,BESTE HAINBAT GASTU,0.0,3229.2,0.0,3229.2,0.0,3229.2,853.05,853.05,853.05
1 0600.227.99.324.10 2021,,200.0,KANPOKO BESTELAKO LANAK,311542.41,311542.41,0.0,252623.51,58918.9,252623.51,141310.85,141310.85,140738.18
1 0600.481.23.326.20 2021,,202.0,IRABAZIZKO XEDERIK GABEKO ERAKUNDERI,100.0,100.0,0.0,0.0,100.0,0.0,0.0,0.0,0.0
1 0700.120.01.326.10 2021,,1531.0,OINARRIZKO ORDAINKETAK,10477.27,10477.27,0.0,1562.78,8914.49,1562.78,1562.78,1562.78,1562.78
1 0700.120.01.330.00 2021,,203.0,OINARRIZKO ORDAINKETAK,63370.35,63370.35,0.0,19045.66,44324.69,19045.66,19045.66,19045.66,19045.66
1 0700.120.01.332.10 2021,,211.0,OINARRIZKO ORDAINKETAK,77030.05,77030.05,0.0,34794.14,42235.91,34794.14,34794.14,34794.14,34794.14
1 0700.120.01.333.30 2021,,237.0,OINARRIZKO ORDAINKETAK,17137.89,17137.89,0.0,4942.7,12195.19,4942.7,4942.7,4942.7,4942.7
1 0700.120.01.334.30 2021,,265.0,OINARRIZKO ORDAINKETAK,6648.24,6648.24,0.0,3967.26,2680.98,3967.26,3967.26,3967.26,3967.26
1 0700.121.99.326.10 2021,,1532.0,BESTE OSAGARRI BATZUK,20989.34,20989.34,0.0,3357.45,17631.89,3357.45,3357.45,3357.45,3357.45
1 0700.121.99.330.00 2021,,204.0,BESTE OSAGARRI BATZUK,120316.35,120316.35,0.0,40444.55,79871.8,40444.55,40444.55,40444.55,40444.55
1 0700.121.99.332.10 2021,,212.0,BESTE OSAGARRI BATZUK,140855.51,140855.51,0.0,74821.1,66034.41,74821.1,74821.1,74821.1,74821.1
1 0700.121.99.333.30 2021,,238.0,BESTE OSAGARRI BATZUK,32041.16,32041.16,0.0,10939.72,21101.44,10939.72,10939.72,10939.72,10939.72
1 0700.121.99.334.30 2021,,266.0,BESTE OSAGARRI BATZUK,9752.75,9752.75,0.0,7806.32,1946.43,7806.32,7806.32,7806.32,7806.32
1 0700.130.03.326.10 2021,,1533.0,ORDAINKETAK PERSONAL LABORAL FINKOARI,244843.57,244843.57,0.0,105234.23,139609.34,105234.23,105234.23,105234.23,105234.23
1 0700.130.03.334.30 2021,,267.0,ORDAINKETAK PERTSONAL LABORAL FINKOARI,20742.8,20742.8,0.0,8731.81,12010.99,8731.81,8731.81,8731.81,8731.81
1 0700.131.01.326.10 2021,,1534.0,LABORAL EBENTUALA,97562.51,97562.51,0.0,41420.88,56141.63,41420.88,41420.88,41420.88,41420.88
1 0700.131.01.332.10 2021,,2030.0,LABORAL EBENTUALA,0.0,0.0,0.0,0.0,0.0,0.0,0.0,0.0,0.0
1 0700.131.01.333.30 2021,,803.0,LABORAL EBENTUALA,0.0,0.0,0.0,0.0,0.0,0.0,0.0,0.0,0.0
1 0700.131.01.334.30 2021,,268.0,LABORAL EBENTUALA,36326.7,36326.7,0.0,21982.71,14343.99,21982.71,21982.71,21982.71,21982.71
1 0700.160.01.326.10 2021,,1535.0,GIZARTE SEGURANTZA,120580.18,120580.18,0.0,47579.45,73000.73,47579.45,47579.45,47579.45,47579.45
1 0700.160.01.330.00 2021,,205.0,GIZARTE SEGURANTZA,45923.22,45923.22,0.0,11129.02,34794.2,11129.02,11129.02,11129.02,11129.02
1 0700.160.01.332.10 2021,,214.0,GIZARTE SEGURANTZA,57852.63,57852.63,0.0,28698.3,29154.33,28698.3,28698.3,28698.3,28698.3
1 0700.160.01.333.30 2021,,239.0,GIZARTE SEGURANTZA,12665.21,12665.21,0.0,2918.72,9746.49,2918.72,2918.72,2918.72,2918.72
1 0700.160.01.334.30 2021,,269.0,GIZARTE SEGURANTZA,23714.37,23714.37,0.0,6116.08,17598.29,6116.08,6116.08,6116.08,6116.08
1 0700.160.04.326.10 2021,,1536.0,ELKARKIDETZA,6636.0,6636.0,0.0,2854.5,3781.5,2854.5,2854.5,2854.5,2854.5
1 0700.160.04.330.00 2021,,206.0,ELKARKIDETZAREN KUOTAK,4701.58,4701.58,0.0,1556.7,3144.88,1556.7,1556.7,1556.7,1556.7
1 0700.160.04.332.10 2021,,215.0,ELKARKIDETZAREN KUOTAK,5260.27,5260.27,0.0,2639.28,2620.99,2639.28,2639.28,2639.28,2639.28
1 0700.160.04.333.30 2021,,240.0,ELKARKIDETZAREN KUOTAK,1212.92,1212.92,0.0,390.84,822.08,390.84,390.84,390.84,390.84
1 0700.160.04.334.30 2021,,270.0,ELKARKIDETZAREN KUOTAK,2027.67,2027.67,0.0,970.62,1057.05,970.62,970.62,970.62,970.62
1 0700.201.01.330.00 2021,,207.0,ERAIKINAK ETA BESTELAKO ERAIKUNTZAK,1000.0,1000.0,0.0,0.0,1000.0,0.0,0.0,0.0,0.0
1 0700.201.01.337.20 2021,,315.0,ERAIKINAK ETA BESTELAKO ERAIKUNTZAK,2000.0,2000.0,0.0,2000.0,0.0,2000.0,2000.0,2000.0,2000.0
1 0700.202.01.334.40 2021,,279.0,"MAKINERIA,INSTALAZIOAK ETA TRESNERIA",1500.0,1500.0,0.0,850.82,649.18,850.82,850.82,850.82,850.82
1 0700.212.01.332.10 2021,,216.0,"MAKINERIA, INSTALAZIOAK ETA TRESNERIA",4150.0,4150.0,0.0,3493.08,656.92,3493.08,3493.08,3493.08,3493.08
1 0700.212.01.337.20 2021,,316.0,"MAKINERIA,INSTALAZIOAK ETA TRESNERIA",721.0,721.0,0.0,0.0,721.0,0.0,0.0,0.0,0.0
1 0700.215.02.333.10 2021,,227.0,INFORMATIKA APLIKAZIOEN MANTENIMENDUA,6100.0,6100.0,0.0,4101.9,1998.1,4101.9,2740.27,2740.27,2196.29
1 0700.215.02.333.10 2020,,1929.0,INFORMATIKA APLIKAZIOEN MANTENIMENDUA,0.0,903.97,0.0,903.97,0.0,903.97,419.97,419.97,419.97
1 0700.215.02.334.50 2021,,1755.0,INFORMATIKA APLIKAZIOA MANTENIMIENTOA,100.0,100.0,0.0,0.0,100.0,0.0,0.0,0.0,0.0
1 0700.219.01.333.30 2021,,241.0,BESTELAKO MANTENIMENDUAK,8000.0,7780.99,0.0,537.41,7243.58,537.41,464.4,464.4,464.4
1 0700.219.01.333.30 2020,,1930.0,BESTELAKO MANTENIMENDUAK,0.0,745.6,0.0,745.6,0.0,745.6,745.6,745.6,745.6
1 0700.220.01.333.30 2021,,242.0,MATERIAL ARRUNT EZ-INBENTARIAGARRIA,8000.0,8000.0,0.0,5949.43,2050.57,5949.43,5725.57,5725.57,5591.37
1 0700.220.01.333.30 2020,,1931.0,MATERIAL ARRUNT EZ-INBENTARIAGARRIA,0.0,1278.92,0.0,1278.92,0.0,1278.92,1278.92,1278.92,1278.92
1 0700.220.02.332.10 2021,,217.0,PRENTS/ALDIZK/LIBURUAK/BEST.ARGITARAP.,30000.0,30000.0,0.0,17060.33,12939.67,17060.33,10027.07,9563.38,9563.38
1 0700.220.02.332.10 2020,,1932.0,PRENTS/ALDIZK/LIBURUAK/BEST.ARGITARAP.,0.0,15.73,0.0,15.73,0.0,15.73,0.0,0.0,0.0
1 0700.221.09.333.10 2021,,230.0,GARBIKETA ETA TXUKUNKETA PRODUKTUAK,2000.0,2000.0,0.0,270.56,1729.44,270.56,270.56,270.56,270.56
1 0700.221.91.326.10 2021,,1825.0,COVID-19 MATERIALA,2000.0,2000.0,0.0,242.5,1757.5,242.5,242.5,242.5,242.5
1 0700.221.91.333.10 2021,,1824.0,COVID-19 MATERIALA,3000.0,3000.0,0.0,524.3,2475.7,524.3,524.3,524.3,524.3
1 0700.221.91.333.20 2021,,1836.0,COVID-19 MATERIALA,5000.0,5000.0,0.0,1092.91,3907.09,1092.91,1080.81,1080.81,1080.81
1 0700.221.91.334.50 2021,,1826.0,BESTELAKO HORNIDURAK COVID-19,5000.0,5000.0,0.0,0.0,5000.0,0.0,0.0,0.0,0.0
1 0700.221.99.326.10 2021,,1741.0,BESTELAKO HORNIDURAK,5725.0,5725.0,0.0,968.06,4756.94,968.06,968.02,923.46,923.46
1 0700.221.99.332.10 2021,,218.0,BESTELAKO HORNIDURAK,8000.0,8000.0,0.0,17785.39,-9785.39,17785.39,9098.49,8330.66,8330.66
1 0700.221.99.332.10 2020,,1933.0,BESTELAKO HORNIDURAK,0.0,10.0,0.0,10.0,0.0,10.0,0.0,0.0,0.0
1 0700.221.99.333.10 2021,,231.0,BESTELAKO HORNIDURAK,5000.0,5000.0,0.0,1314.12,3685.88,1314.12,1068.64,1068.64,1068.64
1 0700.221.99.334.30 2021,,271.0,BESTELAKO HORNIDURAK,5000.0,5000.0,0.0,2170.64,2829.36,2170.64,1673.37,1673.37,1615.6
1 0700.221.99.334.30 2020,,1934.0,BESTELAKO HORNIDURAK,0.0,969.0,0.0,969.0,0.0,969.0,0.0,0.0,0.0
1 0700.221.99.334.50 2021,,1757.0,BESTELAKO HORNIDURAK,5000.0,5000.0,0.0,0.0,5000.0,0.0,0.0,0.0,0.0
1 0700.221.99.338.00 2021,,324.0,BESTELAKO HORNIDURAK,120000.0,120000.0,0.0,172.82,119827.18,172.82,172.82,172.82,172.82
1 0700.221.99.338.00 2020,,1935.0,BESTELAKO HORNIDURAK,0.0,4711.65,0.0,4711.65,0.0,4711.65,4711.65,4711.65,4711.65
1 0700.224.99.326.10 2021,,1742.0,BESTELAKO ARRISKUAK,4000.0,4000.0,0.0,0.0,4000.0,0.0,0.0,0.0,0.0
1 0700.224.99.334.30 2021,,272.0,BESTELAKO ARRISKUAK,3090.0,3090.0,0.0,0.0,3090.0,0.0,0.0,0.0,0.0
1 0700.226.01.326.10 2021,,1743.0,KANONAK,900.0,900.0,0.0,0.0,900.0,0.0,0.0,0.0,0.0
1 0700.226.01.332.10 2021,,1748.0,KANONAK,500.0,500.0,0.0,0.0,500.0,0.0,0.0,0.0,0.0
1 0700.226.01.334.10 2021,,249.0,KANONAK,4000.0,4000.0,0.0,1500.0,2500.0,1500.0,729.25,729.25,729.25
1 0700.226.01.334.21 2021,,256.0,KANONAK,6500.0,6500.0,0.0,3500.0,3000.0,3500.0,1617.37,1617.37,1617.37
1 0700.226.01.334.21 2020,,1937.0,KANONAK,0.0,337.26,0.0,337.26,0.0,337.26,242.12,242.12,242.12
1 0700.226.01.334.22 2021,,261.0,KANONAK,8000.0,8000.0,0.0,2576.41,5423.59,2576.41,2576.41,2576.41,2576.41
1 0700.226.01.334.40 2021,,280.0,KANONAK,3000.0,3000.0,0.0,1500.0,1500.0,1500.0,0.0,0.0,0.0
1 0700.226.01.338.00 2021,,325.0,KANOKAK,5000.0,5000.0,0.0,0.0,5000.0,0.0,0.0,0.0,0.0
1 0700.226.01.338.00 2020,,1938.0,KANOKAK,0.0,405.31,0.0,405.31,0.0,405.31,0.0,0.0,0.0
1 0700.226.02.326.10 2021,,1744.0,PROTOKOLO ETA ORDEZKARITZA GASTUAK,824.0,824.0,0.0,420.0,404.0,420.0,420.0,420.0,420.0
1 0700.226.02.332.10 2021,,219.0,PROTOKOLO ETA ORDEZKARITZA GASTUAK,500.0,500.0,0.0,225.0,275.0,225.0,225.0,225.0,225.0
1 0700.226.02.334.22 2021,,1293.0,PROTOKOLO ETA ORDEZKARTIZA GASTUAK,1500.0,1500.0,0.0,827.84,672.16,827.84,827.84,827.84,827.84
1 0700.226.02.338.00 2021,,326.0,PROTOKOLO ETA ORDEZKARITZA GASTUAK,6500.0,6500.0,0.0,1462.74,5037.26,1462.74,1227.19,1227.19,320.46
1 0700.226.03.330.00 2021,,208.0,ARGITALPENAK/PUBLIZITATEA/PROPAGANDA,31267.4,31267.4,0.0,12927.0,18340.4,12927.0,6186.19,6070.03,6070.03
1 0700.226.03.332.10 2021,,220.0,ARGITALPENAK/PUBLIZITATEA/PROPAGANDA,500.0,500.0,0.0,0.0,500.0,0.0,0.0,0.0,0.0
1 0700.226.03.333.30 2021,,243.0,ARGITALPENAK/PUBLIZITATEA ETA PROPAGANDA,6000.0,6000.0,0.0,2186.65,3813.35,2186.65,1022.45,1022.45,484.0
1 0700.226.03.334.10 2021,,250.0,ARGITALPENAK/PUBLIZITATEA ETA PROPAGANDA,3000.0,3000.0,0.0,5808.0,-2808.0,5808.0,1699.5,1699.5,993.89
1 0700.226.03.334.21 2021,,257.0,ARGITALPENAK/PUBLIZITATEA ETA PROPAGANDA,3800.0,3800.0,0.0,0.0,3800.0,0.0,0.0,0.0,0.0
1 0700.226.03.334.22 2021,,262.0,ARGITALPENAK/PUBLIZITATEA ETA PROPAGANDA,15000.0,15000.0,0.0,19391.03,-4391.03,19391.03,19111.52,19111.52,18234.27
1 0700.226.03.334.22 2020,,1939.0,ARGITALPENAK/PUBLIZITATEA ETA PROPAGANDA,0.0,330.0,0.0,330.0,0.0,330.0,330.0,330.0,330.0
1 0700.226.03.334.30 2021,,273.0,ARGITALPENAK/PUBLIZITATEA ETA PROPAGANDA,1000.0,1000.0,0.0,3388.0,-2388.0,3388.0,2323.2,2323.2,1597.2
1 0700.226.03.334.30 2020,,1940.0,ARGITALPENAK/PUBLIZITATEA ETA PROPAGANDA,0.0,816.75,0.0,816.75,0.0,816.75,0.0,0.0,0.0
1 0700.226.03.334.40 2021,,281.0,"ARGITALPENAK,PUBLIZITATEA ETA PROPAGANDA",12000.0,12000.0,0.0,358.8,11641.2,358.8,358.8,358.8,358.8
1 0700.226.03.338.00 2021,,327.0,ARGITALPENAK/PUBLIZITATEA ETA PROPAGANDA,5000.0,5000.0,0.0,0.0,5000.0,0.0,0.0,0.0,0.0
1 0700.226.05.332.10 2021,,221.0,BILERA ETA HITZALDIAK,2600.0,2600.0,0.0,1280.0,1320.0,1280.0,800.0,800.0,800.0
1 0700.226.05.333.30 2021,,244.0,BILERA ETA HITZALDIAK,1000.0,1000.0,0.0,0.0,1000.0,0.0,0.0,0.0,0.0
1 0700.226.05.334.30 2021,,274.0,BILERA ETA HITZALDIAK,10600.0,10600.0,0.0,4083.79,6516.21,4083.79,3156.6,2685.41,2685.41
1 0700.226.06.334.30 2021,,275.0,JARDUERA SOZIOKULTURALAK,500.0,500.0,0.0,0.0,500.0,0.0,0.0,0.0,0.0
1 0700.226.06.337.20 2021,,317.0,JARDUERA SOZIOKULTURALAK,18860.0,18860.0,0.0,8800.0,10060.0,8800.0,7375.78,7375.78,7375.78
1 0700.226.06.337.20 2020,,1941.0,JARDUERA SOZIOKULTURALAK,0.0,2007.62,0.0,2007.62,0.0,2007.62,653.4,653.4,653.4
1 0700.226.06.338.00 2021,,328.0,JARDUERA SOZIOKULTURALAK,120000.0,100750.0,0.0,21000.0,79750.0,21000.0,2512.5,2512.5,1512.5
1 0700.226.06.338.00 2020,,1942.0,JARDUERA SOZIOKULTURALAK,0.0,12382.8,0.0,12382.8,0.0,12382.8,0.0,0.0,0.0
1 0700.226.81.337.20 2021,,318.0,HAINBAT GASTU. GAZTEEND.INFORMAZ.BULEGOA,2000.0,2000.0,0.0,0.0,2000.0,0.0,0.0,0.0,0.0
1 0700.226.92.337.20 2021,,319.0,ARRATE UDALEKUA,12000.0,12000.0,0.0,11996.22,3.78,11996.22,5000.0,5000.0,5000.0
1 0700.226.99.333.30 2021,,488.0,GERRA ZIBILA EIBARREN. INTERPRET.ZENTROA,5000.0,5000.0,0.0,2763.04,2236.96,2763.04,1643.79,1643.79,1643.79
1 0700.226.99.337.20 2018,,1943.0,BESTE HAINBAT GASTU,0.0,300.0,0.0,0.0,300.0,0.0,0.0,0.0,0.0
1 0700.227.04.332.10 2021,,222.0,KONTRATU SOZIOKULTURALAK,21680.0,21680.0,0.0,19674.0,2006.0,19674.0,10503.0,10503.0,7927.25
1 0700.227.04.334.10 2021,,251.0,KONTRATU SOZIOKULTURALAK,45000.0,45000.0,0.0,11896.5,33103.5,11896.5,11539.0,11539.0,8789.0
1 0700.227.04.334.10 2020,,1944.0,KONTRATU SOZIOKULTURALAK,0.0,2478.03,0.0,2478.03,0.0,2478.03,701.8,701.8,701.8
1 0700.227.04.334.21 2021,,258.0,KONTRATU SOZIOKULTURALAK,45000.0,45000.0,0.0,25325.3,19674.7,25325.3,25325.3,25325.3,25325.3
1 0700.227.04.334.21 2020,,1945.0,KONTRATU SOZIOKULTURALAK,0.0,2000.0,0.0,2000.0,0.0,2000.0,2000.0,2000.0,2000.0
1 0700.227.04.334.22 2021,,263.0,KONTRATU SOZIOKULTURALAK,150000.0,150000.0,0.0,144487.47,5512.53,144487.47,132648.45,132648.45,132648.45
1 0700.227.04.334.30 2021,,276.0,KONTRATU SOZIOKULTURALAK,8775.0,8775.0,0.0,7925.5,849.5,7925.5,3388.0,3388.0,3388.0
1 0700.227.04.334.40 2020,,1946.0,KONTRATU SOZIOKULTURALAK,0.0,2139.5,0.0,2139.5,0.0,2139.5,2139.5,2139.5,0.0
1 0700.227.04.334.50 2021,,1758.0,KONTRATU SOZIOKULTURALAK,50000.0,50000.0,0.0,0.0,50000.0,0.0,0.0,0.0,0.0
1 0700.227.04.337.20 2021,,321.0,KONTRATU SOZIOKULTURALAK,3605.0,3605.0,0.0,3602.15,2.85,3602.15,2694.23,2694.23,2694.23
1 0700.227.04.337.20 2020,,1947.0,KONTRATU SOZIOKULTURALAK,0.0,4684.14,0.0,4684.14,0.0,4684.14,3993.0,3993.0,0.0
1 0700.227.04.338.00 2021,,329.0,KONTRATU SOZIOKULTURALAK,200000.0,200000.0,0.0,31985.25,168014.75,31985.25,5596.4,1300.0,1300.0
1 0700.227.90.333.10 2021,,232.0,KANPOKO LANAK,223850.0,223850.0,0.0,223850.0,0.0,223850.0,69464.17,69464.17,69464.17
1 0700.227.90.333.10 2020,,1948.0,KANPOKO LANAK,0.0,7031.05,0.0,7031.05,0.0,7031.05,0.0,0.0,0.0
1 0700.227.90.333.30 2021,,245.0,KANPOKO LANAK,30000.0,30000.0,0.0,15854.67,14145.33,15854.67,1970.53,1716.43,966.23
1 0700.227.90.333.30 2020,,1949.0,KANPOKO LANAK,0.0,4661.66,0.0,4661.66,0.0,4661.66,0.0,0.0,0.0
1 0700.227.90.334.10 2021,,252.0,BILDUTAKO DIRUAREN ARABERAKO KONTRATUAK,20000.0,20000.0,0.0,0.0,20000.0,0.0,0.0,0.0,0.0
1 0700.227.90.334.22 2021,,264.0,KANPOKO LANAK,10000.0,10000.0,0.0,0.0,10000.0,0.0,0.0,0.0,0.0
1 0700.227.90.334.50 2021,,1827.0,KANPOKO LANAK,30000.0,30000.0,0.0,0.0,30000.0,0.0,0.0,0.0,0.0
1 0700.227.90.337.20 2021,,1222.0,KANPOKO LANAK,14000.0,14000.0,0.0,5496.85,8503.15,5496.85,5496.85,5496.85,5324.0
1 0700.227.99.333.30 2021,,246.0,KANPOKO BESTELAKO LANAK,48094.47,48094.47,0.0,46261.32,1833.15,46261.32,18866.02,15452.0,11734.58
1 0700.227.99.333.30 2020,,1950.0,KANPOKO BESTELAKO LANAK,0.0,11986.23,0.0,11986.23,0.0,11986.23,2659.58,2659.58,2659.58
1 0700.227.99.334.10 2021,,253.0,KANPOKO BESTELAKO LANAK,96464.0,96464.0,0.0,96464.0,0.0,96464.0,12179.0,3690.0,2460.0
1 0700.227.99.334.10 2020,,1951.0,KANPOKO BESTELAKO LANAK,0.0,57710.0,0.0,57710.0,0.0,57710.0,0.0,0.0,0.0
1 0700.227.99.334.21 2021,,259.0,BILDUTAKO DIRUAREN ARABERAKO KONTRATUAK,25000.0,25000.0,0.0,0.0,25000.0,0.0,0.0,0.0,0.0
1 0700.227.99.334.21 2020,,1952.0,BILDUTAKO DIRUAREN ARABERAKO KONTRATUAK,0.0,5550.0,0.0,5550.0,0.0,5550.0,1394.86,1394.86,1394.86
1 0700.227.99.334.30 2021,,1750.0,KANPOKO BESTELAKO LANAK,30000.0,30000.0,0.0,0.0,30000.0,0.0,0.0,0.0,0.0
1 0700.227.99.334.40 2021,,815.0,KANPOKO BESTELAKO LANAK,118000.0,118000.0,0.0,49521.85,68478.15,49521.85,35819.81,35819.81,35819.81
1 0700.227.99.337.20 2021,,322.0,KANPOKO BESTELAKO LANAK,359952.42,359952.42,0.0,327110.15,32842.27,327110.15,124657.2,118831.81,118831.81
1 0700.227.99.338.00 2021,,2019.0,EUSKAL BIZIKLETA.KANPOKO LANAK,0.0,0.0,0.0,108900.0,-108900.0,108900.0,108900.0,108900.0,108900.0
1 0700.230.01.326.10 2021,,1745.0,"PERTSONALAREN DIETAK, GARRAIOA ETA LEKUA",315.0,315.0,0.0,0.0,315.0,0.0,0.0,0.0,0.0
1 0700.230.01.330.00 2021,,209.0,PERTSONAL.DIETAK/GARRAIOA/LEKUALDAKETA,500.0,500.0,0.0,213.8,286.2,213.8,213.8,213.8,213.8
1 0700.230.01.332.10 2021,,223.0,PERTSONAL.DIETAK/GARRAIOA/LEKUALDAKETA,570.0,570.0,0.0,0.0,570.0,0.0,0.0,0.0,0.0
1 0700.230.01.333.30 2021,,247.0,PERTSONAL.DIETAK/GARRAIOA/LEKUALDAKETA,35.0,35.0,0.0,0.0,35.0,0.0,0.0,0.0,0.0
1 0700.230.01.334.22 2021,,1294.0,"DIETAK, GARRAIOA ETA LEKUALDAKETA",2000.0,2000.0,0.0,0.0,2000.0,0.0,0.0,0.0,0.0
1 0700.230.01.334.30 2021,,277.0,PERTSONAL.DIETAK/GARRAIOA/LEKUALDAKETA,105.0,105.0,0.0,0.0,105.0,0.0,0.0,0.0,0.0
1 0700.230.01.334.50 2021,,1828.0,"PERTSONALAREN DIETAK,GARRAIOA ETA LEKUAL",35.0,35.0,0.0,0.0,35.0,0.0,0.0,0.0,0.0
1 0700.480.01.334.40 2021,,283.0,FAMILIEI,5500.0,5500.0,0.0,0.0,5500.0,0.0,0.0,0.0,0.0
1 0700.480.01.338.00 2021,,330.0,FAMILIEI.JAIETAKO KARTEL LEHIAKETA,3000.0,3000.0,0.0,0.0,3000.0,0.0,0.0,0.0,0.0
1 0700.481.01.330.00 2021,,210.0,IRABAZIZKO XEDERIK GABEKO ERAKUNDEEI,16020.0,16020.0,0.0,14400.0,1620.0,14400.0,0.0,0.0,0.0
1 0700.481.01.330.00 2020,,1953.0,IRABAZIZKO XEDERIK GABEKO ERAKUNDEEI,0.0,14400.0,0.0,8894.55,5505.45,8894.55,8894.55,8894.55,8894.55
1 0700.481.01.332.10 2021,,224.0,IRABAZIZKO XEDERIK GABEKO ERAKUNDEEI,2025.0,2025.0,0.0,2025.0,0.0,2025.0,0.0,0.0,0.0
1 0700.481.01.332.10 2020,,1954.0,IRABAZIZKO XEDERIK GABEKO ERAKUNDEEI,0.0,2025.0,0.0,2025.0,0.0,2025.0,0.0,0.0,0.0
1 0700.481.01.334.10 2021,,254.0,IRABAZIZKO XEDERIK GABEKO ERAKUNDEEI,38893.03,38893.03,0.0,38293.03,600.0,38293.03,0.0,0.0,0.0
1 0700.481.01.334.10 2020,,1956.0,IRABAZIZKO XEDERIK GABEKO ERAKUNDEEI,0.0,1200.0,0.0,1200.0,0.0,1200.0,600.0,600.0,600.0
1 0700.481.01.334.10 2019,,1955.0,IRABAZIZKO XEDERIK GABEKO ERAKUNDEEI,0.0,999.99,0.0,999.99,0.0,333.33,0.0,0.0,0.0
1 0700.481.01.334.22 2021,,1295.0,FAMILIEI,1000.0,1000.0,0.0,0.0,1000.0,0.0,0.0,0.0,0.0
1 0700.481.01.334.30 2021,,278.0,IRABAZIZKO XEDERIK GABEKO ERAKUNDEEI,9787.5,9787.5,0.0,1687.5,8100.0,1687.5,0.0,0.0,0.0
1 0700.481.01.334.30 2020,,1957.0,IRABAZIZKO XEDERIK GABEKO ERAKUNDEEI,0.0,4218.75,0.0,4218.75,0.0,4218.75,168.75,168.75,168.75
1 0700.481.01.334.40 2021,,284.0,IRABAZIZKO XEDERIK GABEKO ERAKUNDEEI,1350.0,1350.0,0.0,1350.0,0.0,1350.0,0.0,0.0,0.0
1 0700.481.01.334.40 2020,,1958.0,IRABAZIZKO XEDERIK GABEKO ERAKUNDEEI,0.0,1350.0,0.0,1350.0,0.0,1350.0,1350.0,1350.0,1350.0
1 0700.481.02.334.10 2021,,255.0,ENTIT.TRANSF.LANKIDETZ.HITZARM.,40210.0,40210.0,0.0,40210.0,0.0,40210.0,27900.0,27900.0,0.0
1 0700.481.02.334.10 2020,,1960.0,ENTIT.TRANSF.LANKIDETZ.HITZARM.,0.0,11210.0,0.0,5319.6,5890.4,5319.6,3319.58,3319.58,3319.58
1 0700.481.02.334.10 2019,,1959.0,ENTIT.TRANSF.LANKIDETZ.HITZARM.,0.0,336.36,0.0,336.36,0.0,336.36,0.0,0.0,0.0
1 0700.481.02.334.21 2021,,260.0,ENTIT.TRANSF.LANKIDETZ.HITZARM.,34000.0,34000.0,0.0,34000.0,0.0,34000.0,0.0,0.0,0.0
1 0700.481.02.334.21 2020,,1961.0,ENTIT.TRANSF.LANKIDETZ.HITZARM.,0.0,3400.0,0.0,3400.0,0.0,3400.0,3400.0,3400.0,3400.0
1 0700.481.02.334.40 2021,,285.0,ENTIT.TRANSF.LANKIDETZ.HITZARM.,5250.0,5250.0,0.0,5250.0,0.0,5250.0,0.0,0.0,0.0
1 0700.481.02.337.20 2021,,323.0,ENTIT.TRANSF.LANKIDETZ.HITZARM.,2875.0,2875.0,0.0,2875.0,0.0,2875.0,0.0,0.0,0.0
1 0700.481.02.337.20 2020,,1962.0,ENTIT.TRANSF.LANKIDETZ.HITZARM.,0.0,3063.0,0.0,3055.85,7.15,3055.85,992.85,992.85,992.85
1 0700.481.18.338.00 2021,,331.0,ERAKUNDEEI.JAI-BATZORDEAK,14700.0,14700.0,0.0,0.0,14700.0,0.0,0.0,0.0,0.0
1 0700.601.05.333.30 2021,,2022.0,INBERTSIOA MUSEOAN,0.0,219.01,0.0,219.01,0.0,219.01,219.01,219.01,219.01
1 0700.625.01.326.10 2021,,1746.0,ALTZARIAK,1000.26,1000.26,0.0,0.0,1000.26,0.0,0.0,0.0,0.0
1 0700.625.01.334.50 2021,,1829.0,ALTZARIAK,50000.0,50000.0,0.0,0.0,50000.0,0.0,0.0,0.0,0.0
1 0700.625.02.334.50 2021,,1830.0,BULEGO EKIPOAK,50000.0,50000.0,0.0,0.0,50000.0,0.0,0.0,0.0,0.0
1 0700.625.06.326.10 2021,,1747.0,ALTZARIAK,8000.0,8000.0,0.0,375.0,7625.0,375.0,0.0,0.0,0.0
1 0700.626.01.332.10 2021,,1252.0,LIBURUTEGI  EKIPO BERRIAK,1500.0,1500.0,0.0,0.0,1500.0,0.0,0.0,0.0,0.0
1 0700.626.01.333.10 2021,,1749.0,INFORMAZIO-PROZESUETARAKO EKIPOAK,5000.0,5000.0,0.0,0.0,5000.0,0.0,0.0,0.0,0.0
1 0700.629.07.333.30 2021,,1292.0,MUSEOTAKO FONDOAK,200.0,18350.0,0.0,18280.0,70.0,18280.0,18150.0,18150.0,18150.0
1 0800.120.01.335.10 2021,,286.0,OINARRIZKO ORDAINKETAK,44356.71,44356.71,0.0,8582.41,35774.3,8582.41,8582.41,8582.41,8582.41
1 0800.120.01.335.20 2021,,298.0,OINARRIZKO ORDAINKETAK,219575.92,219575.92,0.0,84094.18,135481.74,84094.18,84094.18,84094.18,84094.18
1 0800.121.99.335.10 2021,,287.0,BESTE OSAGARRI BATZUK,61600.42,61600.42,0.0,15107.73,46492.69,15107.73,15107.73,15107.73,15107.73
1 0800.121.99.335.20 2021,,299.0,BESTE OSAGARRI BATZUK,229828.85,229828.85,0.0,109518.51,120310.34,109518.51,109518.51,109518.51,109518.51
1 0800.160.01.335.10 2021,,288.0,GIZARTE SEGURANTZA,24833.75,24833.75,0.0,5230.1,19603.65,5230.1,5230.1,5230.1,5230.1
1 0800.160.01.335.20 2021,,300.0,GIZARTE SEGURANTZA,118015.71,118015.71,0.0,45434.31,72581.4,45434.31,45434.31,45434.31,45434.31
1 0800.160.04.335.10 2021,,289.0,ELKARKIDETZAREN KUOTAK,2957.11,2957.11,0.0,621.18,2335.93,621.18,621.18,621.18,621.18
1 0800.160.04.335.20 2021,,301.0,ELKARKIDETZAREN KUOTAK,11562.79,11562.79,0.0,5479.02,6083.77,5479.02,5479.02,5479.02,5479.02
1 0800.211.01.335.20 2021,,302.0,ERAIKINAK ETA BESTELAKO ERAIKUNTZAK,100.0,100.0,0.0,0.0,100.0,0.0,0.0,0.0,0.0
1 0800.215.01.335.10 2021,,290.0,INFORMAZIO-PROZESUETARAKO EKIPOAK,1000.0,1000.0,0.0,774.09,225.91,774.09,0.0,0.0,0.0
1 0800.219.01.335.20 2021,,303.0,BESTELAKO IBILGETU MATERIALA,100.0,100.0,0.0,0.0,100.0,0.0,0.0,0.0,0.0
1 0800.221.99.335.20 2021,,304.0,BESTELAKO HORNIDURAK,1500.0,1500.0,0.0,581.0,919.0,581.0,386.0,386.0,386.0
1 0800.226.03.335.10 2021,,291.0,ARGITALPENAK/PUBLIZITATEA ETA PROPAGANDA,5000.0,5000.0,0.0,840.0,4160.0,840.0,0.0,0.0,0.0
1 0800.226.03.335.20 2021,,306.0,ARGITALPENAK/PUBLIZITATEA ETA PROPAGANDA,4025.0,4025.0,0.0,1882.65,2142.35,1882.65,632.02,632.02,632.02
1 0800.226.05.335.10 2021,,292.0,BILERA ETA HITZALDIAK,8000.0,8000.0,0.0,1345.58,6654.42,1345.58,1345.58,1345.58,1345.58
1 0800.226.99.335.20 2021,,307.0,BESTE HAINBAT GASTU,1200.0,1200.0,0.0,175.83,1024.17,175.83,175.83,165.96,165.96
1 0800.227.04.335.10 2021,,293.0,KONTRATU SOZIOKULTURALAK,32000.0,32000.0,0.0,3579.15,28420.85,3579.15,2772.0,2772.0,2772.0
1 0800.227.04.335.10 2020,,1963.0,KONTRATU SOZIOKULTURALAK,0.0,6662.77,0.0,6662.77,0.0,6662.77,5875.8,5875.8,5875.8
1 0800.227.87.335.10 2021,,573.0,EUSKARAREN PLAN ESTRATEGIKOA GARATZEKO,40800.0,40800.0,0.0,19923.51,20876.49,19923.51,9707.52,9313.77,9296.27
1 0800.227.87.335.10 2020,,1964.0,EUSKARAREN PLAN ESTRATEGIKOA GARATZEKO,0.0,6322.87,0.0,6322.87,0.0,6322.87,4110.0,4110.0,0.0
1 0800.230.01.335.10 2021,,294.0,PERTSONAL.DIETAK/GARRAIOA/LEKUALDAKETA,430.0,430.0,0.0,4.9,425.1,4.9,4.9,4.9,4.9
1 0800.230.01.335.20 2021,,308.0,PERTSONAL.DIETAK/GARRAIOA/LEKUALDAKETA,710.0,710.0,0.0,0.0,710.0,0.0,0.0,0.0,0.0
1 0800.480.01.335.10 2021,,295.0,FAMILIEI,10000.0,10000.0,0.0,10000.0,0.0,21.0,21.0,21.0,0.0
1 0800.480.01.335.10 2019,,1965.0,FAMILIEI,0.0,3600.0,0.0,3600.0,0.0,3600.0,0.0,0.0,0.0
1 0800.481.01.335.10 2021,,296.0,IRABAZIZKO XEDERIK GABEKO ERAKUNDEEI,19621.0,19621.0,0.0,19155.0,466.0,19155.0,1661.4,1661.4,1661.4
1 0800.481.01.335.10 2020,,1966.0,IRABAZIZKO XEDERIK GABEKO ERAKUNDEEI,0.0,1662.0,0.0,1540.2,121.8,1540.2,1540.2,1540.2,1540.2
1 0800.481.02.335.10 2021,,297.0,ENTIT.TRANSF.LANKIDETZ.HITZARM.,154349.0,154349.0,0.0,154349.0,0.0,154349.0,92609.4,92609.4,92609.4
1 0800.481.02.335.10 2020,,1967.0,ENTIT.TRANSF.LANKIDETZ.HITZARM.,0.0,61739.6,0.0,61739.6,0.0,61739.6,61739.6,61739.6,61739.6
1 0800.771.04.335.10 2021,,1296.0,ENPRESEI.MERKATARITZA ESTABLEZIMENDU,4250.0,4250.0,0.0,4250.0,0.0,0.0,0.0,0.0,0.0
1 0900.221.99.341.00 2021,,332.0,BESTELAKO HORNIDURAK (GARAIKURRAK),3000.0,3000.0,0.0,2248.22,751.78,2248.22,1347.92,1347.92,1180.53
1 0900.431.01.342.10 2021,,338.0,ERAKUNDE AUTONOMOEI,1037935.0,1037935.0,0.0,518967.48,518967.52,518967.48,518967.48,518967.48,518967.48
1 0900.481.01.341.00 2021,,335.0,IRABAZIZKO XEDERIK GABEKO ERAKUNDEEI,44173.0,73423.0,0.0,61023.0,12400.0,61023.0,1600.0,1600.0,0.0
1 0900.481.01.341.00 2020,,1968.0,IRABAZIZKO XEDERIK GABEKO ERAKUNDEEI,0.0,13223.0,0.0,12886.93,336.07,12886.93,4063.93,4063.93,4063.93
1 0900.481.02.341.00 2021,,336.0,ENTIT.TRANSF.LANKIDETZ.HITZARM.,200000.0,200000.0,0.0,200000.0,0.0,0.0,0.0,0.0,0.0
1 0900.481.02.341.00 2020,,1969.0,ENTIT.TRANSF.LANKIDETZ.HITZARM.,0.0,46104.44,0.0,42150.51,3953.93,39150.51,36165.08,36165.08,35965.58
1 0900.481.22.341.00 2021,,337.0,KIROL-PROBETARA/TXAPELKETETARA JOATEA,1000.0,41000.0,0.0,0.0,41000.0,0.0,0.0,0.0,0.0
1 0900.601.16.342.10 2021,,1832.0,HAINBAT LAN,367831.0,367831.0,273336.85,18174.2,76319.95,18174.2,0.0,0.0,0.0
1 1000.120.01.241.00 2021,,1822.0,OINARRIZKO ORDAINKETAK,9905.65,9905.65,0.0,0.0,9905.65,0.0,0.0,0.0,0.0
1 1000.120.01.433.10 2021,,342.0,OINARRIZKO ORDAINKETAK,30373.02,30373.02,0.0,15244.02,15129.0,15244.02,15244.02,15244.02,15244.02
1 1000.120.01.493.00 2021,,370.0,OINARRIZKO ORDAINKETAK,18020.52,18020.52,0.0,6780.32,11240.2,6780.32,6780.32,6780.32,6780.32
1 1000.121.99.241.00 2021,,1823.0,BESTE OSAGARRI BATZUK,11523.12,11523.12,0.0,0.0,11523.12,0.0,0.0,0.0,0.0
1 1000.121.99.433.10 2021,,343.0,BESTE OSAGARRI BATZUK,49650.55,49650.55,0.0,33086.68,16563.87,33086.68,33086.68,33086.68,33086.68
1 1000.121.99.493.00 2021,,371.0,BESTE OSAGARRI BATZUK,23652.74,23652.74,0.0,10838.22,12814.52,10838.22,10838.22,10838.22,10838.22
1 1000.131.01.241.00 2021,,181.0,LABORAL EBENTUALA,680586.61,680586.61,0.0,195916.17,484670.44,195916.17,195916.17,195916.17,195916.17
1 1000.160.01.241.00 2021,,182.0,GIZARTE SEGURANTZA,225327.35,225327.35,0.0,61030.66,164296.69,61030.66,61030.66,61030.66,61030.66
1 1000.160.01.433.10 2021,,344.0,GIZARTE SEGURANTZA,26224.48,26224.48,0.0,5081.52,21142.96,5081.52,5081.52,5081.52,5081.52
1 1000.160.01.493.00 2021,,372.0,GIZARTE SEGURANTZA,10449.2,10449.2,0.0,4324.43,6124.77,4324.43,4324.43,4324.43,4324.43
1 1000.160.04.433.10 2021,,1537.0,ELKARKIDETZA KUOTAK,0.0,0.0,0.0,0.0,0.0,0.0,0.0,0.0,0.0
1 1000.160.04.493.00 2021,,373.0,ELKARKIDETZAREN KUOTAK,1212.92,1212.92,0.0,509.58,703.34,509.58,509.58,509.58,509.58
1 1000.201.01.431.20 2021,,340.0,ERAIKINAK ETA BESTELAKO ERAIKUNTZAK,58247.88,58247.88,0.0,58247.88,0.0,58247.88,29202.07,29202.07,29202.07
1 1000.201.01.433.10 2021,,810.0,ERAIKINAK ETA BESTELAKO ERAIKUNTZAK,13388.14,13388.14,0.0,4572.0,8816.14,4572.0,4572.0,4572.0,3810.0
1 1000.211.01.431.20 2021,,341.0,ERAIKINAK ETA BESTELAKO ERAIKUNTZAK,1000.0,1000.0,0.0,0.0,1000.0,0.0,0.0,0.0,0.0
1 1000.226.03.241.00 2021,,183.0,"ARGITALPENAK, PUBLIZITATE ETA PROPAGANDA",500.0,500.0,0.0,0.0,500.0,0.0,0.0,0.0,0.0
1 1000.226.03.433.10 2021,,793.0,"ARGITALPENAK, PUBLIZITATEA ETA PROPAGAND",500.0,500.0,0.0,0.0,500.0,0.0,0.0,0.0,0.0
1 1000.226.80.433.10 2021,,1245.0,BESTE GASTU BATZ.AIZTAIN.IND.POLIG.3 LOK,3500.0,3500.0,0.0,0.0,3500.0,0.0,0.0,0.0,0.0
1 1000.226.99.241.00 2021,,184.0,BESTE HAINBAT GASTU,10000.0,10000.0,0.0,0.0,10000.0,0.0,0.0,0.0,0.0
1 1000.226.99.433.10 2021,,794.0,BESTE HAINBAT GASTU,175000.0,175000.0,0.0,16946.49,158053.51,16946.49,15870.8,15870.8,15870.8
1 1000.226.99.433.10 2020,,1973.0,BESTE HAINBAT GASTU,0.0,84917.0,0.0,84917.0,0.0,80297.0,36562.0,36562.0,29067.0
1 1000.226.99.433.10 2019,,1972.0,BESTE OSAGARRI BATZUK,0.0,33342.76,0.0,33342.76,0.0,33342.76,33342.76,33342.76,33342.76
1 1000.226.99.433.10 2018,,1971.0,BESTE HAINBAT GASTU,0.0,69325.13,0.0,69325.13,0.0,69325.13,0.0,0.0,0.0
1 1000.226.99.493.00 2021,,799.0,BESTE HAINBAT GASTU,2050.0,2050.0,0.0,0.0,2050.0,0.0,0.0,0.0,0.0
1 1000.227.07.433.10 2021,,795.0,AZTERKETA ETA LAN TEKNIKOAK,10000.0,10000.0,0.0,4644.95,5355.05,4644.95,1505.0,1505.0,1505.0
1 1000.227.07.433.10 2020,,1975.0,AZTERKETA ETA LAN TEKNIKOAK,0.0,8179.6,0.0,8179.6,0.0,8179.6,4936.8,4936.8,4936.8
1 1000.227.90.241.00 2021,,487.0,KANPOKO LANAK.EMPLEGU SORTZEKO HITZAR.,11000.0,11000.0,0.0,11000.0,0.0,11000.0,4583.3,4583.3,4583.3
1 1000.227.90.241.00 2020,,1976.0,KANPOKO LANAK.EMPLEGU SORTZEKO HITZAR.,0.0,916.69,0.0,916.69,0.0,916.69,916.66,916.66,916.66
1 1000.227.99.241.00 2021,,812.0,KANPOKO BESTELAKO LANAK,457049.25,457049.25,0.0,0.0,457049.25,0.0,0.0,0.0,0.0
1 1000.227.99.241.00 2019,,1978.0,KANPOKO BESTELAKO LANAK,0.0,12475.0,0.0,12475.0,0.0,12475.0,12475.0,12475.0,12475.0
1 1000.230.01.241.00 2021,,185.0,PERTSONAL.DIETAK/GARRAIOA/LEKUALDAKETA,100.0,100.0,0.0,0.0,100.0,0.0,0.0,0.0,0.0
1 1000.230.01.433.10 2021,,350.0,PERTSONAL.DIETAK/GARRAIOA/LEKUALDAKETA,430.0,430.0,0.0,0.0,430.0,0.0,0.0,0.0,0.0
1 1000.230.01.493.00 2021,,374.0,PERTSONAL.DIETAK/GARRAIOA/LEKUALDAKETA,35.0,35.0,0.0,0.0,35.0,0.0,0.0,0.0,0.0
1 1000.470.01.433.10 2021,,351.0,DEBEGESA,232718.16,232718.16,0.0,231883.67,834.49,231883.67,115916.85,115916.85,96597.38
1 1000.471.01.433.10 2021,,352.0,TORIBIO ECHEVERRIA.SARI DIRUA EKARP.,56000.0,56000.0,0.0,56000.0,0.0,56000.0,0.0,0.0,0.0
1 1000.471.01.433.10 2020,,1979.0,TORIBIO ECHEVERRIA.SARI DIRUA EKARP.,0.0,31000.0,0.0,20500.0,10500.0,20500.0,20500.0,20500.0,20500.0
1 1000.471.02.241.00 2021,,582.0,BESTE ENPRESA BATZUEI,20000.0,20000.0,0.0,20000.0,0.0,15000.0,0.0,0.0,0.0
1 1000.471.02.241.00 2020,,1981.0,BESTE ENPRESA BATZUEI,0.0,5348.62,0.0,5348.62,0.0,348.62,0.0,0.0,0.0
1 1000.471.02.241.00 2018,,1980.0,BESTE ENPRESA BATZUEI,0.0,500.0,0.0,500.0,0.0,500.0,0.0,0.0,0.0
1 1000.471.02.433.10 2021,,1781.0,COVID-19 EMPRESEEI DIRULAGUNTZA,1000000.0,1000000.0,0.0,1000000.0,0.0,0.0,0.0,0.0,0.0
1 1000.471.02.433.10 2020,,1982.0,Covid-19. Empreseei dirulaguntza,0.0,100000.0,0.0,100000.0,0.0,0.0,0.0,0.0,0.0
1 1000.471.03.433.10 2021,,354.0,BEST.ENPR.BATZUEI.ERRONK.TENKOLOGIK.,100000.0,100000.0,0.0,100000.0,0.0,46050.0,0.0,0.0,0.0
1 1000.471.03.433.10 2020,,1984.0,BEST.ENPR.BATZUEI.ERRONK.TENKOLOGIK.,0.0,100000.0,0.0,99869.64,130.36,99869.64,99869.64,99869.64,99869.64
1 1000.471.06.241.00 2021,,813.0,UDAL DIRULAGUNTZA BESTE ENPRESEI,769900.0,769900.0,0.0,0.0,769900.0,0.0,0.0,0.0,0.0
1 1000.471.06.241.00 2020,,2021.0,A EMPRES.ACCION MEJORA EMPLEABILID,0.0,269900.0,0.0,269900.0,0.0,169661.01,169661.01,169661.01,157661.01
1 1000.471.06.241.00 2019,,1985.0,UDAL DIRULAGUNTZA BESTE ENPRESEI,0.0,5271.54,0.0,5271.54,0.0,2250.0,0.0,0.0,0.0
1 1000.480.12.433.10 2021,,355.0,FAMILIEI.ESKOLAUMEAK,210000.0,272500.0,0.0,272500.0,0.0,0.0,0.0,0.0,0.0
1 1000.480.14.433.10 2021,,356.0,FAMILIEI.LAGUNTZAK IKASLEEI,75000.0,137500.0,0.0,137500.0,0.0,0.0,0.0,0.0,0.0
1 1000.480.20.241.00 2021,,814.0,"LANGABETUEN FORMAKUNTZARAKO DIRU-LAG,",15000.0,15000.0,0.0,15000.0,0.0,3000.0,500.0,500.0,0.0
1 1000.480.20.241.00 2020,,1986.0,"LANGABETUEN FORMAKUNTZARAKO DIRU-LAG,",0.0,16601.83,0.0,16601.83,0.0,7572.36,500.0,500.0,500.0
1 1000.481.01.433.10 2021,,357.0,DIRULAGUNTZA IZENDUA EKINGUNERI,12920.0,12920.0,0.0,12920.0,0.0,12920.0,9690.0,9690.0,9690.0
1 1000.481.01.433.10 2020,,1987.0,DIRULAGUNTZA IZENDUA EKINGUNERI,0.0,3230.0,0.0,3230.0,0.0,3230.0,3230.0,3230.0,3230.0
1 1000.481.03.433.10 2021,,358.0,TRANSFERENTZIA DENDARIEN ELKARTEARI,27000.0,27000.0,0.0,27000.0,0.0,27000.0,20250.0,20250.0,20250.0
1 1000.481.03.433.10 2020,,1988.0,TRANSFERENTZIA DENDARIEN ELKARTEARI,0.0,6750.0,0.0,6750.0,0.0,6750.0,6750.0,6750.0,6750.0
1 1000.481.05.433.10 2021,,359.0,"TRANSF.""MERKATARITZ.GUNE IREKIA""",188900.0,188900.0,0.0,163900.0,25000.0,163900.0,141675.0,141675.0,141675.0
1 1000.481.05.433.10 2020,,1989.0,"TRANSF.""MERKATARITZ.GUNE IREKIA""",0.0,30975.0,0.0,30975.0,0.0,30975.0,30975.0,30975.0,30975.0
1 1000.481.17.433.10 2021,,360.0,"TRANSF.""EIBAR MERKAT-GUNE IREKIA"" ELK.",82000.0,82000.0,0.0,46000.0,36000.0,46000.0,0.0,0.0,0.0
1 1000.481.31.241.00 2021,,1290.0,"TRANSF.""ARMERIA ESKOLAKO IKASLE OHIEN",15000.0,15000.0,0.0,15000.0,0.0,15000.0,0.0,0.0,0.0
1 1000.481.31.241.00 2020,,1991.0,"TRANSF.""ARMERIA ESKOLAKO IKASLE OHIEN",0.0,3750.0,0.0,3750.0,0.0,3750.0,0.0,0.0,0.0
1 1000.481.31.241.00 2019,,1990.0,"TRANSF.""ARMERIA ESKOLAKO IKASLE OHIEN",0.0,26280.0,0.0,26280.0,0.0,26280.0,26280.0,26280.0,26280.0
1 1000.481.32.433.10 2021,,1008.0,GIPUZK.MERKATAR.FEDERAZ. TRANSFERENTZIA,2500.0,2500.0,0.0,2500.0,0.0,2500.0,1875.0,1875.0,1875.0
1 1000.481.32.433.10 2020,,1992.0,GIPUZK.MERKATAR.FEDERAZ. TRANSFERENTZIA,0.0,1500.0,0.0,1500.0,0.0,1500.0,1500.0,1500.0,1500.0
1 1000.481.33.433.10 2021,,1833.0,GIPUZKOAKO OSTELERITZA ELKARTEARI TRANSF,11600.0,11600.0,0.0,0.0,11600.0,0.0,0.0,0.0,0.0
1 1000.481.38.433.10 2021,,1299.0,"BIC GIPUZKOA DIRU LAGUNTZA ""TEKNOLOGIA E",75000.0,75000.0,0.0,75000.0,0.0,75000.0,30000.0,30000.0,0.0
1 1000.481.38.433.10 2020,,1993.0,"BIC GIPUZKOA DIRU LAGUNTZA ""TEKNOLOGIA E",0.0,27000.0,0.0,5965.75,21034.25,5965.75,5965.75,5965.75,5965.75
1 1000.481.39.241.00 2021,,1291.0,CRUZ IRASUEGUI FUNDAZIOARI DIRULAGUNTZA,25000.0,25000.0,0.0,0.0,25000.0,0.0,0.0,0.0,0.0
1 1000.481.40.433.10 2021,,1764.0,DEBEGESARAKO DIRU-LAGUNTZA,95000.0,57158.71,0.0,57158.71,0.0,57158.71,22863.48,22863.48,0.0
1 1000.481.40.433.10 2020,,1994.0,DEBEGESARAKO DIRU-LAGUNTZA,0.0,30000.0,0.0,30000.0,0.0,30000.0,30000.0,30000.0,30000.0
1 1000.771.05.433.10 2020,,1995.0,INBERTSIORAKO LAGUNTZAK.COVID-19,0.0,84048.29,0.0,84048.29,0.0,0.0,0.0,0.0,0.0
1 1000.781.01.433.10 2021,,1765.0,INKUBAGAILUAN OBRAK EGITEKO DIRU LAGUNTA,150000.0,187841.29,0.0,187841.29,0.0,187841.29,75136.52,75136.52,0.0
1 1100.100.01.912.00 2021,,375.0,OINARRIZK.ORDAINK/BESTEL.ORDAINSARIAK,509787.95,509787.95,0.0,187440.72,322347.23,187440.72,187440.72,187440.72,187440.72
1 1100.120.01.491.00 2021,,980.0,OINARRIZKO ORDAINKETAK,17229.72,17229.72,0.0,6412.61,10817.11,6412.61,6412.61,6412.61,6412.61
1 1100.120.01.912.00 2021,,1539.0,OINARRIZKO ORDAINKETAK,0.0,0.0,0.0,5978.65,-5978.65,5978.65,5978.65,5978.65,5978.65
1 1100.120.01.920.11 2021,,384.0,OINARRIZKO ORDAINKETAK,152040.8,152040.8,0.0,55204.49,96836.31,55204.49,55204.49,55204.49,55204.49
1 1100.120.01.920.20 2021,,406.0,OINARRIZKO ORDAINKETAK,102022.23,102022.23,0.0,41035.06,60987.17,41035.06,41035.06,41035.06,41035.06
1 1100.120.01.920.30 2021,,420.0,OINARRIZKO ORDAINKETAK,81863.42,81863.42,0.0,30565.11,51298.31,30565.11,30565.11,30565.11,30565.11
1 1100.120.01.923.10 2021,,450.0,OINARRIZKO ORDAINKETAK,11496.77,11496.77,0.0,4492.05,7004.72,4492.05,4492.05,4492.05,4492.05
1 1100.120.01.925.00 2021,,455.0,OINARRIZKO ORDAINKETAK,122726.72,122726.72,0.0,46612.6,76114.12,46612.6,46612.6,46612.6,46612.6
1 1100.121.99.491.00 2021,,981.0,BESTE OSAGARRI BATZUK,18814.38,18814.38,0.0,8856.74,9957.64,8856.74,8856.74,8856.74,8856.74
1 1100.121.99.912.00 2021,,1540.0,BESTE OSAGARRI BATZUK,0.0,0.0,0.0,15406.81,-15406.81,15406.81,15406.81,15406.81,15406.81
1 1100.121.99.920.11 2021,,385.0,BESTE OSAGARRI BATZUK,267711.15,267711.15,0.0,117782.68,149928.47,117782.68,117782.68,117782.68,117782.68
1 1100.121.99.920.20 2021,,407.0,BESTE OSAGARRI BATZUK,160490.45,160490.45,0.0,81119.9,79370.55,81119.9,81119.9,81119.9,81119.9
1 1100.121.99.920.30 2021,,421.0,BESTE OSAGARRI BATZUK,156964.0,156964.0,0.0,69396.31,87567.69,69396.31,69396.31,69396.31,69396.31
1 1100.121.99.923.10 2021,,451.0,BESTE OSAGARRI BATZUK,20539.53,20539.53,0.0,9298.53,11241.0,9298.53,9298.53,9298.53,9298.53
1 1100.121.99.925.00 2021,,456.0,BESTE OSAGARRI BATZUK,215001.36,215001.36,0.0,101230.12,113771.24,101230.12,101230.12,101230.12,101230.12
1 1100.130.03.920.11 2021,,386.0,ORDAINKETAK PERTSONAL LABORAL FINKOARI,99988.43,99988.43,0.0,13080.23,86908.2,13080.23,13080.23,13080.23,13080.23
1 1100.130.03.920.20 2021,,408.0,ORDAINKETAK PERTSONAL LABORAL FINKOARI,48296.37,48296.37,0.0,19286.71,29009.66,19286.71,19286.71,19286.71,19286.71
1 1100.131.01.920.11 2021,,387.0,LABORAL EBENTUALA,32691.56,32691.56,0.0,26343.82,6347.74,26343.82,26343.82,26343.82,26343.82
1 1100.160.01.491.00 2021,,979.0,GIZARTE SEGURANTZA,11623.68,11623.68,0.0,4833.11,6790.57,4833.11,4833.11,4833.11,4833.11
1 1100.160.01.912.00 2021,,377.0,GIZARTE SEGURANTZA,152055.41,152055.41,0.0,55447.95,96607.46,55447.95,55447.95,55447.95,55447.95
1 1100.160.01.920.11 2021,,388.0,GIZARTE SEGURANTZA,135380.88,135380.88,0.0,52717.08,82663.8,52717.08,52717.08,52717.08,52717.08
1 1100.160.01.920.20 2021,,409.0,GIZARTE SEGURANTZA,88175.78,88175.78,0.0,33483.89,54691.89,33483.89,33483.89,33483.89,33483.89
1 1100.160.01.920.30 2021,,422.0,GIZARTE SEGURANTZA,59750.68,59750.68,0.0,24303.52,35447.16,24303.52,24303.52,24303.52,24303.52
1 1100.160.01.923.10 2021,,452.0,GIZARTE SEGURANTZA,8338.66,8338.66,0.0,3574.25,4764.41,3574.25,3574.25,3574.25,3574.25
1 1100.160.01.925.00 2021,,457.0,GIZARTE SEGURANTZA,91536.44,91536.44,0.0,37469.04,54067.4,37469.04,37469.04,37469.04,37469.04
1 1100.160.04.491.00 2021,,982.0,ELKARKIDETZAREN KUOTAK,1478.55,1478.55,0.0,621.18,857.37,621.18,621.18,621.18,621.18
1 1100.160.04.912.00 2021,,1538.0,ELKARKIDETZA KUOTAK,0.0,0.0,0.0,760.68,-760.68,760.68,760.68,760.68,760.68
1 1100.160.04.920.11 2021,,389.0,ELKARKIDETZAREN KUOTAK,13825.68,13825.68,0.0,4956.66,8869.02,4956.66,4956.66,4956.66,4956.66
1 1100.160.04.920.20 2021,,410.0,ELKARKIDETZAREN KUOTAK,7742.66,7742.66,0.0,3776.42,3966.24,3776.42,3776.42,3776.42,3521.63
1 1100.160.04.920.30 2021,,423.0,ELKARKIDETZAREN KUOTAK,6064.6,6064.6,0.0,2547.9,3516.7,2547.9,2547.9,2547.9,2547.9
1 1100.160.04.923.10 2021,,453.0,ELKARKIDETZAREN KUOTAK,1005.84,1005.84,0.0,425.94,579.9,425.94,425.94,425.94,425.94
1 1100.160.04.925.00 2021,,458.0,ELKARKIDETZAREN KUOTAK,9665.73,9665.73,0.0,3247.81,6417.92,3247.81,3247.81,3247.81,3247.81
1 1100.161.03.221.00 2021,,989.0,ERRETIRO AURRERATUEN KALTE-ORDAINAK,42821.82,42821.82,0.0,0.0,42821.82,0.0,0.0,0.0,0.0
1 1100.162.01.920.20 2021,,412.0,PRESTAKUNTZA,30000.0,30000.0,930.0,25024.95,4045.05,25024.95,12813.49,10313.49,5103.49
1 1100.162.01.920.20 2020,,1997.0,PRESTAKUNTZA,0.0,1395.64,0.0,1395.64,0.0,1395.64,0.0,0.0,0.0
1 1100.162.05.920.20 2021,,413.0,ASEGURUAK,141370.56,141370.56,0.0,0.0,141370.56,0.0,0.0,0.0,0.0
1 1100.204.01.920.12 2021,,397.0,ALTZARIEN ETA EKIPOEN ALOKAIRUA,18000.0,18000.0,0.0,15000.0,3000.0,15000.0,5146.65,5146.65,5146.65
1 1100.212.01.920.12 2021,,398.0,"MAKINERIA,INSTALAZIOAK ETA TRESNERIA",18000.0,18000.0,0.0,17000.0,1000.0,17000.0,5605.36,5605.36,5605.36
1 1100.215.01.920.30 2021,,424.0,INFORMAZ-PROZESUET.EKIPOAK.MANTENIM.,10596.98,10596.98,0.0,6707.13,3889.85,6707.13,6707.13,6707.13,6707.13
1 1100.215.02.920.30 2021,,425.0,INFORMATIKA APLIKAZIOEN MANTENIMENDUA,72957.49,72957.49,0.0,43834.95,29122.54,43834.95,21293.56,21293.56,18514.98
1 1100.215.02.920.30 2020,,1998.0,INFORMATIKA APLIKAZIOEN MANTENIMENDUA,0.0,4174.5,0.0,4174.5,0.0,3509.0,1391.5,1391.5,1391.5
1 1100.220.01.920.11 2021,,390.0,MATERIAL ARRUNT EZ-INBENTARIAGARRIA,2700.0,2700.0,0.0,1776.89,923.11,1776.89,0.0,0.0,0.0
1 1100.220.01.920.12 2021,,399.0,MATERIAL ARRUNT EZ-INBENTARIAGARRIA,55000.0,55000.0,0.0,43541.6,11458.4,43541.6,15580.72,15580.72,14835.6
1 1100.220.01.920.12 2020,,1999.0,MATERIAL ARRUNT EZ-INBENTARIAGARRIA,0.0,21587.66,0.0,21587.66,0.0,21587.66,3176.12,3176.12,3176.12
1 1100.220.02.920.12 2021,,400.0,PRENTS/ALDIZK/LIBURUAK/BEST.ARGITARAP.,18000.0,18000.0,0.0,11592.4,6407.6,11592.4,6222.21,6222.21,6222.21
1 1100.220.03.920.30 2021,,426.0,MATERIAL INFORMATIKO EZ-INBENTARIAGARRIA,1500.0,1500.0,0.0,794.62,705.38,794.62,794.41,118.0,118.0
1 1100.220.03.920.30 2020,,2000.0,MATERIAL INFORMATIKO EZ-INBENTARIAGARRIA,0.0,79.75,0.0,79.75,0.0,79.75,79.75,79.75,79.75
1 1100.221.05.920.11 2021,,391.0,ARROPAK.ATEZAINA ETA MANDATARIAK,1500.0,1500.0,0.0,780.0,720.0,780.0,780.0,780.0,780.0
1 1100.221.91.920.20 2021,,1777.0,BESTE HAINBAT GASTU.COVID-19,60000.0,60000.0,0.0,7399.19,52600.81,7399.19,5839.55,5839.55,5839.55
1 1100.221.91.920.20 2020,,2001.0,BESTE HAINBAT GASTU.COVID-19,0.0,1347.47,0.0,1347.47,0.0,1347.47,621.94,621.94,621.94
1 1100.222.02.920.12 2021,,401.0,POSTA BIDEZKOAK,65000.0,65000.0,0.0,50000.0,15000.0,50000.0,30339.43,28880.0,28880.0
1 1100.222.99.920.12 2021,,402.0,BESTEL.KOMUNIK.MANDATUG/MEZULARIAK/ABAR,4000.0,4000.0,0.0,2000.0,2000.0,2000.0,510.17,510.17,510.17
1 1100.222.99.920.12 2020,,2002.0,BESTEL.KOMUNIK.MANDATUG/MEZULARIAK/ABAR,0.0,1806.52,0.0,1806.52,0.0,1806.52,0.0,0.0,0.0
1 1100.224.99.920.11 2021,,392.0,ERANTZUNKIZUN ZIBILERAKO ASEGURUA,80000.0,80000.0,0.0,75927.88,4072.12,75927.88,11956.46,11956.46,11956.46
1 1100.226.02.912.00 2021,,378.0,PROTOKOLO ETA ORDEZKARITZA GASTUAK,23400.0,23400.0,0.0,17195.55,6204.45,17195.55,10888.71,10798.97,9771.07
1 1100.226.03.491.00 2021,,998.0,"ARGITALPENAK, PUBLIZITATEA ETA PROPAGAND",5000.0,5000.0,0.0,2178.0,2822.0,2178.0,2178.0,2178.0,2178.0
1 1100.226.03.912.00 2021,,379.0,ARGITALPENAK/PUBLIZITATEA ETA PROPAGANDA,11925.0,11925.0,0.0,4548.39,7376.61,4548.39,4548.39,4548.39,4548.39
1 1100.226.03.912.00 2020,,2003.0,ARGITALPENAK/PUBLIZITATEA ETA PROPAGANDA,0.0,508.2,0.0,508.2,0.0,508.2,508.2,508.2,508.2
1 1100.226.03.920.12 2021,,403.0,ARGITALPENAK/PUBLIZITATEA ETA PROPAGANDA,22000.0,22000.0,0.0,14350.8,7649.2,14350.8,6735.05,6735.05,6241.37
1 1100.226.03.920.12 2020,,2004.0,ARGITALPENAK/PUBLIZITATEA ETA PROPAGANDA,0.0,2785.85,0.0,2785.85,0.0,2785.85,1009.62,1009.62,1009.62
1 1100.226.04.920.11 2021,,393.0,JURIDIKOAK,120000.0,120000.0,0.0,30920.63,89079.37,30920.63,24441.92,24441.92,24167.54
1 1100.226.04.920.11 2020,,2005.0,JURIDIKOAK,0.0,32413.48,0.0,32413.48,0.0,32413.48,15559.39,15559.39,15559.39
1 1100.226.99.336.10 2021,,309.0,BESTE HAINBAT GASTU,49146.0,49146.0,0.0,16942.1,32203.9,16942.1,3841.6,3841.6,3841.6
1 1100.226.99.336.10 2020,,2006.0,BESTE HAINBAT GASTU,0.0,11614.48,0.0,11614.48,0.0,11614.48,11614.48,11614.48,9774.48
1 1100.226.99.920.11 2021,,394.0,KALTE-ORDAIN.HIRUGARREN. KONPENTS. ETA,65000.0,65000.0,0.0,1266.81,63733.19,1266.81,1266.81,1266.81,1266.81
1 1100.227.04.920.11 2021,,1766.0,KONTRATU SOZIOKULTURALAK,1500.0,1500.0,0.0,0.0,1500.0,0.0,0.0,0.0,0.0
1 1100.227.07.920.20 2021,,414.0,AZTERKETA ETA LAN TEKNIKOAK,10000.0,10000.0,0.0,0.0,10000.0,0.0,0.0,0.0,0.0
1 1100.227.20.920.30 2021,,427.0,HITZARMENA IZFE-KIN,138397.64,138397.64,0.0,66217.48,72180.16,66217.48,66217.48,33273.19,33273.19
1 1100.227.90.920.11 2021,,1767.0,KANPOKO LANAK,31612.5,31612.5,3630.0,18143.04,9839.46,18143.04,6250.86,6250.86,6250.86
1 1100.227.90.920.11 2020,,2007.0,KANPOKO LANAK,0.0,10822.24,0.0,10822.24,0.0,10822.24,0.0,0.0,0.0
1 1100.227.92.920.20 2021,,415.0,LAN OSASUNERAKO PREBENTZIO ZERBITZUA,25000.0,37063.7,0.0,22527.78,14535.92,22527.78,10136.07,10136.07,8446.71
1 1100.227.99.491.00 2021,,999.0,KANPOKO BESTELAKO LANAK,34118.0,34118.0,0.0,10375.75,23742.25,10375.75,2178.0,2178.0,2178.0
1 1100.227.99.491.00 2020,,2009.0,KANPOKO BESTELAKO LANAK,0.0,8560.75,0.0,8560.75,0.0,8560.75,2541.0,2541.0,2541.0
1 1100.227.99.491.00 2019,,2008.0,KANPOKO BESTELAKO LANAK,0.0,2541.0,0.0,2541.0,0.0,2541.0,0.0,0.0,0.0
1 1100.227.99.912.00 2021,,669.0,KANPOKO BESTELAKO LANAK,14520.0,14520.0,0.0,5833.15,8686.85,5833.15,3499.89,3499.89,3499.89
1 1100.227.99.920.11 2021,,395.0,KANPOKO BESTELAKO LANAK,9000.0,9000.0,0.0,0.0,9000.0,0.0,0.0,0.0,0.0
1 1100.227.99.920.20 2021,,416.0,KANPOKO BESTELAKO LANAK,12000.0,12000.0,0.0,0.0,12000.0,0.0,0.0,0.0,0.0
1 1100.227.99.920.30 2021,,429.0,KANPOK.BESTELAK.LANAK.ASISTENTZ.TEKNIKOA,20800.0,20800.0,0.0,7260.0,13540.0,7260.0,3630.0,3630.0,3630.0
1 1100.227.99.920.30 2020,,2010.0,KANPOK.BESTELAK.LANAK.ASISTENTZ.TEKNIKOA,0.0,10769.0,0.0,10769.0,0.0,10769.0,0.0,0.0,0.0
1 1100.230.01.491.00 2021,,984.0,"PERTSONALAREN DIETAK, GARRAIO ETA LEKUAL",395.0,395.0,0.0,84.86,310.14,84.86,84.86,84.86,84.86
1 1100.230.01.920.11 2021,,396.0,PERTSONAL.DIETAK/GARRAIOA/LEKUALDAKETA,815.0,815.0,0.0,0.0,815.0,0.0,0.0,0.0,0.0
1 1100.230.01.920.20 2021,,417.0,PERTSONAL.DIETAK/GARRAIOA/LEKUALDAKETA,965.0,965.0,0.0,150.0,815.0,150.0,112.13,112.13,81.36
1 1100.230.01.920.30 2021,,430.0,PERTSONAL.DIETAK/GARRAIOA/LEKUALDAKETA,1255.0,1255.0,0.0,0.0,1255.0,0.0,0.0,0.0,0.0
1 1100.230.01.923.10 2021,,454.0,PERSTSONAL.DIETAK/GARRAIOA/LEKUALDAKETA,35.0,35.0,0.0,0.0,35.0,0.0,0.0,0.0,0.0
1 1100.230.01.925.00 2021,,459.0,PERTSONAL.DIETAK/GARRAIOA/LEKUALDAKETA,350.0,350.0,0.0,0.0,350.0,0.0,0.0,0.0,0.0
1 1100.231.01.912.00 2021,,381.0,GOI-KARGUEN DIETAK/LOKOM/LEKUALDAK.,2500.0,2500.0,0.0,201.57,2298.43,201.57,201.56,201.56,130.56
1 1100.231.02.912.00 2021,,382.0,DIETAK GOI-KARGUEI BATZORD.JOATEAGATIK,154748.0,154748.0,0.0,62867.0,91881.0,62867.0,62867.0,62867.0,62867.0
1 1100.409.01.922.00 2021,,448.0,BESTELAKO ERAKUNDE PUBLIKOEI.FEMP,2000.0,2000.0,0.0,1549.49,450.51,1549.49,1549.49,1549.49,1549.49
1 1100.419.01.922.00 2021,,449.0,BESTELAKO ERAKUNDE PUBLIKOEI.EUDEL,5000.0,5000.0,0.0,4507.59,492.41,4507.59,4507.59,4507.59,4507.59
1 1100.480.01.336.10 2021,,1759.0,FAMILEI.MERCEDES KAREAGA BEKA,9000.0,9000.0,0.0,0.0,9000.0,0.0,0.0,0.0,0.0
1 1100.480.06.336.10 2021,,2026.0,EIBARREN 675 URTEURRENA.HARRO NAGO ZUTA,0.0,0.0,0.0,0.0,0.0,0.0,0.0,0.0,0.0
1 1100.481.01.912.00 2021,,383.0,IRABAZIZKO XEDERIK GABEKO ERAKUNDEEI,126972.0,126972.0,0.0,63446.0,63526.0,63446.0,63446.0,63446.0,63446.0
1 1100.481.02.912.00 2020,,2011.0,ENTITATEEI TRANSFERENTZIAK,0.0,94.62,0.0,94.62,0.0,94.62,0.0,0.0,0.0
1 1100.481.05.336.10 2020,,2012.0,"Transf.""Dendekin Elkarlan:Zuloga 2",0.0,200.0,0.0,200.0,0.0,200.0,0.0,0.0,0.0
1 1100.481.34.922.00 2021,,1224.0,PROGRESO  DIRECCION ELKARTEAREN KUOTA,1400.0,1400.0,0.0,0.0,1400.0,0.0,0.0,0.0,0.0
1 1100.500.01.929.00 2021,,802.0,KREDITU GLOBALA ETA BESTEL. USTEKABEAK,0.0,0.0,0.0,0.0,0.0,0.0,0.0,0.0,0.0
1 1100.625.01.920.12 2021,,404.0,ALTZARIAK,12000.0,12000.0,0.0,0.0,12000.0,0.0,0.0,0.0,0.0
1 1100.625.01.920.12 2020,,2013.0,ALTZARIAK,0.0,286.77,0.0,286.77,0.0,286.77,286.77,286.77,286.77
1 1100.625.02.920.11 2021,,1834.0,BULEGO EKIPOAK,1000.0,1000.0,0.0,512.89,487.11,512.89,512.89,512.89,512.89
1 1100.625.02.920.12 2021,,405.0,BULEGO EKIPOAK,1000.0,1000.0,0.0,39.0,961.0,39.0,39.0,39.0,0.0
1 1100.625.02.920.12 2020,,2014.0,BULEGO EKIPOAK,0.0,876.04,0.0,876.04,0.0,876.04,876.04,876.04,876.04
1 1100.625.03.925.00 2021,,2024.0,BESTE EKIPO BATZUK,0.0,1118.79,0.0,1118.79,0.0,1118.79,0.0,0.0,0.0
1 1100.626.01.920.30 2021,,431.0,INFORMAZIO-PROZESUETARAKO EKIPOAK,95664.25,95664.25,0.0,6779.29,88884.96,6779.29,6767.82,3830.38,2923.51
1 1100.626.01.920.30 2020,,2015.0,INFORMAZIO-PROZESUETARAKO EKIPOAK,0.0,14749.79,0.0,14749.79,0.0,14749.79,14749.78,14749.78,14749.78
1 1100.644.01.920.30 2021,,801.0,INFORMATIKA APLIKAZIOAK,55800.0,55800.0,0.0,4556.26,51243.74,4556.26,623.76,623.76,623.76
1 1100.644.01.920.30 2020,,2016.0,INFORMATIKA APLIKAZIOAK,0.0,2381.89,0.0,2381.89,0.0,2381.89,2381.89,2381.89,2381.89
1 1100.823.01.920.20 2021,,418.0,PERTSONALAREN AURRERAKINAK,20000.0,20000.0,0.0,6310.64,13689.36,6310.64,6310.64,6310.64,6310.64
1 1100.833.01.920.20 2021,,419.0,PERTSONALAREN AURRERAKINAK,15000.0,15000.0,0.0,9916.69,5083.31,9916.69,9916.69,9916.69,9916.69
1 1200.120.01.931.10 2021,,461.0,OINARRIZKO ORDAINKETAK,82574.63,82574.63,0.0,24137.7,58436.93,24137.7,24137.7,24137.7,24137.7
1 1200.120.01.931.20 2021,,469.0,OINARRIZKO ORDAINKETAK,69127.84,69127.84,0.0,21830.24,47297.6,21830.24,21830.24,21830.24,21830.24
1 1200.120.01.932.00 2021,,474.0,OINARRIZKO ORDAINKETAK,122783.19,122783.19,0.0,44619.89,78163.3,44619.89,44619.89,44619.89,44619.89
1 1200.120.01.934.00 2021,,480.0,OINARRIZKO ORDAINKETAK,25221.67,25221.67,0.0,8712.66,16509.01,8712.66,8712.66,8712.66,8712.66
1 1200.121.99.931.10 2021,,462.0,BESTE OSAGARRI BATZUK,136304.96,136304.96,0.0,58044.71,78260.25,58044.71,58044.71,58044.71,58044.71
1 1200.121.99.931.20 2021,,470.0,BESTE OSAGARRI BATZUK,127138.36,127138.36,0.0,46601.32,80537.04,46601.32,46601.32,46601.32,46601.32
1 1200.121.99.932.00 2021,,475.0,BESTE OSAGARRI BATZUK,221219.09,221219.09,0.0,98327.28,122891.81,98327.28,98327.28,98327.28,98327.28
1 1200.121.99.934.00 2021,,481.0,BESTE OSAGARRI BATZUK,52629.0,52629.0,0.0,16165.73,36463.27,16165.73,16165.73,16165.73,16165.73
1 1200.160.01.931.10 2021,,463.0,GIZARTE SEGURANTZA,57228.86,57228.86,0.0,20234.56,36994.3,20234.56,20234.56,20234.56,20234.56
1 1200.160.01.931.20 2021,,471.0,GIZARTE SEGURANTZA,43501.62,43501.62,0.0,13744.12,29757.5,13744.12,13744.12,13744.12,13744.12
1 1200.160.01.932.00 2021,,476.0,GIZARTE SEGURANTZA,92730.42,92730.42,0.0,33211.6,59518.82,33211.6,33211.6,33211.6,33211.6
1 1200.160.01.934.00 2021,,482.0,GIZARTE SEGURANTZA,17071.67,17071.67,0.0,6745.92,10325.75,6745.92,6745.92,6745.92,6745.92
1 1200.160.04.931.10 2021,,464.0,ELKARKIDETZAREN KUOTAK,3774.22,3774.22,0.0,1779.84,1994.38,1779.84,1779.84,1779.84,1779.84
1 1200.160.04.931.20 2021,,472.0,ELKARKIDETZAREN KUOTAK,5250.27,5250.27,0.0,1696.2,3554.07,1696.2,1696.2,1696.2,1696.2
1 1200.160.04.932.00 2021,,477.0,ELKARKIDETZAREN KUOTAK,10446.92,10446.92,0.0,4135.25,6311.67,4135.25,4135.25,4135.25,4135.25
1 1200.160.04.934.00 2021,,483.0,ELKARKIDETZAREN KUOTAK,1919.13,1919.13,0.0,806.28,1112.85,806.28,806.28,806.28,806.28
1 1200.227.07.931.10 2021,,465.0,AZTERK/LAN TEKNIK.AUDITORETZA,60000.0,60000.0,0.0,0.0,60000.0,0.0,0.0,0.0,0.0
1 1200.227.07.931.10 2020,,2017.0,AZTERK/LAN TEKNIK.AUDITORETZA,0.0,17545.0,0.0,17545.0,0.0,17545.0,0.0,0.0,0.0
1 1200.227.99.931.20 2021,,1835.0,KANPOKO BESTELAKO LANAK,20000.0,20000.0,0.0,8712.0,11288.0,8712.0,6074.2,6074.2,6074.2
1 1200.230.01.931.10 2021,,466.0,PERTSONAL DIETAK/GARRAIOA/LEKUALDAKETA,535.0,535.0,0.0,0.0,535.0,0.0,0.0,0.0,0.0
1 1200.230.01.931.20 2021,,473.0,PERTSONAL.DIETAK/GARRAIOA/LEKUALDAKETA,595.0,595.0,0.0,0.0,595.0,0.0,0.0,0.0,0.0
1 1200.230.01.932.00 2021,,479.0,PERTSONAL.DIETAK/GARRAIOA/LEKUALDAKETA,710.0,710.0,0.0,0.0,710.0,0.0,0.0,0.0,0.0
1 1200.230.01.934.00 2021,,484.0,PERTSONAL.DIETAK/GARRAIOA/LEKUALDAKETA,70.0,70.0,0.0,0.0,70.0,0.0,0.0,0.0,0.0
1 1200.332.01.011.00 2021,,1.0,INTERESAK,25000.0,25000.0,0.0,3389.44,21610.56,3389.44,3389.44,3389.44,3389.44
1 1200.369.01.934.00 2021,,485.0,BESTELAKO FINANTZA GASTUAK,10000.0,10000.0,0.0,1800.52,8199.48,1800.52,1800.52,1800.52,1800.52
1 1200.369.99.934.00 2021,,486.0,KONTRAKO DIFERENTZIAK KUTXAN,100.0,100.0,0.0,0.0,100.0,0.0,0.0,0.0,0.0
1 1200.860.01.931.10 2021,,467.0,EPE LABURRERA IPINITAKO FIDANTZAK,100.0,100.0,0.0,0.0,100.0,0.0,0.0,0.0,0.0
1 1200.860.02.931.10 2021,,468.0,EPE LUZERA IPINITAKO FIDANTZAK,100.0,100.0,0.0,0.0,100.0,0.0,0.0,0.0,0.0
1 1200.933.01.011.00 2021,,2.0,TOKIK.SEKT.PUBL.KANPO,710000.0,710000.0,0.0,349072.68,360927.32,349072.68,349072.68,349072.68,349072.68
#GUZTIRA,,,,38474619.39,46769363.78,1256967.12,27355072.94,18157323.72,22464397.73,14617381.4,14446345.28,13962067.13
