#Partida,b,c,Descripción,Hasierako aurr.,Behin bet aurr.,Atxekipenak (RC),Erabilgarria,Baimendua ,Erabilia ,Onart. Oblig.
1 0100.120.01.130.00 2025 (3),,,OINARRIZKO ORDAINKETAK,187867.3,187867.3,0.0,-29261.41,217128.71,217128.71,217128.71
1 0100.120.01.132.00 2025 (13),,,OINARRIZKO ORDAINKETAK,486166.18,486166.18,0.0,387049.51,99116.67,99116.67,99116.67
1 0100.120.01.133.10 2025 (19),,,OINARRIZKO ORDAINKETAK,326173.65,326173.65,0.0,285216.03,40957.62,40957.62,40957.62
1 0100.121.99.130.00 2025 (4),,,BESTE OSAGARRI BATZUK,290501.95,290501.95,0.0,-165080.08,455582.03,455582.03,455582.03
1 0100.121.99.132.00 2025 (14),,,BESTE OSAGARRI BATZUK,796749.29,796749.29,0.0,586534.15,210215.14,210215.14,210215.14
1 0100.121.99.133.10 2025 (20),,,BESTE OSAGARRI BATZUK,488592.58,488592.58,0.0,398038.44,90554.14,90554.14,86135.44
1 0100.160.01.130.00 2025 (5),,,GIZARTE SEGURANTZA,156782.84,156782.84,0.0,-48498.07,205280.91,205280.91,205280.91
1 0100.160.01.132.00 2025 (15),,,GIZARTE SEGURANTZA,490290.07,490290.07,0.0,384260.0,106030.07,106030.07,106030.07
1 0100.160.01.133.10 2025 (21),,,GIZARTE SEGURANTZA,308357.17,308357.17,0.0,263183.1,45174.07,45174.07,45174.07
1 0100.160.04.130.00 2025 (6),,,ELKARKIDETZAREN KUOTAK,11810.36,11810.36,0.0,1687.36,10123.0,10123.0,10123.0
1 0100.160.04.132.00 2025 (16),,,ELKARKIDETZAREN KUOTAK,25846.41,25846.41,0.0,21185.94,4660.47,4660.47,4660.47
1 0100.160.04.133.10 2025 (22),,,ELKARKIDETZAREN KUOTAK,17893.67,17893.67,0.0,14723.14,3170.53,3170.53,3170.53
1 0100.202.01.133.10 2025 (2069),,,RADAR-EKIPOAK ALOKATZEA,70000.0,70000.0,0.0,15550.0,54450.0,54450.0,32670.0
1 0100.212.01.132.00 2025 (17),,,MAKINERIA/INSTALAZ/TRESNERIA,12000.0,12000.0,0.0,7000.0,5000.0,5000.0,0.0
1 0100.213.01.130.00 2025 (7),,,GARRAIO-MATERIALA,12000.0,12000.0,0.0,-150.01,12150.01,12150.01,2528.72
1 0100.213.02.132.00 2025 (1542),,,IBILGAILUEN RENTING,50000.0,50000.0,0.0,2000.0,48000.0,48000.0,19999.8
1 0100.221.01.130.00 2025 (2067),,,ENERGIA ELEKTRIKOA.KOTXEEN ,17000.0,17000.0,0.0,7750.0,9250.0,9250.0,2735.48
1 0100.221.04.130.00 2025 (8),,,ERREGAI ETA KARBURANTEAK,4000.0,4000.0,0.0,0.0,4000.0,4000.0,332.58
1 0100.221.05.130.00 2025 (9),,,ARROPAK,45000.0,39000.0,33880.0,5120.0,0.0,0.0,0.0
1 0100.221.99.130.00 2025 (10),,,BESTELAKO HORNIDURAK,16000.0,16000.0,0.0,8434.48,7565.52,7565.52,907.86
1 0100.224.02.130.00 2025 (11),,,IBILGAILUENAK. ASEGURUAK,3000.0,3000.0,0.0,3000.0,0.0,0.0,0.0
1 0100.226.99.132.00 2025 (1814),,,BESTE HAINBAT GASTU.,1000.0,1000.0,0.0,1000.0,0.0,0.0,0.0
1 0100.226.99.441.10 2025 (2099),,,BESTE HAINBAT GASTU,0.0,0.0,0.0,0.0,0.0,0.0,0.0
1 0100.227.07.133.10 2025 (2070),,,AZTERKETA ETA LAN TEKNIKOAK,0.0,0.0,0.0,0.0,0.0,0.0,0.0
1 0100.227.07.441.10 2025 (2706),,,AZTERKETA ETA LAN TEKNIKOAK,0.0,0.0,0.0,0.0,0.0,0.0,0.0
1 0100.227.08.441.10 2025 (363),,,GARRAIO-KONTRATUAK,233146.49,252146.49,0.0,160.16,251986.33,251986.33,133335.92
1 0100.227.90.133.10 2025 (2420),,,KANPOKO LANAK,12000.0,12000.0,0.0,-7747.2,19747.2,19747.2,19747.2
1 0100.227.99.133.10 2025 (24),,,KANPOKO BESTELAKO LANAK. ,125000.0,112000.0,0.0,12000.0,100000.0,100000.0,38339.9
1 0100.230.01.130.00 2025 (12),,,PERTSONAL.,1450.0,1450.0,0.0,-1856.4,3306.4,3306.4,3306.4
1 0100.230.01.132.00 2025 (18),,,PERTSONAL.,750.0,750.0,0.0,-67.61,817.61,817.61,817.61
1 0100.230.01.133.10 2025 (25),,,PERTSONAL.,750.0,750.0,0.0,515.32,234.68,234.68,234.68
1 0100.421.03.441.10 2025 (364),,,GIPUZK.GARRAIOAREN LURRALD.,20000.0,20000.0,0.0,12985.96,7014.04,7014.04,3507.02
1 0100.601.87.132.00 2025 (2935),,,TRAFIKO GANBERAK JARTZEA,450000.0,450000.0,0.0,432757.5,17242.5,17242.5,0.0
1 0100.623.99.132.00 2025 (1816),,,DEFENTSA EKIPOAK,2500.0,2500.0,0.0,2500.0,0.0,0.0,0.0
1 0100.625.01.130.00 2025 (1282),,,ALTZARIAK,1000.0,1000.0,0.0,1000.0,0.0,0.0,0.0
1 0100.625.05.132.00 2025 (2936),,,DESFIBRILADOREAK,2000.0,2000.0,0.0,2000.0,0.0,0.0,0.0
1 0100.626.01.130.00 2025 (43),,,EKIPOAK. TETRA KOMUNIKAZIO BIDEA,5000.0,5000.0,0.0,5000.0,0.0,0.0,0.0
1 0200.120.01.151.00 2025 (32),,,OINARRIZKO ORDAINKETAK,195327.07,195327.07,0.0,117704.84,77622.23,77622.23,77622.23
1 0200.120.01.172.00 2025 (782),,,OINARRIZKO ORDAINKETAK,21043.64,21043.64,0.0,12076.59,8967.05,8967.05,8967.05
1 0200.121.99.151.00 2025 (33),,,BESTE OSAGARRI BATZUK,269932.37,269932.37,0.0,122643.59,147288.78,147288.78,147288.78
1 0200.121.99.172.00 2025 (783),,,BESTE OSAGARRI BATZUK,23651.04,23651.04,0.0,10485.03,13166.01,13166.01,13166.01
1 0200.131.01.151.00 2025 (2418),,,LABORAL EBENTUALA,0.0,0.0,0.0,0.0,0.0,0.0,0.0
1 0200.131.01.172.00 2025 (2419),,,LABORAL EBENTUALA,0.0,0.0,0.0,0.0,0.0,0.0,0.0
1 0200.160.01.151.00 2025 (35),,,GIZARTE SEGURANTZA,116174.08,116174.08,0.0,61511.97,54662.11,54662.11,54662.11
1 0200.160.01.172.00 2025 (784),,,GIZARTE SEGURANTZA,13868.25,13868.25,0.0,7791.17,6077.08,6077.08,6077.08
1 0200.160.04.151.00 2025 (36),,,ELKARKIDETZAREN KUOTAK,11308.87,11308.87,0.0,5796.06,5512.81,5512.81,5512.81
1 0200.160.04.172.00 2025 (983),,,ELKARKIDETZAREN KUOTAK,1615.37,1615.37,0.0,800.64,814.73,814.73,814.73
1 0200.201.01.152.20 2025 (1545),,,ERAIKINAK ETA BESTELAKO ,6000.0,6000.0,0.0,178.68,5821.32,5821.32,2831.4
1 0200.220.01.152.20 2025 (1546),,,MATERIAL ARRUNT EZ-,500.0,500.0,0.0,500.0,0.0,0.0,0.0
1 0200.221.01.152.20 2025 (1547),,,ENERGIA ELEKTRIKOA. TXONTA ,1000.0,1000.0,0.0,1000.0,0.0,0.0,0.0
1 0200.224.01.152.20 2025 (1235),,,ASEGURUAK,1500.0,1500.0,0.0,1500.0,0.0,0.0,0.0
1 0200.226.99.151.00 2025 (38),,,BESTE HAINB.GASTU.ORDEZK.,5000.0,5000.0,0.0,5000.0,0.0,0.0,0.0
1 0200.226.99.172.00 2025 (113),,,BESTE HAINBAT GASTU,60000.0,60000.0,0.0,39471.2,20528.8,20528.8,11886.4
1 0200.227.05.172.00 2025 (2075),,,LUR ETA ONDASUN NATURALAK ,0.0,0.0,0.0,0.0,0.0,0.0,0.0
1 0200.227.07.151.00 2025 (39),,,AZTERKETA ETA LAN TEKNIKOAK,375000.0,375000.0,0.0,375000.0,0.0,0.0,0.0
1 0200.227.07.152.30 2025 (2422),,,"IKERKETA,AZERKETA EA PROIEKTUAK",0.0,0.0,0.0,0.0,0.0,0.0,0.0
1 0200.227.07.172.00 2025 (114),,,AZITAINGO LURZORUAREN KALIT.,106600.0,106600.0,0.0,103097.0,3503.0,3503.0,0.0
1 0200.227.90.151.00 2025 (40),,,KANPOKO LANAK,15000.0,13500.0,0.0,13500.0,0.0,0.0,0.0
1 0200.227.90.172.00 2025 (1247),,,KANPOKO LANAK,10456.07,10456.07,0.0,-752.56,11208.63,11208.63,429.55
1 0200.227.99.151.00 2025 (41),,,KONTRATOAK KANPOKOEKIN. ,1500.0,1500.0,0.0,1500.0,0.0,0.0,0.0
1 0200.227.99.172.00 2025 (115),,,KANPOKO BESTELAKO LANAK,113728.0,113728.0,0.0,78356.44,35371.56,35371.56,16526.33
1 0200.230.01.151.00 2025 (42),,,PERTSONAL ,600.0,600.0,0.0,539.52,60.48,60.48,60.48
1 0200.230.01.172.00 2025 (986),,,"PERTSONALAREN DIETAK, GARRAIOA ",35.0,35.0,0.0,35.0,0.0,0.0,0.0
1 0200.480.01.152.20 2025 (44),,,FAMILIEI. KALEKO IGOGAILUEN ,6000.0,6000.0,0.0,6000.0,0.0,0.0,0.0
1 0200.480.01.152.30 2025 (569),,,FAMILIEI,0.0,0.0,0.0,0.0,0.0,0.0,0.0
1 0200.481.01.172.00 2025 (2073),,,IRABAIZKO XEDERIK GABEKO ,9240.0,9240.0,0.0,9240.0,0.0,0.0,0.0
1 0200.481.21.152.20 2025 (845),,,DIRU-LAG.HERRIKO KOADRILA ,0.0,0.0,0.0,0.0,0.0,0.0,0.0
1 0200.600.01.172.00 2025 (2074),,,INBERTSIOAK LURRETAN,55000.0,55000.0,0.0,55000.0,0.0,0.0,0.0
1 0200.600.04.151.00 2025 (1544),,,LUR ONDARERAKO EROSKETAK,500000.0,500000.0,0.0,76500.0,423500.0,423500.0,423500.0
1 0200.601.16.172.00 2025 (987),,,"BESTE LAN BATZUK, INGURUMENA",13800.0,13800.0,0.0,6237.5,7562.5,7562.5,0.0
1 0200.625.02.151.00 2025 (3171),,,BULEGO EKIPOAK,0.0,1500.0,0.0,593.71,906.29,906.29,906.29
1 0200.643.01.172.00 2025 (2654),,,"IKERKETA,AZTERLANAK ETA ",24500.0,24500.0,0.0,24500.0,0.0,0.0,0.0
1 0200.771.05.152.20 2025 (1818),,,INDUSTRIA-AURRIAK ERAISTEA ,0.0,0.0,0.0,0.0,0.0,0.0,0.0
1 0200.780.02.152.20 2025 (45),,,FAMIL.FATXADAK/IGOGAILUAK ,150000.0,150000.0,0.0,150000.0,0.0,0.0,0.0
1 0300.120.01.153.20 2025 (46),,,OINARRIZKO ORDAINKETAK,180958.87,180958.87,0.0,108321.07,72637.8,72637.8,72637.8
1 0300.121.99.153.20 2025 (47),,,BESTE OSAGARRI BATZUK,249604.12,249604.12,0.0,118566.33,131037.79,131037.79,131037.79
1 0300.160.01.153.20 2025 (48),,,GIZARTE SEGURANTZA,124893.04,124893.04,0.0,96254.87,28638.17,28638.17,28638.17
1 0300.160.04.153.20 2025 (49),,,ELKARKIDETZAREN KUOTAK,9455.88,9455.88,0.0,5941.95,3513.93,3513.93,3513.93
1 0300.211.01.153.20 2025 (2315),,,ERAIKINAK ETA BESTELAKO ,37000.0,22000.0,0.0,22000.0,0.0,0.0,0.0
1 0300.226.01.153.20 2025 (3173),,,KANONAK,0.0,0.0,0.0,-3970.29,3970.29,3970.29,3970.29
1 0300.230.01.153.20 2025 (50),,,PERTSONAL.,400.0,400.0,0.0,335.48,64.52,64.52,64.52
1 0300.601.05.153.20 2025 (3182),,,HAUR ESKOLA BIRGAITZEA,0.0,0.0,0.0,0.0,0.0,0.0,0.0
1 0300.601.06.153.20 2025 (2649),,,E.J.TORREKUA JUBILATU ETXEA NEXT,853000.0,853000.0,0.0,325638.01,527361.99,527361.99,356305.52
1 0300.601.08.153.20 2025 (52),,,HIRI INGURUEN HOBEKUNTZA-,3809240.91,3809240.91,506954.47,2667943.78,634342.66,634342.66,453.75
1 0300.601.10.153.20 2025 (2920),,,GABILONDO ANAI-ARREBEN ,4300000.0,4300000.0,0.0,4300000.0,0.0,0.0,0.0
1 0300.601.14.153.20 2025 (54),,,LAN TXIKIAK,640000.0,640000.0,0.0,364760.69,275239.31,275239.31,4646.4
1 0300.601.20.153.20 2025 (1285),,,UDAL ERAIKUNTZETAN LANAK,350000.0,350000.0,0.0,291856.56,58143.44,58143.44,58143.44
1 0300.601.21.323.00 2025 (198),,,LAN TXIKIAK ESKOLETAN,90000.0,90000.0,0.0,32620.25,57379.75,57379.75,0.0
1 0300.601.23.153.20 2025 (55),,,ALFALTATZE-LANAK,150000.0,150000.0,0.0,150000.0,0.0,0.0,0.0
1 0300.601.37.454.00 2025 (369),,,BASERRIETAKO AZPIEGITURA,350000.0,350000.0,198700.66,133367.14,17932.2,17932.2,6134.7
1 0300.601.83.153.20 2025 (2423),,,INSTALAZ. FOTOVOLTAIKOAK UDAK ,122500.0,137500.0,126935.23,10564.77,0.0,0.0,0.0
1 0300.625.01.153.20 2025 (1548),,,ALTZARIAK,17100.0,17100.0,0.0,17100.0,0.0,0.0,0.0
1 0300.625.03.323.00 2025 (3165),,,SEGURTASUN EKIPOAK,0.0,0.0,0.0,0.0,0.0,0.0,0.0
1 0300.643.01.153.20 2025 (56),,,IKERKETA/AZTERKETA ETA ,270000.0,270000.0,0.0,211744.55,58255.45,58255.45,21308.1
1 0300.714.02.153.20 2025 (2680),,,TRENBIDEAREN TRAZATUA ,0.0,0.0,0.0,0.0,0.0,0.0,0.0
1 0400.120.01.153.40 2025 (61),,,OINARRIZKO ORDAINKETAK,127919.62,127919.62,0.0,87717.04,40202.58,40202.58,40202.58
1 0400.120.01.165.00 2025 (91),,,OINARRIZKO ORDAINKETAK,0.0,0.0,0.0,0.0,0.0,0.0,0.0
1 0400.121.99.153.40 2025 (62),,,BESTE OSAGARRI BATZUK,196254.65,196254.65,0.0,112688.53,83566.12,83566.12,83566.12
1 0400.121.99.165.00 2025 (92),,,BESTE OSAGARRI BATZUK,0.0,0.0,0.0,0.0,0.0,0.0,0.0
1 0400.130.03.153.40 2025 (63),,,ORDAINKETAK PERTSONAL LABORAL ,369478.25,369478.25,0.0,198410.61,171067.64,171067.64,171067.64
1 0400.130.03.164.00 2025 (2892),,,ORDAINKETAK PERTSONAL LABORAL ,0.0,0.0,0.0,-15521.94,15521.94,15521.94,15521.94
1 0400.130.03.165.00 2025 (580),,,ORDAINK.PERTSONAL LABORAL ,47580.24,47580.24,0.0,6280.39,41299.85,41299.85,41299.85
1 0400.130.03.171.00 2025 (102),,,ORDAINKETAK PERTSONAL LABORAL ,39737.87,39737.87,0.0,-59721.09,99458.96,99458.96,99458.96
1 0400.130.03.323.00 2025 (188),,,ORDAINKETAK PERTSONAL LABORAL ,34125.79,34125.79,0.0,2823.89,31301.9,31301.9,31301.9
1 0400.130.03.920.40 2025 (433),,,ORDAINKETAK PERTSONAL LABORAL ,50607.58,50607.58,0.0,24145.37,26462.21,26462.21,26462.21
1 0400.131.01.153.40 2025 (64),,,LABORAL EBENTUALA,505452.85,505452.85,0.0,257912.71,247540.14,247540.14,247540.14
1 0400.131.01.164.00 2025 (82),,,LABORAL EBENTUALA,133172.1,133172.1,0.0,94517.68,38654.42,38654.42,38654.42
1 0400.131.01.165.00 2025 (1541),,,LABORAL EBENTUALA,92846.76,92846.76,0.0,68552.65,24294.11,24294.11,24294.11
1 0400.131.01.171.00 2025 (103),,,LABORAL EBENTUALA,241752.11,241752.11,0.0,207187.45,34564.66,34564.66,34564.66
1 0400.131.01.323.00 2025 (643),,,LABORAL EBENTUALA,121161.54,121161.54,0.0,74644.9,46516.64,46516.64,46516.64
1 0400.131.01.920.40 2025 (811),,,LABORAL EBENTUALA,208991.73,208991.73,0.0,128664.12,80327.61,80327.61,80327.61
1 0400.160.01.153.40 2025 (65),,,GIZARTE SEGURANTZA,450527.76,450527.76,0.0,335975.94,114551.82,114551.82,114551.82
1 0400.160.01.164.00 2025 (83),,,GIZARTE SEGURANTZA,47038.46,47038.46,0.0,40996.92,6041.54,6041.54,6041.54
1 0400.160.01.165.00 2025 (94),,,GIZARTE SEGURANTZA,59763.71,59763.71,0.0,36404.4,23359.31,23359.31,23359.31
1 0400.160.01.171.00 2025 (104),,,GIZARTE SEGURANTZA,98974.3,98974.3,0.0,54793.16,44181.14,44181.14,44181.14
1 0400.160.01.323.00 2025 (189),,,GIZARTE SEGURANTZA,55180.88,55180.88,0.0,29815.57,25365.31,25365.31,25365.31
1 0400.160.01.920.40 2025 (434),,,GIZARTE SEGURANTZA,86039.53,86039.53,0.0,53362.65,32676.88,32676.88,32676.88
1 0400.160.04.153.40 2025 (66),,,ELKARKIDETZAREN KUOTAK,24114.15,24114.15,0.0,17139.87,6974.28,6974.28,6974.28
1 0400.160.04.164.00 2025 (84),,,ELKARKIDETZAREN KUOTAK,5539.04,5539.04,0.0,4980.3,558.74,558.74,558.74
1 0400.160.04.165.00 2025 (95),,,ELKARKIDETZAREN KUOTAK,3323.42,3323.42,0.0,2205.94,1117.48,1117.48,1117.48
1 0400.160.04.171.00 2025 (105),,,ELKARKIDETZAREN KUOTAK,4431.23,4431.23,0.0,3313.75,1117.48,1117.48,1117.48
1 0400.160.04.323.00 2025 (190),,,ELKARKIDETZAREN KUOTAK,5539.04,5539.04,0.0,3304.08,2234.96,2234.96,2234.96
1 0400.160.04.920.40 2025 (435),,,ELKARKIDETZAREN KUOTAK,3006.91,3006.91,0.0,1889.43,1117.48,1117.48,1117.48
1 0400.202.01.153.40 2025 (3178),,,ARRENDAMIENTOS,0.0,0.0,0.0,0.0,0.0,0.0,0.0
1 0400.210.01.153.40 2025 (67),,,AZPIEGITURA ETA ONDASUN ,190000.0,175000.0,1258.47,24314.06,149427.47,149427.47,87344.01
1 0400.210.01.164.00 2025 (2942),,,AZPIEGITURA ETA ONDASUN ,0.0,0.0,0.0,-330.61,330.61,330.61,330.61
1 0400.210.01.454.00 2025 (367),,,AZPIEGITURA ETA ONDASUN ,73500.0,73500.0,0.0,39080.77,34419.23,34419.23,2292.95
1 0400.211.01.231.50 2025 (2407),,,ERAIKINAK ETA BESTELAKO ,10000.0,10000.0,0.0,10000.0,0.0,0.0,0.0
1 0400.211.01.231.90 2025 (1776),,,ERAIKINAK ETA BESTELAKO ,50000.0,50000.0,0.0,49674.93,325.07,325.07,325.07
1 0400.211.01.323.00 2025 (191),,,ERAIKIN/BESTEL.ERAIK.,144249.0,136749.0,0.0,86646.31,50102.69,50102.69,32691.75
1 0400.211.01.333.10 2025 (226),,,ERAIKINAK ETA BESTELAKO ,50000.0,50000.0,0.0,44662.46,5337.54,5337.54,3337.54
1 0400.211.01.333.20 2025 (233),,,ERAIKINAK ETA BESTELAKO ,25000.0,25000.0,0.0,17855.12,7144.88,7144.88,3746.86
1 0400.211.01.334.50 2025 (1751),,,ERAIKINAK ETA BESTELAKO ,25000.0,25000.0,0.0,6639.54,18360.46,18360.46,7751.22
1 0400.211.01.920.40 2025 (436),,,ERAIKINAK ETA BESTELAKO ,89775.18,89775.18,0.0,16174.23,73600.95,73600.95,35404.25
1 0400.212.01.134.00 2025 (28),,,MAKINERIA/INSTALAZ/TRESNERIA. ,549105.29,503315.68,0.0,34151.72,469163.96,469163.96,155285.04
1 0400.212.01.153.40 2025 (3174),,,"MAKINARIA, INSTALAZIOAK ETA ",0.0,0.0,839.66,-1606.72,767.06,767.06,0.0
1 0400.212.01.163.00 2025 (77),,,MAKINERIA/INSTALAZ/TRESNERIA,0.0,0.0,0.0,0.0,0.0,0.0,0.0
1 0400.212.01.164.00 2025 (85),,,MAKIN/INSTALAZ/TRESNERIA.,9200.0,9200.0,0.0,7555.61,1644.39,1644.39,301.81
1 0400.212.01.165.00 2025 (96),,,MAKINERIA/INSTALAZ/TRESNERIA,90000.0,90000.0,0.0,30203.17,59796.83,59796.83,55661.88
1 0400.212.01.171.00 2025 (106),,,MAKINERIA/INSTALAZ/TRESNERIA,8500.0,8500.0,0.0,-2390.0,10890.0,10890.0,2718.03
1 0400.212.01.231.50 2025 (2408),,,"MAKINARIA,INSTALAZIOAK ETA ",8180.0,8180.0,78.27,-1384.16,9485.89,9485.89,2209.62
1 0400.212.01.323.00 2025 (192),,,"MAKINERIA, INSTALAZIOAK ETA ",68473.64,68473.64,0.0,-1676.19,70149.83,70149.83,37752.21
1 0400.212.01.333.10 2025 (787),,,"MAKINERIA, INSTALAZIOAK ETA ",13280.0,13280.0,488.33,-5182.7,17974.37,17974.37,8539.93
1 0400.212.01.333.20 2025 (993),,,"MAKINERIA, INSTALAZIOAK ETA ",24975.0,24975.0,450.77,-5899.46,30423.69,30423.69,20101.07
1 0400.212.01.334.50 2025 (1752),,,"MAKINERIA, INSTALAZAIOAK ETA ",46600.0,46600.0,900.0,17044.26,28655.74,28655.74,7122.27
1 0400.212.01.920.40 2025 (437),,,"MAKINERIA,INSTALAZIOAK ETA ",62505.0,62505.0,767.06,13638.49,48099.45,48099.45,21736.9
1 0400.213.01.153.40 2025 (68),,,GARRAIO-MATERIALA. ,25000.0,25000.0,0.0,2985.99,22014.01,22014.01,12666.19
1 0400.215.02.920.40 2025 (2448),,,INFORMAZIO-PROZEZUETARAKO ,15000.0,15000.0,0.0,15000.0,0.0,0.0,0.0
1 0400.221.01.134.00 2025 (29),,,ENERGIA ELEKTRIKOA,130000.0,130000.0,0.0,0.0,130000.0,130000.0,46764.51
1 0400.221.01.165.00 2025 (97),,,ENERGIA ELEKTRIKOA,450000.0,450000.0,0.0,28366.0,421634.0,421634.0,141372.98
1 0400.221.01.231.50 2025 (2409),,,ENERGIA ELEKTRIKOA,10000.0,10000.0,0.0,0.0,10000.0,10000.0,3449.08
1 0400.221.01.323.00 2025 (193),,,ENERGIA ELEKTRIKOA,182218.0,182218.0,0.0,-9184.77,191402.77,191402.77,55978.86
1 0400.221.01.333.10 2025 (228),,,ENERGIA ELEKTRIKOA,31212.0,31212.0,0.0,0.0,31212.0,31212.0,6482.85
1 0400.221.01.333.20 2025 (234),,,ENERGIA ELEKTRIKOA,64000.0,64000.0,0.0,0.0,64000.0,64000.0,32365.56
1 0400.221.01.334.50 2025 (1753),,,ENERGIA ELEKTRIKOA.,58500.0,58500.0,0.0,0.0,58500.0,58500.0,22772.92
1 0400.221.01.920.40 2025 (438),,,ENERGIA ELEKTRIKOA,150000.0,150000.0,0.0,-80.17,150080.17,150080.17,56275.29
1 0400.221.02.920.40 2025 (439),,,URA,78000.0,78000.0,0.0,52131.24,25868.76,25868.76,25868.76
1 0400.221.04.153.40 2025 (69),,,ERREGAI ETA KARBURANTEAK,28000.0,28000.0,0.0,-3566.49,31566.49,31566.49,5776.47
1 0400.221.04.163.00 2025 (78),,,ERREGAI ETA KARBURANTEAK,0.0,0.0,0.0,0.0,0.0,0.0,0.0
1 0400.221.04.323.00 2025 (194),,,ERREGAI ETA KARBURANTEAK,205000.0,205000.0,0.0,102900.0,102100.0,102100.0,44527.41
1 0400.221.04.333.10 2025 (229),,,ERREGAI ETA KARBURANTEAK,27181.0,27181.0,0.0,15181.0,12000.0,12000.0,9311.3
1 0400.221.04.333.20 2025 (235),,,ERREGAI ETA KARBURANTEAK,43000.0,43000.0,0.0,13000.0,30000.0,30000.0,17694.37
1 0400.221.04.920.40 2025 (440),,,ERREGAI ETA KARBURANTEAK,54500.0,54500.0,0.0,22046.25,32453.75,32453.75,17179.68
1 0400.221.05.153.40 2025 (70),,,ARROPAK,27000.0,27000.0,0.0,21135.53,5864.47,5864.47,3721.64
1 0400.221.05.164.00 2025 (86),,,ARROPAK,1500.0,1500.0,0.0,48.0,1452.0,1452.0,366.99
1 0400.221.05.171.00 2025 (432),,,ARROPAK,0.0,0.0,0.0,0.0,0.0,0.0,0.0
1 0400.221.05.323.00 2025 (195),,,ARROPAK,2000.0,2000.0,0.0,1153.0,847.0,847.0,340.8
1 0400.221.05.334.50 2025 (2406),,,ARROPAK,1000.0,1000.0,0.0,1000.0,0.0,0.0,0.0
1 0400.221.05.920.40 2025 (441),,,ARROPAK,1500.0,1500.0,0.0,1500.0,0.0,0.0,0.0
1 0400.221.09.337.10 2025 (2436),,,GARBIKETA ETA TXUKUNNETA ,500.0,500.0,0.0,0.0,500.0,500.0,497.19
1 0400.221.09.342.14 2025 (2703),,,GARBIKETA ETA TXUKUNKETA ,0.0,0.0,0.0,0.0,0.0,0.0,0.0
1 0400.221.09.920.40 2025 (442),,,GARBIKETA/TXUKUNKETA ,8500.0,8500.0,0.0,4691.42,3808.58,3808.58,3685.53
1 0400.221.96.153.30 2025 (58),,,HERRIKO MANTENIMENDU NAGUSIA,169200.0,169200.0,237.16,70047.36,98915.48,98915.48,24575.46
1 0400.221.96.442.00 2025 (365),,,MANTENIMENDUA.MARKESINAK,2500.0,2500.0,0.0,2500.0,0.0,0.0,0.0
1 0400.221.99.133.20 2025 (26),,,BESTELAK.HORNID.,16000.0,16000.0,0.0,-18803.05,34803.05,34803.05,14941.44
1 0400.221.99.171.00 2025 (107),,,BESTELAKO HORNIDURAK,76000.0,76000.0,0.0,-19352.1,95352.1,95352.1,37869.69
1 0400.221.99.323.00 2025 (2888),,,BESTELAKO HORNIDURAK,0.0,0.0,0.0,0.0,0.0,0.0,0.0
1 0400.221.99.334.50 2025 (3176),,,BESTELAKO HORNIDUNAK,0.0,0.0,0.0,-3252.48,3252.48,3252.48,0.0
1 0400.222.01.231.50 2025 (2411),,,TELEFONO BIDEZKOA,2000.0,2000.0,0.0,2000.0,0.0,0.0,0.0
1 0400.222.01.334.50 2025 (2435),,,TELEFONIKA,2000.0,2000.0,0.0,2000.0,0.0,0.0,0.0
1 0400.222.01.920.40 2025 (443),,,TELEFONO BIDEZKOAK,100000.0,100000.0,0.0,42832.4,57167.6,57167.6,22505.0
1 0400.224.01.920.40 2025 (444),,,ERAIKIN ETA LOKALENAK.ASEGURUAK,100000.0,100000.0,0.0,15255.37,84744.63,84744.63,84744.63
1 0400.224.02.153.40 2025 (71),,,IBILGAILUENAK. ASEGURUAK,7000.0,7000.0,0.0,-3500.0,10500.0,10500.0,0.0
1 0400.225.02.425.00 2025 (339),,,LURRALDE HISTORIKOKO ZERGAK,3000.0,3000.0,0.0,3000.0,0.0,0.0,0.0
1 0400.226.99.153.40 2025 (72),,,BESTE HAINBAT GASTU,18000.0,18000.0,0.0,-336.97,18336.97,18336.97,12407.97
1 0400.226.99.165.00 2025 (98),,,HAINB.GASTU.KONTROL.ERAKUND.,5000.0,5000.0,0.0,5000.0,0.0,0.0,0.0
1 0400.226.99.171.00 2025 (108),,,EZPOND.BELAR-SASTR.GARBITZ.,92029.5,101029.5,0.0,24189.65,76839.85,76839.85,5432.9
1 0400.227.01.134.00 2025 (30),,,GARBIKETA,349556.43,349556.43,0.0,123639.44,225916.99,225916.99,68677.76
1 0400.227.01.152.20 2025 (2919),,,GARBIKETA,4153.23,4153.23,0.0,419.07,3734.16,3734.16,1244.72
1 0400.227.01.153.30 2025 (59),,,GARBIKETA,80314.23,80314.23,0.0,30522.49,49791.74,49791.74,16597.4
1 0400.227.01.163.00 2025 (79),,,GARBIKETA,240545.0,240545.0,0.0,185166.53,55378.47,55378.47,38455.65
1 0400.227.01.164.00 2025 (87),,,GARBIKETA,3000.0,3000.0,0.0,1525.74,1474.26,1474.26,478.76
1 0400.227.01.231.50 2025 (2412),,,GARBIKETA,4000.0,4000.0,0.0,2859.3,1140.7,1140.7,854.5
1 0400.227.01.323.00 2025 (196),,,GARBIKETA,712703.04,712703.04,0.0,71440.14,641262.9,641262.9,202374.22
1 0400.227.01.333.20 2025 (236),,,GARBIKETA,284451.35,284451.35,0.0,28701.26,255750.09,255750.09,74143.56
1 0400.227.01.334.50 2025 (1754),,,GARBIKETA,28000.0,28000.0,0.0,25509.34,2490.66,2490.66,2419.17
1 0400.227.01.337.20 2025 (2687),,,GARBIKETA,40998.67,40998.67,0.0,40998.67,0.0,0.0,0.0
1 0400.227.01.442.00 2025 (366),,,GARBIKETA. MARKESINAK,12834.0,12834.0,0.0,12834.0,0.0,0.0,0.0
1 0400.227.01.920.40 2025 (445),,,GARBIKETA,88429.82,88429.82,0.0,14756.23,73673.59,73673.59,18013.68
1 0400.227.07.920.40 2025 (2885),,,AZTERKETAK ETA LAN TEKNIKOAK,0.0,0.0,0.0,0.0,0.0,0.0,0.0
1 0400.227.99.133.20 2025 (27),,,KANPOKO BESTELAKO LANAK,102190.2,102190.2,0.0,30612.4,71577.8,71577.8,23768.0
1 0400.227.99.153.40 2025 (248),,,KANPOKO BESTELAKO LANAK,15000.0,15000.0,0.0,10402.0,4598.0,4598.0,1277.54
1 0400.227.99.171.00 2025 (2072),,,KANPOKO BESTELAKO LANAK,0.0,0.0,0.0,0.0,0.0,0.0,0.0
1 0400.227.99.311.70 2025 (187),,,KANP.BEST.LANAK.ARRATOIG/NEURRI ,42680.0,42680.0,0.0,19025.6,23654.4,23654.4,6270.0
1 0400.230.01.153.40 2025 (73),,,PERTSONAL.,600.0,600.0,0.0,600.0,0.0,0.0,0.0
1 0400.230.01.164.00 2025 (88),,,PERTSONAL.,100.0,100.0,0.0,95.94,4.06,4.06,4.06
1 0400.230.01.165.00 2025 (99),,,PERTSONAL.,100.0,100.0,0.0,100.0,0.0,0.0,0.0
1 0400.230.01.171.00 2025 (109),,,PERSONAL.,200.0,200.0,0.0,139.08,60.92,60.92,60.92
1 0400.230.01.323.00 2025 (197),,,PERTSONAL.,120.0,120.0,0.0,120.0,0.0,0.0,0.0
1 0400.230.01.920.40 2025 (446),,,PERTSONAL.,100.0,100.0,0.0,100.0,0.0,0.0,0.0
1 0400.421.01.163.00 2025 (80),,,MANKOMUNITATE,2159307.32,2159307.32,0.0,38086.04,2121221.28,2121221.28,1060610.64
1 0400.422.01.454.00 2025 (368),,,DEBEMEN,54752.34,54752.34,0.0,13118.95,41633.39,41633.39,41633.39
1 0400.601.08.134.00 2025 (3167),,,MAKINARIA.INSTALAZ ETA TRESNERIA.,0.0,45789.61,0.0,0.0,45789.61,45789.61,0.0
1 0400.601.11.171.00 2025 (110),,,ITURRIAK ETA LORATEGIAK HOBETZEA,40000.0,40000.0,0.0,40000.0,0.0,0.0,0.0
1 0400.601.14.342.12 2025 (2652),,,LAN TXIKIAK,0.0,0.0,0.0,0.0,0.0,0.0,0.0
1 0400.601.14.920.40 2025 (1002),,,LAN TXIKIAK,155000.0,155000.0,0.0,155000.0,0.0,0.0,0.0
1 0400.601.33.164.00 2025 (428),,,HILERRIAN HOBEKUNTZAREN LANAK,50000.0,50000.0,0.0,38806.05,11193.95,11193.95,0.0
1 0400.623.01.153.40 2025 (75),,,MAKINERIA,30000.0,30000.0,0.0,25173.31,4826.69,4826.69,4348.74
1 0400.623.01.171.00 2025 (111),,,MAKINERIA,25000.0,25000.0,0.0,8231.72,16768.28,16768.28,16768.28
1 0400.623.02.165.00 2025 (100),,,ARGITERIA PUBLIKOKO INSTALAZIO ,0.0,0.0,0.0,0.0,0.0,0.0,0.0
1 0400.623.02.323.00 2025 (3169),,,INSTALAZIOAK,0.0,6000.0,0.0,1362.64,4637.36,4637.36,4637.36
1 0400.623.02.334.50 2025 (2887),,,ERREBALGO INSTALAZIOAK,15000.0,15000.0,0.0,3027.05,11972.95,11972.95,11972.95
1 0400.623.03.153.40 2025 (2682),,,BARNE GARRRAIORAKO ELEMENTUAK,70000.0,70000.0,0.0,70000.0,0.0,0.0,0.0
1 0400.625.01.153.40 2025 (3170),,,ALTZARIAK,0.0,6000.0,0.0,482.55,5517.45,5517.45,0.0
1 0400.625.02.323.00 2025 (3168),,,ALTZARIAK,0.0,1500.0,0.0,249.48,1250.52,1250.52,0.0
1 0400.625.08.334.50 2025 (2310),,,ETXETRESNA ELEKTRIKOA,2000.0,2000.0,0.0,2000.0,0.0,0.0,0.0
1 0400.625.08.920.40 2025 (2314),,,ELEKTRODOMESTIKOAK,1500.0,1500.0,0.0,628.44,871.56,871.56,0.0
1 0400.629.01.165.00 2025 (101),,,ARGIT.PUBL.ENERG.AURREZT.NEURR.,100000.0,100000.0,0.0,100000.0,0.0,0.0,0.0
1 0400.629.03.153.30 2025 (60),,,HIRI-ALTZARITZA,80000.0,80000.0,0.0,80000.0,0.0,0.0,0.0
1 0400.629.03.442.00 2025 (2930),,,HIRI-ALTZARIA,10000.0,10000.0,0.0,10000.0,0.0,0.0,0.0
1 0400.643.01.153.30 2025 (2681),,,"IKERKETA,AZTERLANAK ETA ",10000.0,10000.0,0.0,10000.0,0.0,0.0,0.0
1 0400.643.01.920.40 2025 (2707),,,"IKERKETA,AZTERLANAK ETA ",30000.0,30000.0,0.0,30000.0,0.0,0.0,0.0
1 0400.721.01.163.00 2025 (2424),,,MANKOMUNITATEA,25980.37,25980.37,0.0,25980.37,0.0,0.0,0.0
1 0500.120.01.230.10 2025 (119),,,OINARRIZKO ORDAINKETAK,260262.63,260262.63,0.0,139399.29,120863.34,120863.34,120863.34
1 0500.120.01.231.10 2025 (1051),,,OINARRIZKO ORDAINKETAK,15832.62,15832.62,0.0,5302.55,10530.07,10530.07,10530.07
1 0500.120.01.231.50 2025 (156),,,OINARRIZKO ORDAINKETAK,97024.21,97024.21,0.0,64604.81,32419.4,32419.4,32419.4
1 0500.120.01.231.70 2025 (168),,,OINARRIZKO ORDAINKETAK,14133.76,14133.76,0.0,8303.04,5830.72,5830.72,5830.72
1 0500.120.01.231.80 2025 (175),,,OINARRIZKO ORDAINKETAK,24170.59,24170.59,0.0,8478.33,15692.26,15692.26,15692.26
1 0500.121.99.230.10 2025 (120),,,BESTE OSAGARRI BATZUK,303242.27,303242.27,0.0,107146.49,196095.78,196095.78,196095.78
1 0500.121.99.231.10 2025 (1052),,,BESTE OSAGARRI BATZUK,20423.77,20423.77,0.0,2086.52,18337.25,18337.25,18337.25
1 0500.121.99.231.50 2025 (157),,,BESTE OSAGARRI BATZUK,103072.3,103072.3,0.0,56875.6,46196.7,46196.7,46196.7
1 0500.121.99.231.70 2025 (169),,,BESTE OSAGARRI BATZUK,17141.03,17141.03,0.0,8305.73,8835.3,8835.3,8835.3
1 0500.121.99.231.80 2025 (176),,,BESTE OSAGARRI BATZUK,24715.62,24715.62,0.0,-733.33,25448.95,25448.95,25448.95
1 0500.130.03.231.10 2025 (140),,,ORDAINKETAK PERTSONAL LABORAL ,95350.24,95350.24,0.0,39459.63,55890.61,55890.61,55890.61
1 0500.130.03.231.50 2025 (2685),,,LABORAL FIJOA,0.0,0.0,0.0,0.0,0.0,0.0,0.0
1 0500.131.01.231.10 2025 (141),,,LABORAL EBENTUALA,0.0,0.0,0.0,0.0,0.0,0.0,0.0
1 0500.160.01.230.10 2025 (122),,,GIZARTE SEGURANTZA,155691.72,155691.72,0.0,87020.94,68670.78,68670.78,68670.78
1 0500.160.01.231.10 2025 (142),,,GIZARTE SEGURANTZA,47670.85,47670.85,0.0,33266.38,14404.47,14404.47,14404.47
1 0500.160.01.231.50 2025 (158),,,GIZARTE SEGURANTZA,58626.14,58626.14,0.0,36494.53,22131.61,22131.61,22131.61
1 0500.160.01.231.70 2025 (170),,,GIZARTE SEGURANTZA,7433.82,7433.82,0.0,3919.92,3513.9,3513.9,3513.9
1 0500.160.01.231.80 2025 (177),,,GIZARTE SEGURANTZA,13868.25,13868.25,0.0,2411.01,11457.24,11457.24,11457.24
1 0500.160.04.230.10 2025 (123),,,ELKARKIDETZAREN KUOTAK,18669.43,18669.43,0.0,12847.97,5821.46,5821.46,5821.46
1 0500.160.04.231.10 2025 (143),,,ELKARKIDETZAREN KUOTAK,5446.35,5446.35,0.0,3514.14,1932.21,1932.21,1932.21
1 0500.160.04.231.50 2025 (159),,,ELKARKIDETZAREN KUOTAK,4846.11,4846.11,0.0,3470.32,1375.79,1375.79,1375.79
1 0500.160.04.231.70 2025 (171),,,ELKARKIDETZAREN KUOTAK,807.68,807.68,0.0,400.35,407.33,407.33,407.33
1 0500.160.04.231.80 2025 (2922),,,ELKARKIDETZAREN KUOTAK,1615.37,1615.37,0.0,1615.37,0.0,0.0,0.0
1 0500.201.01.231.40 2025 (150),,,ERAIKINAK ETA BESTELAKO ,25000.0,25000.0,0.0,16288.0,8712.0,8712.0,6716.94
1 0500.201.01.337.10 2025 (310),,,ERAIKINAK ETA BESTELAKO ,3800.0,3800.0,0.0,-15344.28,19144.28,19144.28,8289.78
1 0500.211.01.231.40 2025 (151),,,ERAIKINAK ETA BESTELAKO ,5000.0,5000.0,0.0,4762.05,237.95,237.95,0.0
1 0500.211.01.337.10 2025 (311),,,ERAIKINAK ETA BESTELAKO ,45000.0,45000.0,0.0,22822.29,22177.71,22177.71,7267.19
1 0500.212.01.337.10 2025 (3179),,,"MAKINERIA, INSTALAZIOAK ETA ",0.0,0.0,0.0,0.0,0.0,0.0,0.0
1 0500.221.01.231.40 2025 (152),,,ENERGIA ELEKTRIKOA,5000.0,5000.0,0.0,-358.31,5358.31,5358.31,5358.31
1 0500.221.01.337.10 2025 (312),,,ENERGIA ELEKTRIKOA,30000.0,30000.0,0.0,17545.26,12454.74,12454.74,12454.74
1 0500.221.04.231.40 2025 (153),,,ERREGAI ETA KARBURANTEAK,500.0,500.0,0.0,421.26,78.74,78.74,78.74
1 0500.221.04.337.10 2025 (313),,,ERREGAI ETA KARBURANTEAK,20000.0,20000.0,0.0,8000.0,12000.0,12000.0,8515.16
1 0500.221.05.231.10 2025 (144),,,ARROPAK,500.0,500.0,0.0,500.0,0.0,0.0,0.0
1 0500.221.90.231.50 2025 (1739),,,BESTE HAINBAT GASTU.ANDREETXE ,0.0,0.0,0.0,0.0,0.0,0.0,0.0
1 0500.221.99.231.40 2025 (2684),,,BESTELAKO HORNIDURAK,0.0,0.0,0.0,0.0,0.0,0.0,0.0
1 0500.221.99.231.50 2025 (160),,,BESTELAKO HORNIDURAK,3000.0,3000.0,0.0,-7109.39,10109.39,10109.39,5032.45
1 0500.226.04.230.10 2025 (37),,,JURIDIKOAK,500.0,500.0,0.0,500.0,0.0,0.0,0.0
1 0500.226.04.337.10 2025 (1760),,,JURIDIKOAK,1500.0,1500.0,0.0,-450.0,1950.0,1950.0,129.99
1 0500.226.54.230.10 2025 (2027),,,"COVID-19 EZOHIKO FUNTSA, NEGUKO ",36300.0,36300.0,0.0,36300.0,0.0,0.0,0.0
1 0500.226.58.230.10 2025 (124),,,BESTE HAINBAT GASTU. ,5060.0,5060.0,0.0,3560.0,1500.0,1500.0,0.0
1 0500.226.64.231.60 2025 (165),,,ESKU-HARTZ.OROK.GIZART.ZAILT.,139757.6,139757.6,0.0,51602.16,88155.44,88155.44,37695.27
1 0500.226.69.230.10 2025 (126),,,USTEGABEKO GASTUAK,10000.0,10000.0,0.0,9802.0,198.0,198.0,198.0
1 0500.226.96.337.10 2025 (1761),,,B.GASTUAK.ADINEKO PERTS.DIAG.ETA ,125000.0,125000.0,9600.0,24273.1,91126.9,91126.9,50324.43
1 0500.226.99.230.11 2025 (1734),,,BESTE HAINBAT GASTU,5000.0,5000.0,0.0,5000.0,0.0,0.0,0.0
1 0500.226.99.230.20 2025 (1737),,,BESTE HAINBAT GASTU,3000.0,3000.0,0.0,3000.0,0.0,0.0,0.0
1 0500.226.99.231.50 2025 (161),,,BESTE HAINBAT GASTU,136000.0,136000.0,0.0,60410.4,75589.6,75589.6,51053.61
1 0500.226.99.231.60 2025 (1219),,,BESTE HAINBAT GASTU,50000.0,50000.0,0.0,48807.94,1192.06,1192.06,539.97
1 0500.226.99.231.70 2025 (172),,,BESTE HAINBAT GASTU,35000.0,35000.0,0.0,9654.15,25345.85,25345.85,9187.85
1 0500.226.99.231.80 2025 (178),,,BESTE HAINBAT GASTU,68600.0,68600.0,0.0,8206.38,60393.62,60393.62,19185.28
1 0500.226.99.337.10 2025 (1762),,,BESTE HAINBAT GASTU LAGUNTZA ,3000.0,3000.0,0.0,0.0,3000.0,3000.0,0.0
1 0500.227.01.231.40 2025 (154),,,GARBIKETA,5000.0,5000.0,0.0,5000.0,0.0,0.0,0.0
1 0500.227.01.231.90 2025 (2079),,,GARBIKETA,1889.45,1889.45,0.0,190.65,1698.8,1698.8,566.28
1 0500.227.04.231.60 2025 (166),,,KONTR.SOZIOKULTUR.INGURUG.,465000.0,465000.0,0.0,89161.84,375838.16,375838.16,172623.2
1 0500.227.07.230.10 2025 (2683),,,AZTERKETA ETA LAN TEKNIKOAK,19000.0,19000.0,0.0,898.4,18101.6,18101.6,0.0
1 0500.227.07.231.50 2025 (572),,,AZTERKETA ETA LAN TEKNIKOAK,10000.0,10000.0,0.0,1530.0,8470.0,8470.0,0.0
1 0500.227.90.231.10 2025 (145),,,KANPOKO LANAK,1322496.0,1322496.0,0.0,668748.0,653748.0,653748.0,280462.05
1 0500.227.90.231.50 2025 (2429),,,KANPOKO LANAK,6000.0,6000.0,0.0,6000.0,0.0,0.0,0.0
1 0500.227.99.230.10 2025 (130),,,KANPOKO BESTELAKO LANAK,515.0,515.0,0.0,515.0,0.0,0.0,0.0
1 0500.227.99.230.11 2025 (2076),,,KANPOKO BESTELAKO LANAK,5000.0,5000.0,0.0,5000.0,0.0,0.0,0.0
1 0500.227.99.230.20 2025 (136),,,KANPOKO BESTELAKO LANAK,6497.7,6497.7,0.0,0.0,6497.7,0.0,0.0
1 0500.227.99.231.50 2025 (162),,,KANPOKO BESTELAKO LANAK,412.0,412.0,0.0,412.0,0.0,0.0,0.0
1 0500.230.01.230.10 2025 (131),,,PERTSONAL.,800.0,800.0,0.0,675.72,124.28,124.28,124.28
1 0500.230.01.231.10 2025 (146),,,PERTSONAL.,100.0,100.0,0.0,51.99,48.01,48.01,48.01
1 0500.230.01.231.50 2025 (163),,,PERTSONAL.,70.0,70.0,0.0,-34.69,104.69,104.69,104.69
1 0500.230.01.231.70 2025 (173),,,PERTSONAL.,35.0,35.0,0.0,35.0,0.0,0.0,0.0
1 0500.230.01.231.80 2025 (179),,,PERTSONAL ,35.0,35.0,0.0,-166.39,201.39,201.39,201.39
1 0500.422.03.230.11 2025 (1736),,,TRANSFERTZ.GIPUZKOAKO BESTE ,15000.0,15000.0,0.0,15000.0,0.0,0.0,0.0
1 0500.431.03.231.90 2025 (2080),,,SAN ANDRES EGOITZA ERAKUNDE ,30000.0,30000.0,0.0,30000.0,0.0,0.0,0.0
1 0500.480.01.230.20 2025 (137),,,FAMILIEI.ELKARTASUN BEKAK,3000.0,3000.0,3000.0,0.0,0.0,0.0,0.0
1 0500.480.02.231.60 2025 (587),,,FAMIL.GIZARTE BARNERATZE ,1000.0,1000.0,1000.0,0.0,0.0,0.0,0.0
1 0500.480.03.231.30 2025 (148),,,FAMILIEI.G.L.L.,600000.0,600000.0,0.0,0.0,600000.0,549890.31,329114.4
1 0500.480.04.231.70 2025 (174),,,FAMILIEI. DROGAMENPEKOTASUNA,2500.0,2500.0,0.0,0.0,2500.0,0.0,0.0
1 0500.480.06.230.10 2025 (2425),,,"FAMILIEI,DIRULAGUNTZA BEREZIAK",20000.0,20000.0,0.0,20000.0,0.0,0.0,0.0
1 0500.480.14.231.30 2025 (1820),,,A FAMILIAS. LAGUNTZAK IKASKEEI ,0.0,0.0,0.0,0.0,0.0,0.0,0.0
1 0500.480.16.231.30 2025 (149),,,BALIAB.EKONOM.GUTXIK.,0.0,0.0,0.0,0.0,0.0,0.0,0.0
1 0500.480.19.231.30 2025 (571),,,RGI LAG.DUTEN FAMIL.HAURR.EKINT.,30000.0,30000.0,0.0,30000.0,0.0,0.0,0.0
1 0500.481.01.230.10 2025 (133),,,IRABAZIZKO XEDERIK GABEKO ,42000.0,42000.0,0.0,2000.0,40000.0,0.0,0.0
1 0500.481.01.231.50 2025 (164),,,IRABAZIZKO XEDERIK GABEKO ,12210.0,12210.0,0.0,12210.0,0.0,0.0,0.0
1 0500.481.07.337.10 2025 (314),,,INSTITUZIOEI. NAGUSIEN ETXEAK,95000.0,95000.0,0.0,87600.23,7399.77,7399.77,7399.77
1 0500.481.08.230.20 2025 (138),,,GARAPENERAKO NAZIOARTEKO ,399077.04,399077.04,399077.04,0.0,0.0,0.0,0.0
1 0500.481.14.230.20 2025 (1738),,,ENTITATEI TRANSFERENTZIA.EIBAR-,4400.0,4400.0,4400.0,0.0,0.0,0.0,0.0
1 0500.481.24.230.20 2025 (2077),,,HONDAMENDI NATURALETARAKO ,6000.0,6000.0,0.0,6000.0,0.0,0.0,0.0
1 0500.481.29.230.20 2025 (139),,,ERAKUND.TRANSF.SENTSIBILIZAZIO ,25000.0,25000.0,25000.0,0.0,0.0,0.0,0.0
1 0500.481.30.230.10 2025 (990),,,GURUTZE GORRIARI TRANSFER. ,45000.0,45000.0,45000.0,0.0,0.0,0.0,0.0
1 0500.625.01.230.10 2025 (2937),,,ALTZARIAK,14310.0,14310.0,0.0,14310.0,0.0,0.0,0.0
1 0500.625.01.231.40 2025 (2921),,,ALTZARIAK,8000.0,8000.0,0.0,8000.0,0.0,0.0,0.0
1 0500.625.01.231.50 2025 (2650),,,ALTZARIAK,3000.0,3000.0,0.0,3000.0,0.0,0.0,0.0
1 0500.625.01.337.10 2025 (2437),,,ALTZARIAK,0.0,0.0,0.0,0.0,0.0,0.0,0.0
1 0500.625.08.231.40 2025 (2427),,,ELEKTRODOMESTIKOAK,700.0,700.0,0.0,700.0,0.0,0.0,0.0
1 0500.626.01.231.60 2025 (2886),,,INFORMAZIO-PROZESUETARAKO ,0.0,0.0,0.0,0.0,0.0,0.0,0.0
1 0600.226.99.324.10 2025 (199),,,BESTE HAINBAT GASTU,60000.0,60000.0,0.0,-19901.76,79901.76,79901.76,56816.54
1 0600.227.99.324.10 2025 (200),,,KANPOKO BESTELAKO LANAK,641157.52,641157.52,0.0,55373.86,585783.66,585783.66,247087.52
1 0600.481.23.326.20 2025 (202),,,IRABAZIZKO XEDERIK GABEKO ,0.0,0.0,0.0,0.0,0.0,0.0,0.0
1 0700.120.01.326.10 2025 (1531),,,OINARRIZKO ORDAINKETAK,29663.05,29663.05,0.0,21027.99,8635.06,8635.06,8635.06
1 0700.120.01.330.00 2025 (203),,,OINARRIZKO ORDAINKETAK,79768.06,79768.06,0.0,35457.11,44310.95,44310.95,44310.95
1 0700.120.01.332.10 2025 (211),,,OINARRIZKO ORDAINKETAK,100948.92,100948.92,0.0,60413.64,40535.28,40535.28,40535.28
1 0700.120.01.333.30 2025 (237),,,OINARRIZKO ORDAINKETAK,45833.18,45833.18,0.0,29206.91,16626.27,16626.27,16626.27
1 0700.120.01.334.30 2025 (265),,,OINARRIZKO ORDAINKETAK,17192.39,17192.39,0.0,-5889.0,23081.39,23081.39,23081.39
1 0700.120.01.337.20 2025 (2438),,,OINARRIZKO ORDAINKETAK,42078.41,42078.41,0.0,42078.41,0.0,0.0,0.0
1 0700.121.99.326.10 2025 (1532),,,BESTE OSAGARRI BATZUK,5148.06,5148.06,0.0,-8015.41,13163.47,13163.47,13163.47
1 0700.121.99.330.00 2025 (204),,,BESTE OSAGARRI BATZUK,110727.7,110727.7,0.0,24217.12,86510.58,86510.58,86510.58
1 0700.121.99.332.10 2025 (212),,,BESTE OSAGARRI BATZUK,143222.08,143222.08,0.0,65864.82,77357.26,77357.26,77357.26
1 0700.121.99.333.30 2025 (238),,,BESTE OSAGARRI BATZUK,60287.8,60287.8,0.0,31489.12,28798.68,28798.68,28798.68
1 0700.121.99.334.30 2025 (266),,,BESTE OSAGARRI BATZUK,20735.18,20735.18,0.0,-17342.62,38077.8,38077.8,38077.8
1 0700.121.99.337.20 2025 (2439),,,BESTE OSAGARRI BATZUK,6939.25,6939.25,0.0,6939.25,0.0,0.0,0.0
1 0700.130.03.326.10 2025 (1533),,,ORDAINKETAK PERSONAL LABORAL ,175368.51,175368.51,0.0,62419.79,112948.72,112948.72,112948.72
1 0700.130.03.334.30 2025 (267),,,ORDAINKETAK PERTSONAL LABORAL ,41676.11,41676.11,0.0,41676.11,0.0,0.0,0.0
1 0700.131.01.326.10 2025 (1534),,,LABORAL EBENTUALA,268473.78,268473.78,0.0,170126.91,98346.87,98346.87,98346.87
1 0700.131.01.334.30 2025 (268),,,LABORAL EBENTUALA,72664.17,72664.17,0.0,55003.8,17660.37,17660.37,17660.37
1 0700.131.01.334.50 2025 (2091),,,LABORAL EBENTUAL,32801.48,32801.48,0.0,32801.48,0.0,0.0,0.0
1 0700.131.01.920.11 2025 (2033),,,LABORAL EBENTUALA,0.0,0.0,0.0,-22517.22,22517.22,22517.22,22517.22
1 0700.160.01.326.10 2025 (1535),,,GIZARTE SEGURANTZA,171214.35,171214.35,0.0,96772.27,74442.08,74442.08,74442.08
1 0700.160.01.330.00 2025 (205),,,GIZARTE SEGURANTZA,52155.65,52155.65,0.0,19315.37,32840.28,32840.28,32840.28
1 0700.160.01.332.10 2025 (214),,,GIZARTE SEGURANTZA,76854.69,76854.69,0.0,42600.23,34254.46,34254.46,34254.46
1 0700.160.01.333.30 2025 (239),,,GIZARTE SEGURANTZA,33675.26,33675.26,0.0,20297.63,13377.63,13377.63,13377.63
1 0700.160.01.334.30 2025 (269),,,GIZARTE SEGURANTZA,49273.77,49273.77,0.0,25514.87,23758.9,23758.9,23758.9
1 0700.160.01.334.50 2025 (2093),,,GIZARTE SEGURANTZA,11222.69,11222.69,0.0,11222.69,0.0,0.0,0.0
1 0700.160.01.337.20 2025 (2440),,,GIZARTE SEGURANTZA,12735.47,12735.47,0.0,12735.47,0.0,0.0,0.0
1 0700.160.01.920.11 2025 (2031),,,GIZARTE SEGURANTZA,0.0,0.0,0.0,-586.51,586.51,586.51,586.51
1 0700.160.04.326.10 2025 (1536),,,ELKARKIDETZA,32555.93,32555.93,0.0,28936.79,3619.14,3619.14,3619.14
1 0700.160.04.330.00 2025 (206),,,ELKARKIDETZAREN KUOTAK,5189.46,5189.46,0.0,2478.99,2710.47,2710.47,2710.47
1 0700.160.04.332.10 2025 (215),,,ELKARKIDETZAREN KUOTAK,6864.5,6864.5,0.0,5078.52,1785.98,1785.98,1785.98
1 0700.160.04.333.30 2025 (240),,,ELKARKIDETZAREN KUOTAK,2940.83,2940.83,0.0,1613.35,1327.48,1327.48,1327.48
1 0700.160.04.334.30 2025 (270),,,ELKARKIDETZAREN KUOTAK,1107.81,1107.81,0.0,283.56,824.25,824.25,824.25
1 0700.160.04.334.50 2025 (2092),,,ELKARKIDETZA,1107.81,1107.81,0.0,1107.81,0.0,0.0,0.0
1 0700.160.04.337.20 2025 (2441),,,ELKARKIDETZA,1325.46,1325.46,0.0,1325.46,0.0,0.0,0.0
1 0700.160.04.920.11 2025 (2032),,,ELKARKIDETZA,0.0,0.0,0.0,-558.74,558.74,558.74,558.74
1 0700.201.01.337.20 2025 (315),,,ERAIKINAK ETA BESTELAKO ,2000.0,2000.0,0.0,2000.0,0.0,0.0,0.0
1 0700.202.01.334.40 2025 (279),,,"MAKINERIA,INSTALAZIOAK ETA ",1500.0,1500.0,0.0,1129.58,370.42,370.42,370.42
1 0700.202.01.338.00 2025 (2918),,,MAKINARIA.INSTALAZ.TRESNERIA. ,0.0,0.0,0.0,-109762.98,109762.98,109762.98,32348.8
1 0700.212.01.332.10 2025 (216),,,"MAKINERIA, INSTALAZIOAK ETA ",4750.0,4750.0,0.0,104.86,4645.14,4645.14,4645.14
1 0700.212.01.337.20 2025 (316),,,"MAKINERIA,INSTALAZIOAK ETA ",721.0,721.0,0.0,721.0,0.0,0.0,0.0
1 0700.215.02.326.10 2025 (2312),,,INFORMATIKA APLIKAZIOA,4000.0,4000.0,0.0,4000.0,0.0,0.0,0.0
1 0700.215.02.333.10 2025 (227),,,INFORMATIKA APLIKAZIOEN ,10000.0,10000.0,0.0,0.0,10000.0,10000.0,1369.59
1 0700.215.02.334.50 2025 (1755),,,INFORMATIKA APLIKAZIOA ,0.0,0.0,0.0,0.0,0.0,0.0,0.0
1 0700.219.01.333.30 2025 (241),,,BESTELAKO MANTENIMENDUAK,6000.0,6000.0,0.0,5059.25,940.75,940.75,940.75
1 0700.220.01.333.30 2025 (242),,,MATERIAL ARRUNT EZ-,8000.0,8000.0,0.0,4467.5,3532.5,3532.5,2806.49
1 0700.220.02.332.10 2025 (217),,,PRENTS/ALDIZK/LIBURUAK/BEST.,30000.0,30000.0,0.0,-1559.25,31559.25,31559.25,14770.75
1 0700.221.09.333.10 2025 (230),,,GARBIKETA ETA TXUKUNKETA ,2000.0,2000.0,0.0,1257.25,742.75,742.75,742.75
1 0700.221.91.326.10 2025 (1825),,,COVID-19 MATERIALA,0.0,0.0,0.0,0.0,0.0,0.0,0.0
1 0700.221.91.333.10 2025 (1824),,,COVID-19 MATERIALA,0.0,0.0,0.0,0.0,0.0,0.0,0.0
1 0700.221.91.334.50 2025 (1826),,,BESTELAKO HORNIDURAK COVID-19,0.0,0.0,0.0,0.0,0.0,0.0,0.0
1 0700.221.99.326.10 2025 (1741),,,BESTELAKO HORNIDURAK,6000.0,6000.0,0.0,3149.11,2850.89,2850.89,2587.88
1 0700.221.99.332.10 2025 (218),,,BESTELAKO HORNIDURAK,7200.0,7200.0,0.0,1258.38,5941.62,5941.62,1665.5
1 0700.221.99.333.10 2025 (231),,,BESTELAKO HORNIDURAK,5000.0,5000.0,0.0,4384.33,615.67,615.67,615.67
1 0700.221.99.334.30 2025 (271),,,BESTELAKO HORNIDURAK,11000.0,11000.0,0.0,7665.52,3334.48,3334.48,3265.97
1 0700.221.99.334.50 2025 (1757),,,BESTELAKO HORNIDURAK,5000.0,5000.0,0.0,5000.0,0.0,0.0,0.0
1 0700.221.99.338.00 2025 (324),,,BESTELAKO HORNIDURAK,108000.0,108000.0,713.9,87666.14,19619.96,19619.96,8026.48
1 0700.224.99.326.10 2025 (1742),,,BESTELAKO ARRISKUAK,4000.0,4000.0,0.0,4000.0,0.0,0.0,0.0
1 0700.224.99.334.30 2025 (272),,,BESTELAKO ARRISKUAK,3090.0,3090.0,0.0,3090.0,0.0,0.0,0.0
1 0700.226.01.326.10 2025 (1743),,,KANONAK,810.0,810.0,0.0,810.0,0.0,0.0,0.0
1 0700.226.01.332.10 2025 (1748),,,KANONAK,450.0,450.0,0.0,450.0,0.0,0.0,0.0
1 0700.226.01.334.10 2025 (249),,,KANONAK,4000.0,4000.0,0.0,500.0,3500.0,3500.0,1478.48
1 0700.226.01.334.21 2025 (256),,,KANONAK,6500.0,6500.0,0.0,2580.0,3920.0,3920.0,162.14
1 0700.226.01.334.22 2025 (261),,,KANONAK,8000.0,8000.0,0.0,-1608.82,9608.82,9608.82,7273.84
1 0700.226.01.334.40 2025 (280),,,KANONAK,3000.0,3000.0,0.0,580.0,2420.0,2420.0,456.2
1 0700.226.01.338.00 2025 (325),,,KANOKAK,19800.0,19800.0,0.0,2860.0,16940.0,16940.0,889.34
1 0700.226.02.326.10 2025 (1744),,,PROTOKOLO ETA ORDEZKARITZA ,500.0,500.0,0.0,500.0,0.0,0.0,0.0
1 0700.226.02.332.10 2025 (219),,,PROTOKOLO ETA ORDEZKARITZA ,400.0,400.0,0.0,400.0,0.0,0.0,0.0
1 0700.226.02.334.22 2025 (1293),,,PROTOKOLO ETA ORDEZKARTIZA ,2600.0,2600.0,1294.26,-727.56,2033.3,2033.3,1258.29
1 0700.226.02.338.00 2025 (326),,,PROTOKOLO ETA ORDEZKARITZA ,6300.0,6300.0,0.0,180.17,6119.83,6119.83,4653.34
1 0700.226.03.330.00 2025 (208),,,ARGITALPENAK/PUBLIZITATEA/PROPA,50000.0,50000.0,0.0,11017.83,38982.17,38982.17,27737.62
1 0700.226.03.332.10 2025 (220),,,ARGITALPENAK/PUBLIZITATEA/PROPA,400.0,400.0,0.0,206.4,193.6,193.6,193.6
1 0700.226.03.333.30 2025 (243),,,ARGITALPENAK/PUBLIZITATEA ETA ,3000.0,3000.0,0.0,888.55,2111.45,2111.45,2111.45
1 0700.226.03.334.10 2025 (250),,,ARGITALPENAK/PUBLIZITATEA ETA ,6000.0,6000.0,0.0,254.93,5745.07,5745.07,1683.59
1 0700.226.03.334.21 2025 (257),,,ARGITALPENAK/PUBLIZITATEA ETA ,3800.0,3800.0,0.0,3182.9,617.1,617.1,617.1
1 0700.226.03.334.22 2025 (262),,,ARGITALPENAK/PUBLIZITATEA ETA ,22600.0,22600.0,0.0,3264.61,19335.39,19335.39,19127.39
1 0700.226.03.334.30 2025 (273),,,ARGITALPENAK/PUBLIZITATEA ETA ,4000.0,4000.0,0.0,273.2,3726.8,3726.8,1911.8
1 0700.226.03.334.40 2025 (281),,,"ARGITALPENAK,PUBLIZITATEA ETA ",6000.0,6000.0,0.0,5558.0,442.0,442.0,442.0
1 0700.226.03.338.00 2025 (327),,,ARGITALPENAK/PUBLIZITATEA ETA ,11857.5,11857.5,0.0,7494.24,4363.26,4363.26,2908.84
1 0700.226.05.332.10 2025 (221),,,BILERA ETA HITZALDIAK,3000.0,3000.0,0.0,1560.0,1440.0,1440.0,720.0
1 0700.226.05.333.30 2025 (244),,,BILERA ETA HITZALDIAK,1000.0,1000.0,0.0,1000.0,0.0,0.0,0.0
1 0700.226.05.334.30 2025 (274),,,BILERA ETA HITZALDIAK,10600.0,10600.0,0.0,6181.42,4418.58,4418.58,3197.7
1 0700.226.06.334.10 2025 (2433),,,JARDUERA SOCIOKULTURALAK,20000.0,20000.0,0.0,20000.0,0.0,0.0,0.0
1 0700.226.06.334.30 2025 (275),,,JARDUERA SOZIOKULTURALAK,20000.0,20000.0,314.6,18835.4,850.0,850.0,850.0
1 0700.226.06.337.20 2025 (317),,,JARDUERA SOZIOKULTURALAK,66150.0,66150.0,11220.0,33061.32,21868.68,21868.68,17644.98
1 0700.226.06.338.00 2025 (328),,,JARDUERA SOZIOKULTURALAK,139500.0,139500.0,832.37,90464.73,48202.9,48202.9,29979.44
1 0700.226.81.337.20 2025 (318),,,HAINBAT GASTU. GAZTEEND.,2000.0,2000.0,0.0,1864.48,135.52,135.52,135.52
1 0700.226.92.337.20 2025 (319),,,ARRATE UDALEKUA,12000.0,12000.0,0.0,438.45,11561.55,11561.55,6945.55
1 0700.226.99.333.30 2025 (488),,,GERRA ZIBILA EIBARREN. INTERPRET.,2500.0,2500.0,0.0,-425.66,2925.66,2925.66,2925.66
1 0700.226.99.338.00 2025 (3181),,,BESTE HAINBAT GASTU,0.0,0.0,0.0,0.0,0.0,0.0,0.0
1 0700.227.04.332.10 2025 (222),,,KONTRATU SOZIOKULTURALAK,24052.0,24052.0,0.0,8911.0,15141.0,15141.0,13411.0
1 0700.227.04.334.10 2025 (251),,,KONTRATU SOZIOKULTURALAK,45000.0,45000.0,0.0,-10876.25,55876.25,55876.25,52681.85
1 0700.227.04.334.21 2025 (258),,,KONTRATU SOZIOKULTURALAK,50000.0,50000.0,0.0,37909.34,12090.66,12090.66,5314.66
1 0700.227.04.334.22 2025 (263),,,KONTRATU SOZIOKULTURALAK,160000.0,160000.0,0.0,-7775.33,167775.33,167775.33,160415.83
1 0700.227.04.334.30 2025 (276),,,KONTRATU SOZIOKULTURALAK,10000.0,10000.0,0.0,-1246.4,11246.4,11246.4,1663.2
1 0700.227.04.334.50 2025 (1758),,,KONTRATU SOZIOKULTURALAK,31000.0,31000.0,0.0,19659.62,11340.38,11340.38,11340.38
1 0700.227.04.337.20 2025 (321),,,KONTRATU SOZIOKULTURALAK,3605.0,3605.0,0.0,2293.57,1311.43,1311.43,1270.56
1 0700.227.04.338.00 2025 (329),,,KONTRATU SOZIOKULTURALAK,250200.0,250200.0,121.0,-73562.74,323641.74,323641.74,95457.76
1 0700.227.07.338.00 2025 (3175),,,AZTERKETAK ETA LAN TEKNIKOAK,0.0,0.0,0.0,-2541.0,2541.0,2541.0,1452.0
1 0700.227.90.326.10 2025 (2430),,,KANPOKO LANAK,4500.0,4500.0,0.0,2159.86,2340.14,2340.14,2057.06
1 0700.227.90.333.10 2025 (232),,,KANPOKO LANAK,265000.0,265000.0,0.0,0.0,265000.0,265000.0,40658.89
1 0700.227.90.333.30 2025 (245),,,KANPOKO LANAK,30000.0,30000.0,0.0,21896.75,8103.25,8103.25,1515.17
1 0700.227.90.334.10 2025 (252),,,BILDUTAKO DIRUAREN ARABERAKO ,10000.0,10000.0,0.0,10000.0,0.0,0.0,0.0
1 0700.227.90.334.22 2025 (264),,,KANPOKO LANAK,3000.0,3000.0,0.0,3000.0,0.0,0.0,0.0
1 0700.227.90.334.50 2025 (1827),,,KANPOKO LANAK,0.0,0.0,0.0,0.0,0.0,0.0,0.0
1 0700.227.90.337.20 2025 (1222),,,KANPOKO LANAK,14000.0,14000.0,0.0,8700.0,5300.0,5300.0,5300.0
1 0700.227.99.333.30 2025 (246),,,KANPOKO BESTELAKO LANAK,54000.0,54000.0,0.0,-2191.8,56191.8,56191.8,28625.58
1 0700.227.99.334.10 2025 (253),,,KANPOKO BESTELAKO LANAK,114016.87,114016.87,0.0,-0.02,114016.89,114016.89,54423.89
1 0700.227.99.334.21 2025 (259),,,BILDUTAKO DIRUAREN ARABERAKO ,15000.0,15000.0,0.0,15000.0,0.0,0.0,0.0
1 0700.227.99.334.40 2025 (815),,,KANPOKO BESTELAKO LANAK,118000.0,118000.0,0.0,10431.0,107569.0,107569.0,41888.16
1 0700.227.99.337.20 2025 (322),,,KANPOKO BESTELAKO LANAK,509205.15,509205.15,22703.95,20746.49,465754.71,465754.71,190147.09
1 0700.230.01.326.10 2025 (1745),,,"PERTSONALAREN DIETAK, GARRAIOA ",250.0,250.0,0.0,250.0,0.0,0.0,0.0
1 0700.230.01.330.00 2025 (209),,,PERTSONAL.,500.0,500.0,0.0,149.33,350.67,350.67,350.67
1 0700.230.01.332.10 2025 (223),,,PERTSONAL.,450.0,450.0,0.0,315.25,134.75,134.75,134.75
1 0700.230.01.333.30 2025 (247),,,PERTSONAL.,35.0,35.0,0.0,35.0,0.0,0.0,0.0
1 0700.230.01.334.22 2025 (1294),,,"DIETAK, GARRAIOA ETA ",0.0,0.0,0.0,0.0,0.0,0.0,0.0
1 0700.230.01.334.30 2025 (277),,,PERTSONAL.,105.0,105.0,0.0,105.0,0.0,0.0,0.0
1 0700.230.01.334.50 2025 (1828),,,"PERTSONALAREN DIETAK,GARRAIOA ",0.0,0.0,0.0,0.0,0.0,0.0,0.0
1 0700.231.01.337.20 2025 (2442),,,"PERTSONALAREN DIETAK,GARRAIOA ",100.0,100.0,0.0,100.0,0.0,0.0,0.0
1 0700.480.01.334.10 2025 (2923),,,FAMILEI,6000.0,6000.0,0.0,6000.0,0.0,0.0,0.0
1 0700.480.01.334.30 2025 (2101),,,FEMILEEI.KARTELEEN LEHIAKETA,4050.0,4050.0,0.0,4050.0,0.0,0.0,0.0
1 0700.480.01.334.40 2025 (283),,,FAMILIEI,9500.0,9500.0,0.0,9500.0,0.0,0.0,0.0
1 0700.480.01.338.00 2025 (330),,,FAMILIEI.JAIETAKO KARTEL LEHIAKETA,12400.0,12400.0,0.0,10200.0,2200.0,2200.0,2200.0
1 0700.481.01.330.00 2025 (210),,,IRABAZIZKO XEDERIK GABEKO ,49600.0,49600.0,0.0,49600.0,0.0,0.0,0.0
1 0700.481.01.332.10 2025 (224),,,IRABAZIZKO XEDERIK GABEKO ,2000.0,2000.0,0.0,2000.0,0.0,0.0,0.0
1 0700.481.01.334.10 2025 (254),,,IRABAZIZKO XEDERIK GABEKO ,2665.0,2665.0,0.0,2665.0,0.0,0.0,0.0
1 0700.481.01.334.22 2025 (1295),,,FAMILIEI,1000.0,1000.0,0.0,1000.0,0.0,0.0,0.0
1 0700.481.01.334.30 2025 (278),,,IRABAZIZKO XEDERIK GABEKO ,9787.5,9787.5,0.0,9787.5,0.0,0.0,0.0
1 0700.481.01.334.40 2025 (284),,,IRABAZIZKO XEDERIK GABEKO ,2000.0,2000.0,0.0,2000.0,0.0,0.0,0.0
1 0700.481.02.334.21 2025 (260),,,ENTIT.TRANSF.LANKIDETZ.HITZARM.,34000.0,34000.0,0.0,34000.0,0.0,0.0,0.0
1 0700.481.02.334.40 2025 (285),,,ENTIT.TRANSF.LANKIDETZ.HITZARM.,5250.0,5250.0,0.0,5250.0,0.0,0.0,0.0
1 0700.481.02.337.20 2025 (323),,,ENTIT.TRANSF.LANKIDETZ.HITZARM.,0.0,0.0,0.0,0.0,0.0,0.0,0.0
1 0700.481.18.338.00 2025 (331),,,ERAKUNDEEI.JAI-BATZORDEAK,14700.0,14700.0,0.0,14700.0,0.0,0.0,0.0
1 0700.601.05.333.30 2025 (2022),,,INBERTSIOA MUSEOAN,1000.0,1000.0,0.0,411.94,588.06,588.06,588.06
1 0700.623.01.334.30 2025 (2924),,,MAKINERIA,14036.0,14036.0,0.0,0.0,14036.0,14036.0,0.0
1 0700.625.01.326.10 2025 (1746),,,ALTZARIAK,1800.0,1800.0,0.0,1800.0,0.0,0.0,0.0
1 0700.625.01.334.50 2025 (1829),,,ALTZARIAK,500.0,500.0,0.0,500.0,0.0,0.0,0.0
1 0700.625.01.338.00 2025 (2890),,,ALTZARIAK,0.0,0.0,0.0,0.0,0.0,0.0,0.0
1 0700.625.02.334.50 2025 (1830),,,BULEGO EKIPOAK,1500.0,1500.0,0.0,1500.0,0.0,0.0,0.0
1 0700.625.04.333.10 2025 (3163),,,ARGAZKIEN ETA IKUSKISUNEN ,0.0,0.0,0.0,-1504.1,1504.1,1504.1,1504.1
1 0700.625.06.326.10 2025 (1747),,,ALTZARIAK,7000.0,7000.0,0.0,7000.0,0.0,0.0,0.0
1 0700.626.01.326.10 2025 (2086),,,INFORMAZIO PROZESUETARAKO ,3000.0,3000.0,0.0,3000.0,0.0,0.0,0.0
1 0700.626.01.332.10 2025 (1252),,,LIBURUTEGI  EKIPO BERRIAK,1000.0,1000.0,0.0,1000.0,0.0,0.0,0.0
1 0700.626.01.333.10 2025 (1749),,,INFORMAZIO-PROZESUETARAKO ,5000.0,5000.0,0.0,5000.0,0.0,0.0,0.0
1 0700.629.07.333.30 2025 (1292),,,MUSEOTAKO FONDOAK,5000.0,5000.0,0.0,4800.0,200.0,200.0,200.0
1 0800.120.01.335.10 2025 (286),,,OINARRIZKO ORDAINKETAK,81598.6,81598.6,0.0,69097.51,12501.09,12501.09,12501.09
1 0800.120.01.335.20 2025 (298),,,OINARRIZKO ORDAINKETAK,292674.77,292674.77,0.0,150786.81,141887.96,141887.96,141887.96
1 0800.121.99.335.10 2025 (287),,,BESTE OSAGARRI BATZUK,94212.7,94212.7,0.0,75326.54,18886.16,18886.16,18886.16
1 0800.121.99.335.20 2025 (299),,,BESTE OSAGARRI BATZUK,282241.33,282241.33,0.0,84154.39,198086.94,198086.94,185364.94
1 0800.160.01.335.10 2025 (288),,,GIZARTE SEGURANTZA,44350.01,44350.01,0.0,36561.15,7788.86,7788.86,7788.86
1 0800.160.01.335.20 2025 (300),,,GIZARTE SEGURANTZA,161135.23,161135.23,0.0,68711.03,92424.2,92424.2,92424.2
1 0800.160.04.335.10 2025 (289),,,ELKARKIDETZAREN KUOTAK,4980.72,4980.72,0.0,4165.99,814.73,814.73,814.73
1 0800.160.04.335.20 2025 (301),,,ELKARKIDETZAREN KUOTAK,14973.27,14973.27,0.0,8834.44,6138.83,6138.83,6138.83
1 0800.211.01.335.20 2025 (302),,,ERAIKINAK ETA BESTELAKO ,250.0,250.0,0.0,250.0,0.0,0.0,0.0
1 0800.215.01.335.10 2025 (290),,,INFORMAZIO-PROZESUETARAKO ,0.0,0.0,0.0,0.0,0.0,0.0,0.0
1 0800.219.01.335.20 2025 (303),,,BESTELAKO IBILGETU MATERIALA,300.0,300.0,0.0,300.0,0.0,0.0,0.0
1 0800.221.99.335.20 2025 (304),,,BESTELAKO HORNIDURAK,1500.0,1500.0,60.0,897.93,542.07,542.07,459.4
1 0800.226.03.335.10 2025 (291),,,ARGITALPENAK/PUBLIZITATEA ETA ,4000.0,4000.0,0.0,4000.0,0.0,0.0,0.0
1 0800.226.03.335.20 2025 (306),,,ARGITALPENAK/PUBLIZITATEA ETA ,4000.0,4000.0,0.0,1988.5,2011.5,2011.5,283.08
1 0800.226.05.335.10 2025 (292),,,BILERA ETA HITZALDIAK,300.0,300.0,0.0,300.0,0.0,0.0,0.0
1 0800.226.99.335.10 2025 (2686),,,BESTE HAINBAT GASTU,6500.0,6500.0,0.0,6500.0,0.0,0.0,0.0
1 0800.226.99.335.20 2025 (307),,,BESTE HAINBAT GASTU,2500.0,2500.0,0.0,2077.48,422.52,422.52,349.98
1 0800.227.04.335.10 2025 (293),,,KONTRATU SOZIOKULTURALAK,122403.0,122403.0,0.0,29390.09,93012.91,93012.91,39064.08
1 0800.227.87.335.10 2025 (573),,,EUSKARAREN PLAN ESTRATEGIKOA ,43200.0,43200.0,0.0,21779.77,21420.23,21420.23,14718.07
1 0800.230.01.335.10 2025 (294),,,PERTSONAL.,400.0,400.0,0.0,400.0,0.0,0.0,0.0
1 0800.230.01.335.20 2025 (308),,,PERTSONAL.,650.0,650.0,0.0,650.0,0.0,0.0,0.0
1 0800.480.01.335.10 2025 (295),,,FAMILIEI,1000.0,1000.0,0.0,0.0,1000.0,0.0,0.0
1 0800.481.01.335.10 2025 (296),,,IRABAZIZKO XEDERIK GABEKO ,4155.0,4155.0,2769.0,0.0,1386.0,1386.0,831.6
1 0800.481.02.335.10 2025 (297),,,ENTIT.TRANSF.LANKIDETZ.HITZARM.,247999.0,247999.0,0.0,9000.0,238999.0,238999.0,143399.4
1 0800.771.04.335.10 2025 (1296),,,ENPRESEI.MERKATARITZA ,4250.0,4250.0,0.0,0.0,4250.0,150.0,150.0
1 0900.120.01.342.11 2025 (2692),,,ONARRIZKO ORDAINKETAK,0.0,0.0,0.0,0.0,0.0,0.0,0.0
1 0900.120.01.342.12 2025 (2939),,,OINARRIZKO ORDAINKETAK,0.0,0.0,0.0,-5714.9,5714.9,5714.9,5714.9
1 0900.121.99.342.11 2025 (2693),,,BESTE OSAGARRI BATZUK,0.0,0.0,0.0,0.0,0.0,0.0,0.0
1 0900.121.99.342.12 2025 (2940),,,BESTE OSAGARRI BATZUK,0.0,0.0,0.0,-9807.57,9807.57,9807.57,9807.57
1 0900.130.03.342.11 2025 (2349),,,ORDAINKETAK PERTSONA LABORAL ,304026.95,304026.95,0.0,193302.28,110724.67,110724.67,110724.67
1 0900.130.03.342.12 2025 (2416),,,ORDAINKETAK PERTSONA LABORAL ,34981.19,34981.19,0.0,6278.36,28702.83,28702.83,28702.83
1 0900.130.03.342.14 2025 (2699),,,ORDAINKETAK PERTSONAL LABORAL ,0.0,0.0,0.0,0.0,0.0,0.0,0.0
1 0900.131.01.342.11 2025 (2414),,,LABORAL EBENTUALA,378372.26,360343.07,0.0,234957.66,125385.41,125385.41,125385.41
1 0900.131.01.342.12 2025 (2374),,,ORDAINKETAK PERTSONA LABORAL ,90995.81,90995.81,0.0,7988.71,83007.1,83007.1,83007.1
1 0900.160.01.342.11 2025 (2350),,,GIZARTE SEGURANTZA,207883.45,207883.45,0.0,137966.6,69916.85,69916.85,69916.85
1 0900.160.01.342.12 2025 (2375),,,GIZARTE SEGURANTZA,42372.04,42372.04,0.0,6946.1,35425.94,35425.94,35425.94
1 0900.160.01.342.14 2025 (2700),,,BESTELAKO INBERTSIOAK,0.0,0.0,0.0,0.0,0.0,0.0,0.0
1 0900.160.04.342.11 2025 (2351),,,ELKARKIDETZA,12995.6,12995.6,0.0,8519.14,4476.46,4476.46,4476.46
1 0900.160.04.342.12 2025 (2415),,,ELKARKIDETZA,2215.62,2215.62,0.0,1098.14,1117.48,1117.48,1117.48
1 0900.211.01.342.11 2025 (2344),,,ERAIKINAK ETA BESTELAKO ,75000.0,75000.0,7144.26,16014.59,51841.15,51841.15,36799.59
1 0900.211.01.342.12 2025 (2413),,,ERAIKINAK ETA BESTELAKO ,25000.0,25000.0,0.0,13979.5,11020.5,11020.5,4213.35
1 0900.211.01.342.13 2025 (2696),,,ERAIKINAK ETA BESTELAKO ,33000.0,33000.0,0.0,30159.0,2841.0,2841.0,0.0
1 0900.211.01.342.14 2025 (2701),,,ERAIKINAK ETA BESTELAKO ,30000.0,30000.0,0.0,-11220.03,41220.03,41220.03,14579.53
1 0900.212.01.342.11 2025 (2345),,,"MAKINARIA,INSTALAZIOAK ETA ",110000.0,110000.0,0.0,11106.22,98893.78,98893.78,48243.42
1 0900.212.01.342.12 2025 (2346),,,"MAKINARIA,INSTALAZIOAK ETA ",50000.0,50000.0,0.0,-3673.46,53673.46,53673.46,8079.21
1 0900.212.01.342.13 2025 (2348),,,"MAKINARIA,INSTALAZIOAK ETA ",37000.0,37000.0,0.0,29122.64,7877.36,7877.36,2839.38
1 0900.212.01.342.14 2025 (2347),,,"MAKINARIA,INSTALAZIOAK ETA ",135000.0,135000.0,0.0,87651.44,47348.56,47348.56,30293.35
1 0900.213.02.342.11 2025 (2688),,,BIZIKLETAREN RENTING,18500.0,18500.0,0.0,1298.88,17201.12,17201.12,2866.86
1 0900.213.02.342.12 2025 (2694),,,BIZIKLETAREN RENTING,18000.0,18000.0,0.0,0.14,17999.86,17999.86,2999.98
1 0900.213.02.342.14 2025 (2928),,,BIZIKLETAREN RENTINA,13000.0,13000.0,0.0,13000.0,0.0,0.0,0.0
1 0900.215.01.342.11 2025 (2352),,,INFORMAZIO-PROZEZUETARAKO ,0.0,0.0,0.0,-242.0,242.0,242.0,242.0
1 0900.215.01.342.12 2025 (2377),,,INFORMAZIO-PROZEZUETARAKO ,0.0,0.0,0.0,-484.0,484.0,484.0,484.0
1 0900.220.01.342.11 2025 (2443),,,MATERIAL ARRUNT EZ ,2500.0,2500.0,0.0,-648.28,3148.28,3148.28,3148.28
1 0900.221.01.342.11 2025 (2353),,,ENERGIA ELEKTRIKOA,165000.0,165000.0,0.0,-20028.74,185028.74,185028.74,52851.96
1 0900.221.01.342.12 2025 (2378),,,ENERGIA ELEKTRIKOA,50000.0,50000.0,0.0,-10000.0,60000.0,60000.0,20771.06
1 0900.221.01.342.13 2025 (2390),,,ENERGIA ELEKTRIKOA,22000.0,22000.0,0.0,-2430.0,24430.0,24430.0,8514.34
1 0900.221.01.342.14 2025 (2396),,,ENERGIA ELEKTRIKOA,130000.0,130000.0,0.0,130000.0,0.0,0.0,0.0
1 0900.221.04.342.11 2025 (2354),,,ERREGAI ETA KARBURANTEAK,130000.0,130000.0,0.0,44300.0,85700.0,85700.0,61934.92
1 0900.221.04.342.12 2025 (2379),,,ERREGAI ETA KARBURANTEAK,33000.0,33000.0,0.0,-7000.0,40000.0,40000.0,17323.35
1 0900.221.04.342.13 2025 (2391),,,ERREGAI ETA KARBURANTEAK,4500.0,4500.0,0.0,3000.0,1500.0,1500.0,1154.15
1 0900.221.04.342.14 2025 (2397),,,ERREGAI ETA KARBURANTEAK,74000.0,74000.0,0.0,-96000.0,170000.0,170000.0,75087.81
1 0900.221.05.342.11 2025 (2355),,,ARROPAK,700.0,700.0,0.0,700.0,0.0,0.0,0.0
1 0900.221.05.342.12 2025 (2380),,,ARROPAK,300.0,300.0,0.0,300.0,0.0,0.0,0.0
1 0900.221.05.342.14 2025 (2702),,,ARROPAK,0.0,0.0,0.0,0.0,0.0,0.0,0.0
1 0900.221.08.342.11 2025 (2356),,,FRAMAZI PRODUKTOAK ETA ,600.0,600.0,0.0,81.18,518.82,518.82,0.0
1 0900.221.08.342.12 2025 (2927),,,FARMAZI PRODUKTOAK ETA ,300.0,300.0,0.0,300.0,0.0,0.0,0.0
1 0900.221.09.342.11 2025 (2417),,,GARBIKETAK ETA TXUKUNETA ,500.0,500.0,0.0,500.0,0.0,0.0,0.0
1 0900.221.09.342.12 2025 (2381),,,GARBIKETAK ETA TXUKUNETA ,1000.0,1000.0,0.0,1000.0,0.0,0.0,0.0
1 0900.221.12.342.11 2025 (2359),,,OSASUN MATERIALA,0.0,0.0,0.0,0.0,0.0,0.0,0.0
1 0900.221.90.342.11 2025 (2357),,,ZERBITZU OSAGAI BEREZIAK,98675.0,98675.0,0.0,58071.36,40603.64,40603.64,18339.84
1 0900.221.90.342.12 2025 (2383),,,ZERBITZUAREN OSAGAI BEREZIAK,3500.0,3500.0,0.0,3258.0,242.0,242.0,242.0
1 0900.221.90.342.14 2025 (2398),,,ZERBITZU OSAGAI BEREZIAK,30000.0,30000.0,1453.21,4914.43,23632.36,23632.36,14056.84
1 0900.221.99.341.00 2025 (332),,,BESTELAKO HORNIDURAK ,6500.0,7226.65,0.0,5142.5,2084.15,2084.15,2084.15
1 0900.221.99.342.11 2025 (2360),,,BESTELAKO HORNIDURAK,4000.0,3273.35,5.09,890.76,2377.5,2377.5,992.39
1 0900.221.99.342.14 2025 (2399),,,BESTELAKO HORNIDURAK,13000.0,9589.01,0.0,6431.66,3157.35,3157.35,2907.45
1 0900.222.01.342.11 2025 (2361),,,TELEFONO BIDEZKOA,0.0,0.0,0.0,0.0,0.0,0.0,0.0
1 0900.222.01.342.12 2025 (2447),,,TELEFONIKA,0.0,0.0,0.0,0.0,0.0,0.0,0.0
1 0900.222.01.342.14 2025 (2400),,,TELEFONO BIDEZKOA,0.0,0.0,0.0,0.0,0.0,0.0,0.0
1 0900.226.03.342.11 2025 (2364),,,"ARGITALPENAK,PUBLIZATATEA ETA ",600.0,600.0,0.0,-1477.81,2077.81,2077.81,831.51
1 0900.226.03.342.12 2025 (3184),,,"ARGITALPENAK, PUBLIZIATEA ETA ",0.0,0.0,0.0,0.0,0.0,0.0,0.0
1 0900.226.04.342.11 2025 (2365),,,JURIDIKOAK,0.0,0.0,0.0,0.0,0.0,0.0,0.0
1 0900.226.06.342.11 2025 (2444),,,JARDUERA SOCIOKULTURALAK,0.0,0.0,0.0,0.0,0.0,0.0,0.0
1 0900.226.99.342.13 2025 (2392),,,BESTE HAINBAT GASTU,7725.0,7725.0,0.0,5939.49,1785.51,1785.51,1500.0
1 0900.226.99.342.14 2025 (2401),,,BESTE HAINBAT GASTU,0.0,0.0,0.0,0.0,0.0,0.0,0.0
1 0900.227.01.342.11 2025 (2367),,,GARBIKETA,267731.5,267731.5,0.0,41462.71,226268.79,226268.79,94278.7
1 0900.227.01.342.12 2025 (2387),,,GARBIKETA,197483.18,197483.18,17809.99,6421.09,173252.1,173252.1,75894.0
1 0900.227.01.342.13 2025 (2393),,,GARBIKETA,17539.8,17539.8,0.0,2716.33,14823.47,14823.47,6176.38
1 0900.227.01.342.14 2025 (2402),,,GARBIKETA,161155.83,161155.83,29360.16,-10603.72,142399.39,142399.39,62950.45
1 0900.227.03.342.12 2025 (2388),,,GARRRAIO KONTRATUA,63000.0,63000.0,22082.5,8023.1,32894.4,32894.4,28195.2
1 0900.227.07.342.11 2025 (2368),,,AZTERKETA ETA LAN TEKNIKOAK,6000.0,6000.0,0.0,-7769.8,13769.8,13769.8,12279.08
1 0900.227.08.342.11 2025 (2369),,,GARRAIO-KONTRATUAK,20328.0,20328.0,0.0,2211.0,18117.0,18117.0,18117.0
1 0900.227.99.341.00 2025 (2096),,,KANPOKO BESTELAKO LANAK,160000.0,160000.0,0.0,0.0,160000.0,160000.0,160000.0
1 0900.227.99.342.11 2025 (2370),,,KANPOKO BESTELAKO LANAK,521732.32,539761.51,0.0,-90484.7,630246.21,630246.21,247768.5
1 0900.227.99.342.12 2025 (2389),,,KANPOKO BESTELAKO LANAK,83000.0,83000.0,0.0,2146.19,80853.81,80853.81,39414.75
1 0900.227.99.342.13 2025 (2394),,,KANPOKO BESTELAKO LANAK,2500.0,2500.0,0.0,1425.0,1075.0,1075.0,0.0
1 0900.227.99.342.14 2025 (2403),,,KANPOKO BESTELAKO LANAK,466982.43,466982.43,0.0,7787.31,459195.12,459195.12,166437.58
1 0900.230.01.342.10 2025 (2371),,,"PERTSONALAREN DIETAK,GARRAIOA ",0.0,0.0,0.0,0.0,0.0,0.0,0.0
1 0900.230.01.342.11 2025 (2445),,,"PERTSONALARAREN DIETAK,",210.0,210.0,0.0,139.07,70.93,70.93,70.93
1 0900.230.01.342.12 2025 (2925),,,"PERTSONALAREN DIETAK,GARRAIOA ",210.0,210.0,0.0,210.0,0.0,0.0,0.0
1 0900.230.01.342.13 2025 (2697),,,"PERTSONALAREN DIETAK, GARRAIOA ",0.0,0.0,0.0,0.0,0.0,0.0,0.0
1 0900.230.01.342.14 2025 (2704),,,"PERTSONALAREN DIETAK, GARRAIOA ",0.0,0.0,0.0,0.0,0.0,0.0,0.0
1 0900.431.01.342.10 2025 (338),,,ERAKUNDE AUTONOMOEI,0.0,0.0,0.0,0.0,0.0,0.0,0.0
1 0900.481.01.341.00 2025 (335),,,IRABAZIZKO XEDERIK GABEKO ,175000.0,175000.0,0.0,175000.0,0.0,0.0,0.0
1 0900.481.02.341.00 2025 (336),,,ENTIT.TRANSF.LANKIDETZ.HITZARM.,270000.0,270000.0,0.0,270000.0,0.0,0.0,0.0
1 0900.481.22.341.00 2025 (337),,,KIROL-PROBETARA/TXAPELKETETARA ,30000.0,30000.0,0.0,30000.0,0.0,0.0,0.0
1 0900.601.16.342.10 2025 (1832),,,HAINBAT LAN,0.0,0.0,0.0,0.0,0.0,0.0,0.0
1 0900.623.01.342.11 2025 (2644),,,"MAKINARIA,INSTALAZIOAK ETA ",0.0,0.0,0.0,-683.65,683.65,683.65,683.65
1 0900.623.01.342.12 2025 (2695),,,MAKINERIA,5000.0,5000.0,0.0,5000.0,0.0,0.0,0.0
1 0900.623.01.342.14 2025 (2943),,,MAKINARIA,0.0,3410.99,0.0,0.0,3410.99,3410.99,3410.99
1 0900.623.05.342.14 2025 (2404),,,EKIPOAK,0.0,0.0,0.0,0.0,0.0,0.0,0.0
1 0900.625.01.342.11 2025 (2405),,,ALTZARIAK,1800.0,1800.0,0.0,1192.82,607.18,607.18,607.18
1 0900.625.02.342.12 2025 (3164),,,EKIPOAK,0.0,0.0,0.0,-6993.8,6993.8,6993.8,6993.8
1 0900.625.04.342.11 2025 (2689),,,ARGAZKI ETA IKUS-ENTZUNEZKO ,0.0,0.0,0.0,0.0,0.0,0.0,0.0
1 0900.625.08.342.11 2025 (2941),,,ELEKTRODOMESTIKOAK,0.0,0.0,0.0,-7643.02,7643.02,7643.02,7643.02
1 0900.625.08.342.12 2025 (2891),,,ELEKTRODOMESTIKOAK,0.0,0.0,0.0,-900.74,900.74,900.74,900.72
1 0900.625.99.342.11 2025 (2690),,,BESTELAKO LANABESAK,0.0,0.0,0.0,0.0,0.0,0.0,0.0
1 0900.629.01.342.11 2025 (2691),,,BESTELAKO INBERTSIOAK,144000.0,144000.0,0.0,104671.86,39328.14,39328.14,21768.67
1 0900.629.01.342.12 2025 (2926),,,BESTELAKO INBERTSIOAK,7000.0,7000.0,0.0,7000.0,0.0,0.0,0.0
1 0900.629.01.342.13 2025 (2698),,,BESTELAKO INBERTSIOAK,50000.0,50000.0,0.0,50000.0,0.0,0.0,0.0
1 0900.629.01.342.14 2025 (2705),,,BESTELAKO INBERTSIOAK,10000.0,10000.0,0.0,1968.46,8031.54,8031.54,0.0
1 1000.120.01.433.10 2025 (342),,,OINARRIZKO ORDAINKETAK,89663.11,89663.11,0.0,67202.14,22460.97,22460.97,22460.97
1 1000.120.01.493.00 2025 (370),,,OINARRIZKO ORDAINKETAK,15789.21,15789.21,0.0,9363.39,6425.82,6425.82,6425.82
1 1000.121.99.433.10 2025 (343),,,BESTE OSAGARRI BATZUK,100413.06,100413.06,0.0,65427.56,34985.5,34985.5,34985.5
1 1000.121.99.493.00 2025 (371),,,BESTE OSAGARRI BATZUK,21488.73,21488.73,0.0,9831.52,11657.21,11657.21,11657.21
1 1000.131.01.241.00 2025 (181),,,LABORAL EBENTUALA,59434.78,59434.78,0.0,59434.78,0.0,0.0,0.0
1 1000.131.01.433.10 2025 (2308),,,LABORAL EBENTUALA,0.0,0.0,0.0,0.0,0.0,0.0,0.0
1 1000.160.01.241.00 2025 (182),,,GIZARTE SEGURANTZA,24458.55,24458.55,0.0,24458.55,0.0,0.0,0.0
1 1000.160.01.433.10 2025 (344),,,GIZARTE SEGURANTZA,57088.27,57088.27,0.0,40618.21,16470.06,16470.06,16470.06
1 1000.160.01.493.00 2025 (372),,,GIZARTE SEGURANTZA,12285.5,12285.5,0.0,6426.97,5858.53,5858.53,5858.53
1 1000.160.04.433.10 2025 (1537),,,ELKARKIDETZA KUOTAK,5281.98,5281.98,0.0,3615.7,1666.28,1666.28,1666.28
1 1000.160.04.493.00 2025 (373),,,ELKARKIDETZAREN KUOTAK,0.0,0.0,0.0,0.0,0.0,0.0,0.0
1 1000.201.01.433.10 2025 (810),,,ERAIKINAK ETA BESTELAKO ,6694.05,6694.05,0.0,2122.05,4572.0,4572.0,4572.0
1 1000.215.02.433.10 2025 (3166),,,INFORMATIKARAKO APLIKAZIOAK,0.0,0.0,0.0,-561.2,561.2,561.2,561.2
1 1000.226.03.241.00 2025 (183),,,"ARGITALPENAK, PUBLIZITATE ETA ",1500.0,1500.0,0.0,1500.0,0.0,0.0,0.0
1 1000.226.03.433.10 2025 (793),,,"ARGITALPENAK, PUBLIZITATEA ETA ",2000.0,2000.0,0.0,1560.77,439.23,439.23,439.23
1 1000.226.80.433.10 2025 (1245),,,BESTE GASTU BATZ.AIZTAIN.IND.,3500.0,3500.0,0.0,3500.0,0.0,0.0,0.0
1 1000.226.99.241.00 2025 (184),,,BESTE HAINBAT GASTU,20000.0,19041.67,0.0,4463.17,14578.5,14578.5,14578.5
1 1000.226.99.433.10 2025 (794),,,BESTE HAINBAT GASTU,120000.0,114000.0,0.0,70502.59,43497.41,43497.41,22906.66
1 1000.226.99.493.00 2025 (799),,,BESTE HAINBAT GASTU,2050.0,2050.0,0.0,2050.0,0.0,0.0,0.0
1 1000.227.01.431.20 2025 (2097),,,IPURUA MERKATUTAKO GARBIKETA,6000.0,6000.0,0.0,166.37,5833.63,5833.63,1944.52
1 1000.227.07.433.10 2025 (795),,,AZTERKETA ETA LAN TEKNIKOAK,15000.0,15000.0,50000.0,-38313.5,3313.5,3313.5,1680.0
1 1000.227.90.241.00 2025 (487),,,KANPOKO LANAK.EMPLEGU SORTZEKO ,12000.0,12958.33,0.0,6000.0,6958.33,6958.33,958.33
1 1000.227.99.241.00 2025 (812),,,KANPOKO BESTELAKO LANAK,80000.0,80000.0,0.0,48000.0,32000.0,32000.0,0.0
1 1000.230.01.241.00 2025 (185),,,PERTSONAL.,0.0,0.0,0.0,0.0,0.0,0.0,0.0
1 1000.230.01.433.10 2025 (350),,,PERTSONAL.,300.0,300.0,0.0,211.43,88.57,88.57,88.57
1 1000.230.01.493.00 2025 (374),,,PERTSONAL.,35.0,35.0,0.0,35.0,0.0,0.0,0.0
1 1000.470.01.241.00 2025 (2082),,,"DEBEGESARI TRANSFERENTZIA, ",38000.0,38000.0,0.0,38000.0,0.0,0.0,0.0
1 1000.470.01.433.10 2025 (351),,,DEBEGESA,295000.0,295000.0,0.0,69.04,294930.96,294930.96,147465.48
1 1000.471.01.433.10 2025 (352),,,TORIBIO ECHEVERRIA.SARI DIRUA ,56000.0,56000.0,0.0,56000.0,0.0,0.0,0.0
1 1000.471.02.241.00 2025 (582),,,BESTE ENPRESA BATZUEI,200000.0,200000.0,0.0,200000.0,0.0,0.0,0.0
1 1000.471.03.433.10 2025 (354),,,BEST.ENPR.BATZUEI.ERRONK.,80000.0,80000.0,0.0,80000.0,0.0,0.0,0.0
1 1000.471.06.241.00 2025 (813),,,UDAL DIRULAGUNTZA BESTE ,275000.0,275000.0,0.0,275000.0,0.0,0.0,0.0
1 1000.480.12.433.10 2025 (355),,,FAMILIEI ESKOLAUMEAK,216000.0,216000.0,0.0,215939.9,60.1,60.1,60.1
1 1000.480.14.433.10 2025 (356),,,FAMILIEI.LAGUNTZAK IKASLEEI,86000.0,86000.0,0.0,85939.9,60.1,60.1,60.1
1 1000.480.20.241.00 2025 (814),,,LANGABETUEN FORMAKUNTZARAKO ,10000.0,10000.0,0.0,10000.0,0.0,0.0,0.0
1 1000.481.01.433.10 2025 (357),,,DIRULAGUNTZA IZENDUA EKINGUNERI,12000.0,12000.0,0.0,12000.0,0.0,0.0,0.0
1 1000.481.03.433.10 2025 (358),,,TRANSFERENTZIA DENDARIEN ,27000.0,27000.0,0.0,27000.0,0.0,0.0,0.0
1 1000.481.05.433.10 2025 (359),,,"TRANSF.""MERKATARITZ.GUNE IREKIA""",100000.0,100000.0,0.0,100000.0,0.0,0.0,0.0
1 1000.481.12.241.00 2025 (2083),,,TRASNF.EIBAR UNIBERTS.LABORALARI ,15000.0,15000.0,0.0,15000.0,0.0,0.0,0.0
1 1000.481.14.433.10 2025 (2929),,,EIBARKO OSTALARITZA ELKARTEARI ,15000.0,15000.0,0.0,15000.0,0.0,0.0,0.0
1 1000.481.17.433.10 2025 (360),,,"TRANSF.""EIBAR MERKAT-GUNE IREKIA"" ",36000.0,42000.0,0.0,0.0,42000.0,42000.0,42000.0
1 1000.481.31.241.00 2025 (1290),,,"TRANSF.""ARMERIA ESKOLAKO IKASLE ",15000.0,15000.0,0.0,15000.0,0.0,0.0,0.0
1 1000.481.32.433.10 2025 (1008),,,GIPUZK.MERKATAR.FEDERAZ. ,0.0,0.0,0.0,0.0,0.0,0.0,0.0
1 1000.481.38.433.10 2025 (1299),,,BIC GIPUZKOA DIRU LAGUNTZA ,55000.0,55000.0,0.0,55000.0,0.0,0.0,0.0
1 1000.481.39.241.00 2025 (1291),,,CRUZ IRASUEGUI FUNDAZIOARI ,18000.0,18000.0,0.0,18000.0,0.0,0.0,0.0
1 1000.481.40.433.10 2025 (1764),,,DEBEGESARAKO DIRU-LAGUNTZA,120000.0,120000.0,0.0,120000.0,0.0,0.0,0.0
1 1000.625.01.433.10 2025 (3177),,,ALTZARIAK,0.0,0.0,0.0,0.0,0.0,0.0,0.0
1 1100.100.01.912.00 2025 (375),,,OINARRIZK.ORDAINK/BESTEL.,606611.35,606611.35,0.0,395315.26,211296.09,211296.09,211296.09
1 1100.120.01.491.00 2025 (980),,,OINARRIZKO ORDAINKETAK,21136.98,21136.98,0.0,21136.98,0.0,0.0,0.0
1 1100.120.01.912.00 2025 (1539),,,OINARRIZKO ORDAINKETAK,0.0,0.0,0.0,-21696.85,21696.85,21696.85,21696.85
1 1100.120.01.920.11 2025 (384),,,OINARRIZKO ORDAINKETAK,167767.81,167767.81,0.0,90176.38,77591.43,77591.43,77591.43
1 1100.120.01.920.20 2025 (406),,,OINARRIZKO ORDAINKETAK,97345.83,97345.83,0.0,59807.15,37538.68,37538.68,37538.68
1 1100.120.01.920.21 2025 (2931),,,OINARRIZKO ORDAINKETAK,80458.75,80458.75,0.0,48786.56,31672.19,31672.19,31672.19
1 1100.120.01.920.30 2025 (420),,,OINARRIZKO ORDAINKETAK,152098.78,152098.78,0.0,88469.9,63628.88,63628.88,63628.88
1 1100.120.01.923.10 2025 (450),,,OINARRIZKO ORDAINKETAK,16209.0,16209.0,0.0,9729.47,6479.53,6479.53,6479.53
1 1100.120.01.925.00 2025 (455),,,OINARRIZKO ORDAINKETAK,171431.2,171431.2,0.0,110489.69,60941.51,60941.51,60941.51
1 1100.121.99.491.00 2025 (981),,,BESTE OSAGARRI BATZUK,20413.06,20413.06,0.0,20413.06,0.0,0.0,0.0
1 1100.121.99.912.00 2025 (1540),,,BESTE OSAGARRI BATZUK,0.0,0.0,0.0,-50836.81,50836.81,50836.81,50836.81
1 1100.121.99.920.11 2025 (385),,,BESTE OSAGARRI BATZUK,239424.62,239424.62,0.0,101437.72,137986.9,137986.9,137986.9
1 1100.121.99.920.20 2025 (407),,,BESTE OSAGARRI BATZUK,133237.83,133237.83,0.0,65994.32,67243.51,67243.51,67243.51
1 1100.121.99.920.21 2025 (2932),,,BESTE OSAGARRI BATZUK,94916.95,94916.95,0.0,43820.31,51096.64,51096.64,51096.64
1 1100.121.99.920.30 2025 (421),,,BESTE OSAGARRI BATZUK,253316.4,253316.4,0.0,114905.35,138411.05,138411.05,138411.05
1 1100.121.99.923.10 2025 (451),,,BESTE OSAGARRI BATZUK,21933.02,21933.02,0.0,10222.31,11710.71,11710.71,11710.71
1 1100.121.99.925.00 2025 (456),,,BESTE OSAGARRI BATZUK,241466.28,241466.28,0.0,125448.82,116017.46,116017.46,116017.46
1 1100.130.03.920.11 2025 (386),,,ORDAINKETAK PERTSONAL LABORAL ,72333.93,72333.93,0.0,54910.78,17423.15,17423.15,17423.15
1 1100.130.03.920.20 2025 (408),,,ORDAINKETAK PERTSONAL LABORAL ,0.0,0.0,0.0,0.0,0.0,0.0,0.0
1 1100.131.01.920.11 2025 (387),,,LABORAL EBENTUALA,43977.54,43977.54,0.0,11974.43,32003.11,32003.11,32003.11
1 1100.160.01.491.00 2025 (979),,,GIZARTE SEGURANTZA,13312.51,13312.51,0.0,13312.51,0.0,0.0,0.0
1 1100.160.01.912.00 2025 (377),,,GIZARTE SEGURANTZA,194845.51,194845.51,0.0,111519.83,83325.68,83325.68,83325.68
1 1100.160.01.920.11 2025 (388),,,GIZARTE SEGURANTZA,142961.42,142961.42,0.0,73777.38,69184.04,69184.04,69184.04
1 1100.160.01.920.20 2025 (409),,,GIZARTE SEGURANTZA,65893.1,65893.1,0.0,33666.71,32226.39,32226.39,32226.39
1 1100.160.01.920.21 2025 (2933),,,GIZARTE SEGURANTZA,44036.48,44036.48,0.0,23662.61,20373.87,20373.87,20373.87
1 1100.160.01.920.30 2025 (422),,,GIZARTE SEGURANTZA,96956.71,96956.71,0.0,45255.0,51701.71,51701.71,51701.71
1 1100.160.01.923.10 2025 (452),,,GIZARTE SEGURANTZA,9874.07,9874.07,0.0,5057.5,4816.57,4816.57,4816.57
1 1100.160.01.925.00 2025 (457),,,GIZARTE SEGURANTZA,120382.21,120382.21,0.0,67459.33,52922.88,52922.88,52922.88
1 1100.160.04.491.00 2025 (982),,,ELKARKIDETZAREN KUOTAK,1615.37,1615.37,0.0,1615.37,0.0,0.0,0.0
1 1100.160.04.912.00 2025 (1538),,,ELKARKIDETZA KUOTAK,3956.52,3956.52,0.0,2958.74,997.78,997.78,997.78
1 1100.160.04.920.11 2025 (389),,,ELKARKIDETZAREN KUOTAK,13181.3,13181.3,0.0,7746.95,5434.35,5434.35,5434.35
1 1100.160.04.920.20 2025 (410),,,ELKARKIDETZAREN KUOTAK,7497.59,7497.59,0.0,6270.35,1227.24,1227.24,1227.24
1 1100.160.04.920.21 2025 (2938),,,ELKARKIDETZAREN KUOTAK,3593.63,3593.63,0.0,1964.17,1629.46,1629.46,1629.46
1 1100.160.04.920.30 2025 (423),,,ELKARKIDETZAREN KUOTAK,8836.06,8836.06,0.0,5493.56,3342.5,3342.5,3342.5
1 1100.160.04.923.10 2025 (453),,,ELKARKIDETZAREN KUOTAK,1107.81,1107.81,0.0,549.07,558.74,558.74,558.74
1 1100.160.04.925.00 2025 (458),,,ELKARKIDETZAREN KUOTAK,8262.22,8262.22,0.0,4216.65,4045.57,4045.57,4045.57
1 1100.161.03.221.00 2025 (989),,,ERRETIRO AURRERATUEN KALTE-,0.0,0.0,0.0,0.0,0.0,0.0,0.0
1 1100.162.01.920.20 2025 (412),,,PRESTAKUNTZA,30000.0,30000.0,1127.7,12910.45,15961.85,15961.85,11879.45
1 1100.162.05.920.20 2025 (413),,,ASEGURUAK,85000.0,85000.0,0.0,8189.12,76810.88,76810.88,0.0
1 1100.204.01.920.12 2025 (397),,,ALTZARIEN ETA EKIPOEN ALOKAIRUA,30000.0,30000.0,0.0,10000.0,20000.0,20000.0,6191.34
1 1100.212.01.920.12 2025 (398),,,"MAKINERIA,INSTALAZIOAK ETA ",30000.0,30000.0,0.0,9508.03,20491.97,20491.97,9123.71
1 1100.215.01.920.30 2025 (424),,,INFORMAZ-PROZESUET.EKIPOAK.,22670.0,22670.0,0.0,-2923.41,25593.41,25593.41,7072.54
1 1100.215.02.920.30 2025 (425),,,INFORMATIKA APLIKAZIOEN ,129355.0,129355.0,11306.97,45549.78,72498.25,72498.25,32807.78
1 1100.220.01.920.11 2025 (390),,,MATERIAL ARRUNT EZ-,3000.0,3000.0,0.0,277.5,2722.5,2722.5,2722.5
1 1100.220.01.920.12 2025 (399),,,MATERIAL ARRUNT EZ-,70000.0,70000.0,0.0,29387.25,40612.75,40612.75,16118.48
1 1100.220.02.920.12 2025 (400),,,PRENTS/ALDIZK/LIBURUAK/BEST.,25000.0,25000.0,0.0,23989.11,1010.89,1010.89,862.7
1 1100.220.03.920.30 2025 (426),,,MATERIAL INFORMATIKO EZ-,1500.0,1500.0,0.0,1500.0,0.0,0.0,0.0
1 1100.221.05.920.11 2025 (391),,,ARROPAK.ATEZAINA ETA ,1500.0,1500.0,0.0,1500.0,0.0,0.0,0.0
1 1100.222.02.920.12 2025 (401),,,POSTA BIDEZKOAK,150000.0,150000.0,0.0,21333.33,128666.67,128666.67,46333.21
1 1100.222.99.920.12 2025 (402),,,BESTEL.KOMUNIK.,5000.0,5000.0,0.0,3185.0,1815.0,1815.0,71.38
1 1100.224.99.920.11 2025 (392),,,ERANTZUNKIZUN ZIBILERAKO ,115000.0,115000.0,0.0,27924.14,87075.86,87075.86,11533.08
1 1100.226.02.912.00 2025 (378),,,PROTOKOLO ETA ORDEZKARITZA ,16000.0,16000.0,335.06,13861.8,1803.14,1803.14,1800.14
1 1100.226.02.920.20 2025 (2100),,,PROTOKOLO ETA LAN TEKNIKOAK,1000.0,1000.0,0.0,1000.0,0.0,0.0,0.0
1 1100.226.03.491.00 2025 (998),,,"ARGITALPENAK, PUBLIZITATEA ETA ",5000.0,5000.0,0.0,5000.0,0.0,0.0,0.0
1 1100.226.03.912.00 2025 (379),,,ARGITALPENAK/PUBLIZITATEA ETA ,12800.0,12800.0,0.0,-3686.8,16486.8,16486.8,10436.8
1 1100.226.03.920.12 2025 (403),,,ARGITALPENAK/PUBLIZITATEA ETA ,12000.0,12000.0,533.61,10306.93,1159.46,1159.46,1159.46
1 1100.226.04.920.11 2025 (393),,,JURIDIKOAK,123531.32,123531.32,7233.38,80943.76,35354.18,35354.18,13912.98
1 1100.226.99.336.10 2025 (309),,,BESTE HAINBAT GASTU,26000.0,26000.0,0.0,13744.8,12255.2,12255.2,4605.2
1 1100.226.99.920.11 2025 (394),,,KALTE-ORDAIN.HIRUGARREN. ,70000.0,70000.0,0.0,63062.22,6937.78,6937.78,6937.78
1 1100.227.04.920.11 2025 (1766),,,KONTRATU SOZIOKULTURALAK,3000.0,3000.0,0.0,3000.0,0.0,0.0,0.0
1 1100.227.07.920.11 2025 (3172),,,AZTERLAN ETA LAN TEKNIKOAK,0.0,0.0,0.0,-14157.0,14157.0,14157.0,5662.8
1 1100.227.07.920.20 2025 (414),,,AZTERKETA ETA LAN TEKNIKOAK,10000.0,10000.0,0.0,9752.66,247.34,247.34,0.0
1 1100.227.20.920.30 2025 (427),,,HITZARMENA IZFE-KIN,156621.0,156621.0,0.0,72642.74,83978.26,83978.26,83627.7
1 1100.227.90.920.11 2025 (1767),,,KANPOKO LANAK,40000.0,40000.0,0.0,21124.0,18876.0,18876.0,3902.25
1 1100.227.92.920.20 2025 (415),,,LAN OSASUNERAKO PREBENTZIO ,30000.0,30000.0,0.0,3670.97,26329.03,26329.03,10927.45
1 1100.227.99.491.00 2025 (999),,,KANPOKO BESTELAKO LANAK,31986.25,31986.25,0.0,15257.25,16729.0,16729.0,7073.1
1 1100.227.99.912.00 2025 (669),,,KANPOKO BESTELAKO LANAK,32520.0,32520.0,0.0,32520.0,0.0,0.0,0.0
1 1100.227.99.920.11 2025 (395),,,KANPOKO BESTELAKO LANAK,9500.0,9500.0,0.0,3806.95,5693.05,5693.05,0.0
1 1100.227.99.920.20 2025 (416),,,KANPOKO BESTELAKO LANAK,0.0,0.0,0.0,-6316.2,6316.2,6316.2,2631.75
1 1100.227.99.920.30 2025 (429),,,KANPOK.BESTELAK.LANAK.ASISTENTZ.,50967.0,50967.0,0.0,12624.42,38342.58,38342.58,10406.0
1 1100.230.01.491.00 2025 (984),,,"PERTSONALAREN DIETAK, GARRAIO ",150.0,150.0,0.0,150.0,0.0,0.0,0.0
1 1100.230.01.912.00 2025 (3180),,,"PERTSONALAREN DIETAK,GARRAIOA ",0.0,0.0,0.0,-341.65,341.65,341.65,341.65
1 1100.230.01.920.11 2025 (396),,,PERTSONAL.,500.0,500.0,0.0,500.0,0.0,0.0,0.0
1 1100.230.01.920.20 2025 (417),,,PERTSONAL.,500.0,500.0,0.0,16.0,484.0,484.0,19.42
1 1100.230.01.920.21 2025 (2934),,,"PERSONALAREN DIETAK, GARRAIOA ",600.0,600.0,0.0,499.35,100.65,100.65,100.65
1 1100.230.01.920.30 2025 (430),,,PERTSONAL.,600.0,600.0,0.0,600.0,0.0,0.0,0.0
1 1100.230.01.923.10 2025 (454),,,PERSTSONAL.,35.0,35.0,0.0,35.0,0.0,0.0,0.0
1 1100.230.01.925.00 2025 (459),,,PERTSONAL.,300.0,300.0,0.0,260.33,39.67,39.67,39.67
1 1100.231.01.912.00 2025 (381),,,GOI-KARGUEN ,350.0,350.0,0.0,-1638.76,1988.76,1988.76,1988.76
1 1100.231.02.912.00 2025 (382),,,DIETAK GOI-KARGUEI BATZORD.,154748.0,154748.0,0.0,93148.0,61600.0,61600.0,61600.0
1 1100.409.01.922.00 2025 (448),,,BESTELAKO ERAKUNDE PUBLIKOEI.,2500.0,2500.0,0.0,966.73,1533.27,1533.27,1533.27
1 1100.419.01.922.00 2025 (449),,,BESTELAKO ERAKUNDE PUBLIKOEI.,5000.0,5000.0,0.0,492.41,4507.59,4507.59,4507.59
1 1100.480.01.336.10 2025 (1759),,,FAMILEI.MERCEDES KAREAGA BEKA,15000.0,15000.0,15000.0,0.0,0.0,0.0,0.0
1 1100.481.01.336.10 2025 (2311),,,IRABAZIZKO XEDERIK GABEKO ,0.0,0.0,0.0,0.0,0.0,0.0,0.0
1 1100.481.01.912.00 2025 (383),,,IRABAZIZKO XEDERIK GABEKO ,151800.0,151800.0,0.0,75900.0,75900.0,75900.0,75900.0
1 1100.500.01.929.00 2025 (802),,,KREDITU GLOBALA ETA BESTEL. ,0.0,0.0,0.0,0.0,0.0,0.0,0.0
1 1100.625.01.920.12 2025 (404),,,ALTZARIAK,12000.0,12000.0,0.0,10305.39,1694.61,1694.61,1694.61
1 1100.625.02.920.12 2025 (405),,,BULEGO EKIPOAK,1000.0,1000.0,0.0,1000.0,0.0,0.0,0.0
1 1100.626.01.920.30 2025 (431),,,INFORMAZIO-PROZESUETARAKO ,76800.0,76800.0,0.0,44519.66,32280.34,32280.34,26111.8
1 1100.644.01.920.30 2025 (801),,,INFORMATIKA APLIKAZIOAK,66535.0,66535.0,0.0,65768.17,766.83,766.83,0.0
1 1100.823.01.920.20 2025 (418),,,PERTSONALAREN AURRERAKINAK,20000.0,20000.0,0.0,15492.4,4507.6,4507.6,4507.6
1 1100.833.01.920.20 2025 (419),,,PERTSONALAREN AURRERAKINAK,15000.0,15000.0,0.0,3280.27,11719.73,11719.73,11719.73
1 1200.120.01.931.10 2025 (461),,,OINARRIZKO ORDAINKETAK,138084.57,138084.57,0.0,109703.61,28380.96,28380.96,28380.96
1 1200.120.01.931.20 2025 (469),,,OINARRIZKO ORDAINKETAK,68889.44,68889.44,0.0,42008.9,26880.54,26880.54,26880.54
1 1200.120.01.932.00 2025 (474),,,OINARRIZKO ORDAINKETAK,134855.22,134855.22,0.0,72356.42,62498.8,62498.8,62498.8
1 1200.120.01.934.00 2025 (480),,,OINARRIZKO ORDAINKETAK,66107.57,66107.57,0.0,53857.98,12249.59,12249.59,12249.59
1 1200.121.99.931.10 2025 (462),,,BESTE OSAGARRI BATZUK,209505.38,209505.38,0.0,148595.54,60909.84,60909.84,60909.84
1 1200.121.99.931.20 2025 (470),,,BESTE OSAGARRI BATZUK,100871.22,100871.22,0.0,44307.05,56564.17,56564.17,56564.17
1 1200.121.99.932.00 2025 (475),,,BESTE OSAGARRI BATZUK,175102.23,175102.23,0.0,51467.39,123634.84,123634.84,123634.84
1 1200.121.99.934.00 2025 (481),,,BESTE OSAGARRI BATZUK,97200.48,97200.48,0.0,74551.71,22648.77,22648.77,22648.77
1 1200.131.01.931.10 2025 (2889),,,BEHIN-BEHINEKO LAN-KONTRATUKO,0.0,0.0,0.0,-21371.24,21371.24,21371.24,21371.24
1 1200.160.01.931.10 2025 (463),,,GIZARTE SEGURANTZA,85381.9,85381.9,0.0,61882.64,23499.26,23499.26,23499.26
1 1200.160.01.931.20 2025 (471),,,GIZARTE SEGURANTZA,43897.17,43897.17,0.0,22249.08,21648.09,21648.09,21648.09
1 1200.160.01.932.00 2025 (476),,,GIZARTE SEGURANTZA,79589.89,79589.89,0.0,36561.55,43028.34,43028.34,43028.34
1 1200.160.01.934.00 2025 (482),,,GIZARTE SEGURANTZA,42870.8,42870.8,0.0,33893.27,8977.53,8977.53,8977.53
1 1200.160.04.931.10 2025 (464),,,ELKARKIDETZAREN KUOTAK,8823.05,8823.05,0.0,6582.35,2240.7,2240.7,2240.7
1 1200.160.04.931.20 2025 (472),,,ELKARKIDETZAREN KUOTAK,3303.72,3303.72,0.0,1747.2,1556.52,1556.52,1556.52
1 1200.160.04.932.00 2025 (477),,,ELKARKIDETZAREN KUOTAK,8506.43,8506.43,0.0,3409.31,5097.12,5097.12,5097.12
1 1200.160.04.934.00 2025 (483),,,ELKARKIDETZAREN KUOTAK,4312.55,4312.55,0.0,3276.31,1036.24,1036.24,1036.24
1 1200.227.07.931.10 2025 (465),,,AZTERK/LAN TEKNIK.AUDITORETZA,60000.0,60000.0,0.0,43876.75,16123.25,16123.25,0.0
1 1200.227.99.931.20 2025 (1835),,,KANPOKO BESTELAKO LANAK,20000.0,20000.0,0.0,18746.44,1253.56,1253.56,1253.56
1 1200.230.01.931.10 2025 (466),,,PERTSONAL ,400.0,400.0,0.0,400.0,0.0,0.0,0.0
1 1200.230.01.931.20 2025 (473),,,PERTSONAL.,400.0,400.0,0.0,400.0,0.0,0.0,0.0
1 1200.230.01.932.00 2025 (479),,,PERTSONAL.,600.0,600.0,0.0,461.13,138.87,138.87,138.87
1 1200.230.01.934.00 2025 (484),,,PERTSONAL.,120.0,120.0,0.0,120.0,0.0,0.0,0.0
1 1200.332.01.011.00 2025 (1),,,INTERESAK,50000.0,50000.0,0.0,14953.58,35046.42,35046.42,35046.42
1 1200.369.01.934.00 2025 (485),,,BESTELAKO FINANTZA GASTUAK,20000.0,20000.0,0.0,19297.01,702.99,702.99,702.99
1 1200.369.99.934.00 2025 (486),,,KONTRAKO DIFERENTZIAK KUTXAN,100.0,100.0,0.0,100.0,0.0,0.0,0.0
1 1200.860.01.931.10 2025 (467),,,EPE LABURRERA IPINITAKO ,100.0,100.0,0.0,100.0,0.0,0.0,0.0
1 1200.860.02.931.10 2025 (468),,,EPE LUZERA IPINITAKO FIDANTZAK,100.0,100.0,0.0,100.0,0.0,0.0,0.0
1 1200.933.01.011.00 2025 (2),,,TOKIK.SEKT.PUBL.KANPO,397961.54,397961.54,0.0,301086.54,96875.0,96875.0,96875.0
1 1200.933.02.011.00 2025 (3183),,,TOKIKO SEKTORE PUBLIKOTIK KANPO,0.0,3678125.0,0.0,3678125.0,0.0,0.0,0.0
